team_name,fifa_rank,fifa_points,wins_last_10_matches,losses_last_10_matches,draws_last_10_matches,win_rate_last_year,goals_scored_avg,goals_conceded_avg,clean_sheets_last_10,shots_per_game,shots_on_target_ratio,avg_player_rating,star_players_count,market_value_million_eur,experience_avg_caps,coach_experience_years,recent_form_score,possession_avg,passing_accuracy,host_advantage,travel_distance_avg,climate_similarity_score,confederation_CAF,confederation_CONMEBOL,confederation_UEFA,goal_efficiency,dominance_index,squad_value_per_star,form_vs_rank,value_density
Poland,-0.3204206064615354,0.11618987613075718,0.043901430637586634,0.33534061411703364,-0.5927903840112789,0.0008528875507596383,-0.6642735456222544,-0.6454237031615203,0.21367848136219245,-0.2590794983138751,-0.4136164218289634,-0.7380244779827042,0.5842826904080348,-1.0028439316720426,-0.9330108773432493,0.0026369909818874074,0.3471194255031679,-0.6975701972799255,-0.7246980451780197,-0.25929878350055285,-0.3200584241023784,0.09726558150509758,False,False,True,1.2184412733260155,534.49,64.0,0.3610910504971946,19200.0
Brazil,-1.0165331558022597,1.1643013553137007,0.9132366907878172,-0.7125988049986962,-0.5927903840112789,1.0365020563292842,1.5657053464123942,-0.9964900101355497,1.3472513267849648,2.0224142445014377,1.679793361234399,1.4300736606156668,1.3137242514667546,2.551623924725945,1.303829265461557,2.639627972869195,1.2062008396178652,0.49931196906705916,1.0316636803374457,-0.25929878350055285,-0.1363279854672587,0.7150427399707835,False,True,False,3.035479632063075,1059.84,234.8,1.0248718910136232,101198.8
Netherlands,-1.1557556656704044,0.7484160953045706,0.47856906071270194,-0.7125988049986962,0.13277924146152273,0.3968363932601953,0.710880104465779,-1.3241518966446437,0.21367848136219245,1.0693852126925099,1.2921248828893315,1.2558514887640109,0.5842826904080348,0.8750611994314693,0.9724455406015857,0.3542357885668618,0.7008588313151023,0.6659664479254991,1.197358182744565,-0.25929878350055285,0.34137115498405257,0.09726558150509758,False,False,True,2.9790660225442838,895.17,185.25,1.1998000333277787,63207.299999999996
Germany,-0.39003186139560786,0.036909648859227144,0.9132366907878172,-1.2365685145565612,0.13277924146152273,0.390744339326204,-0.12536198004721463,-0.22414413479268505,-0.3531079413491937,0.9827462098007888,1.0466015132707893,0.8493330877768175,0.5842826904080348,0.3020097367442121,0.4753699533116288,1.0574333837368104,1.155666638787589,0.8477713339528895,-0.09505893603096705,-0.25929878350055285,-0.3200584241023784,-0.3145858574720261,False,False,True,1.2832263978001832,897.0,148.25,0.47644256220222336,49337.6
Nigeria,0.3756919428791887,-1.218136660829068,-0.825433829512644,0.8593103236748986,0.13277924146152273,-0.7911141238681124,-0.9616040645602079,1.83544486612162,-0.3531079413491937,-1.7319425474731283,-0.6849843566705106,-1.5510612799570935,-1.604041992768125,-1.080283318521672,-1.3472405334182134,-1.5795575981504972,-1.3710434027262273,-1.0308791549968064,-1.437184405528632,-0.25929878350055285,0.5618476813461961,-0.795079202945338,True,False,False,0.48198883815322174,279.62,236.0,0.11071033177386522,16708.8
Austria,0.09724692314289907,-0.6242068226253994,-0.825433829512644,-0.1886290954408313,1.583918492407126,0.2506270988444041,-0.6271072307550106,0.5482017405501791,0.21367848136219245,-0.4612371717278905,-0.7366734871165196,-0.44765419156327957,-0.14515887065068514,-0.898300759425043,0.5582158845266216,0.8816339849443233,0.39765362633344403,-1.0308791549968064,-0.32703123940093254,-0.25929878350055285,-0.43029668728345016,-0.7264372964491506,False,False,True,0.7952146375791697,478.06,94.33333333333333,0.2749885421440773,21649.5
Peru,0.932581982351768,-1.1899182748510655,-1.2601014595877593,0.33534061411703364,1.583918492407126,-0.480419373234555,-1.4261830004007596,1.2035255135683673,-1.486680786771966,-1.5875442093202603,-0.15517076959891912,-1.3381230699161806,-0.874600431709405,-0.8711969740276727,-1.512932395848199,-1.5795575981504972,-0.8151671935931876,-0.7733222331246713,-1.1057954007143935,-0.25929878350055285,-0.3200584241023784,0.7150427399707835,False,True,False,0.411522633744856,313.56,145.0,0.11666342601594401,20851.0
Argentina,-1.4342006854066942,1.75688746085175,1.3479043208629324,-0.7125988049986962,-1.3183600094840806,0.9755815169893716,1.5657053464123942,-0.8560634873459382,1.3472513267849648,1.531459894781687,1.679793361234399,0.8299750686821875,2.0431658125254746,2.284458040094724,1.800904852751514,0.7058345861518361,0.8524614338059312,1.832547799934585,2.1915251971872802,-0.25929878350055285,-0.9079958277347617,0.3031913009936598,False,True,False,2.813641900121803,1120.0,184.16666666666666,3.7481259370314843,91825.5
Mexico,-0.5988656261978251,-0.7229711735484079,0.47856906071270194,-0.1886290954408313,-0.5927903840112789,-0.05397559785516232,-0.1811114523480805,-0.5049971803719088,0.7804649040735786,0.46291219245046455,-0.06471479131840337,0.2685925149379683,0.5842826904080348,-0.6311348747938217,-0.8501649461282564,-0.8763600029805485,0.195516823012339,0.45386074756021105,0.26946896926469577,3.856554922857429,-1.8266480209103604,0.8523265529631584,False,False,False,1.4109165808444903,757.62,88.0,0.4428255124633955,28230.4
Brazil,-1.0165331558022597,1.2717999685632333,0.9132366907878172,-1.2365685145565612,0.13277924146152273,1.5847869103885037,1.026793780837354,-0.8326590668810029,0.21367848136219245,1.3870615566288191,0.7106221653717308,1.3139255460478951,2.0431658125254746,2.1102194196830575,0.22683215966665032,2.288029175284221,0.7513930321453784,1.1962306988387197,1.0316636803374457,-0.25929878350055285,0.30462506725702876,0.3718332074898472,False,True,False,2.430806257521059,1016.5999999999999,176.66666666666666,0.9123859517560305,90736.0
Germany,-0.3204206064615354,0.7269163726546638,0.9132366907878172,-1.2365685145565612,0.13277924146152273,0.42120460899616063,0.6179643172976685,-0.5752104417667147,1.3472513267849648,0.8672275392784944,0.012818904350610128,1.3139255460478951,-0.14515887065068514,0.1819786871272866,0.22683215966665032,-0.5247612053955741,0.3471194255031679,1.4386372135419065,0.7168441257639182,-0.25929878350055285,0.08414854089488487,0.9896103659555332,False,False,True,1.9128586609989375,933.28,187.33333333333334,0.3610910504971946,48107.2
Japan,-0.11158684165931819,0.32312470663610726,-0.39076619943752866,0.33534061411703364,0.13277924146152273,-0.6449048294523209,-0.5899409158877664,0.19713543357615,0.21367848136219245,-0.7211541804030529,-0.1293262043759146,-0.19599994333311216,-1.604041992768125,-0.03872356539415707,-0.35308935883829945,0.530035187359349,0.14498262218206243,-0.1218547248598567,-0.32703123940093254,-0.25929878350055285,0.8925624708894118,-0.5891534834567758,False,False,False,0.9047993705743509,495.66999999999996,505.0,0.29046235893528877,39289.0
Brazil,-1.0165331558022597,1.8576674107731868,1.7825719509380478,-1.2365685145565612,-1.3183600094840806,1.2070795664810414,1.3241242997753075,-1.6986226240836084,1.3472513267849648,1.3293022213676722,1.4084254263928517,1.1977774314801264,1.3137242514667546,2.3812572736567605,1.5523670591065355,1.2332327825292977,1.8631454504114577,1.1810802916697716,1.495608287077379,-0.25929878350055285,0.010656365440836913,0.028623675008910172,False,True,False,4.72885032537961,1002.96,226.0,1.1873515810523685,96050.0
Spain,-1.086144410736332,1.0245531580893086,1.7825719509380478,-1.760538224114426,-0.5927903840112789,1.420301454170738,1.2126253551735748,-0.7156369645563263,1.3472513267849648,1.2715428861065252,0.5167879261991971,0.8493330877768175,0.5842826904080348,0.8711892300889879,0.8895996093865929,1.584831580114272,1.2062008396178652,0.8174705196149907,1.0482331305781567,-0.25929878350055285,0.047402453167861056,0.4404751139860346,False,False,True,2.406356413166856,951.1800000000001,185.0,1.1712612483930867,61568.0
Sweden,-0.3204206064615354,-0.08940122170897497,-0.825433829512644,-0.1886290954408313,1.583918492407126,-0.2184610540729282,-0.5527746010205222,-0.3177618166524263,-0.9198943640605799,-0.7500338480336264,-0.40069413921746116,-1.3768391081054379,-0.14515887065068514,-0.9796121156171538,0.06114029723666467,-0.7005606041880613,-0.6635645911023587,-1.0157287478278572,0.3191773199868311,-0.25929878350055285,-0.24656624864833046,-0.04001823148727724,False,False,True,1.1132254995242625,433.92,87.33333333333333,0.24998611188267317,18785.4
Morocco,0.5149144527473336,-0.3171639085314214,-0.825433829512644,0.8593103236748986,0.13277924146152273,0.10441780442861223,-0.06961250774634838,0.6418194224099204,-0.3531079413491937,-0.8944321861864943,-0.025947943483896622,0.3460245913164799,-0.14515887065068514,-0.3600970208201189,-1.015856808558242,-1.2279588005655229,0.2965852246728918,0.3175070830396688,0.3357467702275444,-0.25929878350055285,0.9293085586164356,-1.9619916133805229,True,False,False,0.9787816563997263,491.4,140.66666666666666,0.21332622245925137,34013.2
Germany,-0.39003186139560786,0.061096836840371385,0.9132366907878172,-0.1886290954408313,-1.3183600094840806,0.8598324922435363,0.4507159003950697,-0.41137949851216754,0.21367848136219245,1.1271445479536573,0.19373086091164163,0.19116043855945397,-0.14515887065068514,0.28652185937428626,0.6410618157416145,1.2332327825292977,-0.10768838196931922,0.46901115472916044,0.7168441257639182,-0.25929878350055285,-0.1363279854672587,0.165907488001285,False,False,True,1.6913946587537094,885.5000000000001,196.33333333333334,0.3293923886830186,47002.2
Australia,0.7933594724836233,0.31506231064239204,-0.825433829512644,0.8593103236748986,0.13277924146152273,0.0983257504946209,0.09763590915625042,-0.5049971803719088,-0.3531079413491937,0.37627318955874356,-0.14224848698741688,0.19116043855945397,-0.14515887065068514,-0.6814704762460807,0.4753699533116288,-1.2279588005655229,-0.8151671935931876,0.5447631905739062,-0.4430173910859165,-0.25929878350055285,2.4358981554244172,-0.3832277639682135,False,False,False,1.565396498455201,749.25,113.0,0.12352577865356902,27052.2
Qatar,0.6541369626154784,-1.3390726007347922,-1.6947690896628744,1.9072497427906285,0.13277924146152273,-1.6257255128249237,-0.3855261841179235,1.8588492865865553,-0.3531079413491937,-1.6453035445814075,-1.0726528350155782,-1.6284933563356052,-0.14515887065068514,-1.18095452142619,-1.6786242582781847,-0.5247612053955741,-0.9667697960840167,-0.7278710116178232,-0.7081285949373063,-0.25929878350055285,2.1786755413352497,0.028623675008910172,False,False,False,0.6360424028268552,306.15000000000003,70.0,0.12187119152526484,14784.000000000002
Brazil,-1.4342006854066942,0.9405698664881111,0.47856906071270194,-1.2365685145565612,0.8583488669343243,1.4994981553126252,2.216115856589167,-0.5986148622316497,0.21367848136219245,2.166812582654306,2.2742183613635025,1.8365920616028601,1.3137242514667546,2.086987603628169,1.7180589215365212,1.584831580114272,1.4588718437692467,1.3022835490213645,0.8162608272081887,-0.25929878350055285,-0.39355059955642635,-0.3145858574720261,False,True,False,2.857142857142857,1191.85,210.8,4.3478260869565215,93068.2
Qatar,0.932581982351768,-0.7330491685405516,-0.825433829512644,0.33534061411703364,0.8583488669343243,-0.480419373234555,-1.2403514260645387,0.7120326838047263,-1.486680786771966,-1.4720255387979662,-0.21978218265643037,-1.6865674136194924,-1.604041992768125,-1.188698460111153,-0.1873974964083138,-0.7005606041880613,-0.30982518529042424,-0.40971246106989057,-0.6915591446965954,-0.25929878350055285,0.5251015936191723,-1.618782080899586,False,False,False,0.5365526492287056,349.32,208.0,0.1444404322102164,14580.8
Ecuador,-0.11158684165931819,0.3439525629532036,0.47856906071270194,-0.1886290954408313,-0.5927903840112789,-0.6022604519143816,-0.44127565641878974,-0.622019282696585,0.7804649040735786,-0.2590794983138751,-0.38777185660595886,-0.13792588604922779,-0.874600431709405,0.10453930027765725,0.30967809088164316,0.1784363897743746,-0.46142778778125315,0.3175070830396688,-0.757836945659444,-0.25929878350055285,0.19438680407595665,1.1268941789479079,False,True,False,1.3355048859934853,610.2,271.0,0.23332222275129755,42330.2
Croatia,-1.1557556656704044,0.04698764385137083,0.47856906071270194,-0.7125988049986962,0.13277924146152273,0.23235093704243012,-0.08819566517997046,-0.8326590668810029,-0.3531079413491937,0.636190198233906,1.3696585785583448,0.539604782262763,0.5842826904080348,0.33685746082654533,1.1381374030315714,1.2332327825292977,-0.05715418113904263,-0.22790757504250128,-0.17790618723452667,-0.25929878350055285,-0.650773213645594,0.4404751139860346,False,False,True,1.7087845968712394,725.76,150.5,0.9498416930511581,49123.2
England,-1.4342006854066942,2.0760239689363,0.47856906071270194,-1.760538224114426,1.583918492407126,1.0425941102632754,1.08254325313822,-1.4645784194342555,1.914037749496351,0.9249868745396418,1.6668710786228966,1.643011870656577,2.0431658125254746,0.9370127089111728,2.2979804400414707,-0.17316240781059977,1.3072692412784184,2.1052551289756694,1.9926917942987368,-0.25929878350055285,0.6720859445272682,-0.795079202945338,False,False,True,3.6541889483065946,1013.3199999999999,126.16666666666667,4.197901049475263,66086.09999999999
Ivory Coast,1.9071395514287819,-0.7182681092187405,-1.6947690896628744,0.8593103236748986,1.583918492407126,-0.7241015305942078,-0.45985881385241184,1.4843785591475909,-0.9198943640605799,-1.269867865383951,-0.8917408784545466,-1.1832589171591548,-0.14515887065068514,-1.1577227053713013,-1.7614701894931775,-1.0521594017730356,-0.9667697960840167,-1.1217815980105017,-1.3543371543250724,-0.25929878350055285,0.7455781199813158,-0.9323630159377124,True,False,False,0.6699615595826469,347.09999999999997,72.0,0.07799844003119938,15703.2
Italy,-0.9469219008681872,1.1320517713388412,0.043901430637586634,-0.7125988049986962,0.8583488669343243,0.4029284471941867,0.729463261899401,-0.9028723282758085,0.7804649040735786,0.11635618088358118,-0.06471479131840337,0.24923449584333834,0.5842826904080348,0.8285975673216918,0.06114029723666467,0.3542357885668618,0.9029956346362074,0.45386074756021105,0.6671357750417829,-0.25929878350055285,0.6720859445272682,0.23454939449747242,False,False,True,2.3220973782771535,691.74,182.25,0.8443506277080325,58392.899999999994
Argentina,-1.4342006854066942,1.0816617963781228,0.47856906071270194,-1.2365685145565612,0.8583488669343243,1.4446696699067032,1.2869579849080632,-0.5752104417667147,0.21367848136219245,1.3870615566288191,1.7056379264574033,0.8686911068714447,0.5842826904080348,1.6494550679277629,1.9665967151814996,2.1122297764917333,1.3578034421086944,0.7720192981081436,0.6339968745603586,-0.25929878350055285,0.15764071634893284,-0.17730204447965206,False,True,False,2.295430393198725,969.0,235.25,4.2478760619690155,78385.3
Argentina,-1.2949781755385492,1.3658612551565745,1.7825719509380478,-1.2365685145565612,-1.3183600094840806,0.8659245461775277,0.8967116788019994,-1.6518137831537378,1.3472513267849648,2.080173579762585,1.3567362959468425,1.5268637560888083,0.5842826904080348,2.3967451510266864,0.6410618157416145,0.0026369909818874074,1.2062008396178652,0.6811168550944485,0.9322469788931727,-0.25929878350055285,-0.2833123363753546,1.1268941789479079,False,True,False,4.054054054054054,1094.1599999999999,283.5,2.0494876280929764,98317.8
Turkey,1.2110270020880578,-0.9352809347162343,-0.39076619943752866,0.8593103236748986,-0.5927903840112789,-0.9616916340198697,-1.0916861665955622,1.3907608772878497,-0.9198943640605799,-0.9521915214476413,-0.6203729436129993,-1.1251848598752703,-0.14515887065068514,-0.956380299562265,-1.512932395848199,-0.7005606041880613,-1.168906599405122,-0.8793750833073148,-1.022948149510834,-0.25929878350055285,-0.2833123363753546,0.9209684594593458,False,False,True,0.4941044357102751,410.29,89.33333333333333,0.08749781255468614,19564.0
Serbia,0.8629707274176956,0.2646723356816736,0.043901430637586634,0.33534061411703364,-0.5927903840112789,-0.7058253687922338,0.04188643685538416,0.7354371042696616,-0.3531079413491937,-0.3457185012055961,0.5684770566452061,0.24923449584333834,-0.14515887065068514,0.10841126962013871,-0.6016271524832779,-0.8763600029805485,0.3471194255031679,0.15085260418122778,-0.22761453795666198,-0.25929878350055285,0.4883555058921485,-0.5891534834567758,False,False,True,0.9926715522984677,581.9,181.0,0.18570897974343592,43494.299999999996
Qatar,1.6983057866265647,-1.4069311003485592,-0.825433829512644,0.33534061411703364,0.8583488669343243,-0.7789300160001298,-1.6677640470378465,1.2269299340333026,-0.3531079413491937,-1.0965898596005093,-0.9951191393465646,-1.6284933563356052,-0.874600431709405,-0.9021727287675244,-1.512932395848199,-0.5247612053955741,-0.9667697960840167,-1.5005417772342307,-1.7022956093800217,-0.25929878350055285,0.6353398568002444,-2.0306335198767105,False,False,False,0.3331385154880187,352.8,141.0,0.08297695793706517,19852.800000000003
Nigeria,0.6541369626154784,-0.6168162929644946,-0.39076619943752866,0.8593103236748986,-0.5927903840112789,-0.5291558047064856,-0.3297767118170572,0.5247973200852438,-0.3531079413491937,-1.7030628798425547,-0.6203729436129993,-0.9316046689289873,-1.604041992768125,-1.122874981288968,-1.1815486709882277,-0.8763600029805485,-1.5731802060473326,-1.561143405910027,-0.5092951920487652,-0.25929878350055285,0.9660546463434594,-1.2755725484186495,True,False,False,0.9142452161587528,262.08,225.0,0.0843723633636449,16650.0
South Korea,-0.25080935152746303,-0.39308480413890357,0.47856906071270194,-0.1886290954408313,-0.5927903840112789,-0.16363256866700623,-0.47844197128603394,0.31415753590082657,0.21367848136219245,-0.08580149253043372,-0.3748495739944566,-0.40893815337402245,-0.14515887065068514,-0.3949447449024521,-0.4359352900532923,0.0026369909818874074,0.04391422052151012,-0.8490742689694172,0.020927215654016892,-0.25929878350055285,1.0762929095245315,-1.6874239873957735,False,False,False,0.9159727479182438,550.97,137.66666666666666,0.3105099731593074,31677.100000000002
China,0.7237482175495508,-0.7216274408827884,-1.6947690896628744,0.33534061411703364,2.3094881178799276,-0.8154823396040778,-1.7420966767723347,1.3673564568229144,-0.9198943640605799,-1.0677101919699357,-0.5945283783899948,-1.570419299051721,-1.604041992768125,-1.1422348280013754,-1.5957783270631918,-0.34896180660308695,-0.5624961894418059,-1.0460295621657558,-1.039517599751545,-0.25929878350055285,1.2600233481596512,-0.17730204447965206,False,False,False,0.2992659514398645,382.5,220.0,0.14241992666888884,15554.0
Uruguay,-0.5292543712637527,0.36478041927030147,0.9132366907878172,-0.7125988049986962,-0.5927903840112789,0.5369536337419959,0.20913485375798296,-0.7858502259511322,0.21367848136219245,1.3004225537370981,-0.025947943483896622,0.8299750686821875,0.5842826904080348,-0.09680310553137908,-0.1873974964083138,1.584831580114272,0.953529835466484,0.7871697052770931,1.3299137846702598,-0.25929878350055285,0.047402453167861056,-0.2459439509758387,False,True,False,1.8566392479435958,953.5699999999999,122.5,0.5132991133924405,40719.0
Morocco,0.16685817807697148,0.32043724130486834,-0.39076619943752866,0.33534061411703364,0.13277924146152273,-0.5778922361784162,-0.5527746010205222,-0.622019282696585,0.7804649040735786,-0.7500338480336264,0.5038656435876949,0.24923449584333834,0.5842826904080348,-0.7627818324381915,0.14398622845165748,-0.5247612053955741,-0.36035938612070084,0.19630382568807592,0.2860384195054091,-0.25929878350055285,0.855816383162388,-2.167917332869085,True,False,False,1.270358306188925,510.72,79.5,0.20399184032638693,25471.8
Jamaica,0.7933594724836233,-1.2665110367913566,-1.2601014595877593,1.3832800332327635,0.13277924146152273,-1.0530724430297396,-1.7420966767723347,2.1631067526307137,-0.9198943640605799,-1.5297848740591131,-1.0597305524040759,-1.1445428789698975,-1.604041992768125,-0.9679962075897094,-1.015856808558242,-0.7005606041880613,-1.5226460052170563,-1.4853913700652812,-0.22761453795666198,-0.25929878350055285,-2.01037845954548,1.6760294309174064,False,False,False,0.25106584557081957,290.49,265.0,0.08235051910237934,19318.5
Serbia,0.7933594724836233,-0.4300374524434304,0.47856906071270194,0.33534061411703364,-1.3183600094840806,-0.480419373234555,-0.6271072307550106,-0.8326590668810029,-0.3531079413491937,0.2896341866670226,-0.025947943483896622,-0.5250862679417939,0.5842826904080348,-0.49948791714945173,-0.9330108773432493,-0.34896180660308695,-0.2592909844601481,-0.3794116467319929,-0.757836945659444,-0.25929878350055285,-0.5037888627374981,0.7836846464669709,False,False,True,1.3598074608904933,652.0799999999999,96.5,0.15587776830093233,29374.6
Wales,1.2806382570221302,-1.0253110233127185,-1.6947690896628744,1.3832800332327635,0.8583488669343243,-1.7110142679008025,-0.7386061753567428,1.5779962410073323,-1.486680786771966,-0.9810711890782148,-1.4990881611951516,-1.4349131653893221,-0.14515887065068514,-1.2041863374810788,-0.6844730836982708,-0.8763600029805485,-1.6237144068776088,-0.8187734546315184,-1.685726159139311,-0.25929878350055285,-0.39355059955642635,0.5091170204822221,False,False,True,0.5749596990865127,409.20000000000005,68.0,0.0634130874856711,14565.6
Senegal,0.7933594724836233,0.2640004693488646,0.043901430637586634,-0.1886290954408313,0.13277924146152273,0.16533834376852552,0.22771801119160504,-0.692232544091391,0.21367848136219245,-0.08580149253043372,-0.2714713131024394,0.2685925149379683,0.5842826904080348,-0.3020174806828969,-0.1873974964083138,0.3542357885668618,0.3471194255031679,-0.44001327540778934,0.3523162204682554,-0.25929878350055285,0.4883555058921485,-0.795079202945338,True,False,False,1.7845117845117846,583.1,109.25,0.19117084791623776,35047.4
Canada,1.8375282964947095,-0.6846747925782615,-1.6947690896628744,0.8593103236748986,1.583918492407126,-1.2053737913795224,-0.45985881385241184,1.905658127516426,-1.486680786771966,-1.0965898596005093,-1.0338859871810713,-0.699308439793447,-0.874600431709405,-0.7782697098081174,-1.3472405334182134,-0.17316240781059977,-0.410893586950977,-0.5460661255904339,-0.9732397987886985,3.856554922857429,-2.2676010736346477,1.1955360854440955,False,False,False,0.6096951524237881,405.71999999999997,157.0,0.10203873390338973,23612.8
France,-1.5038119403407666,1.5553275610088761,1.7825719509380478,-0.7125988049986962,-1.3183600094840806,0.8050040068376144,0.8781285213683774,-0.5752104417667147,1.3472513267849648,1.5603395624122611,1.524725969896372,1.7204439470350914,2.0431658125254746,1.8275656576819104,1.5523670591065355,1.9364303776992462,0.6503246304848257,0.8023201124460424,0.7665524764860535,-0.25929878350055285,0.12089462862190901,-0.5205115769605884,False,False,True,2.06163655685441,1006.7200000000001,164.5,7.092907092907093,86559.90000000001
Germany,-1.2253669206044768,0.8196339265823869,1.3479043208629324,-0.1886290954408313,-1.3183600094840806,0.6770708742237964,0.8595453639347552,-0.060313191538138404,-0.3531079413491937,0.636190198233906,0.1678862956886371,0.7719010113983031,1.3137242514667546,0.6698468242799516,0.6410618157416145,-0.8763600029805485,0.5997904296545495,0.8023201124460424,1.081372031059581,-0.25929878350055285,-0.6140271259185699,-0.8637211094415254,False,False,True,1.662360034453058,823.6800000000001,137.6,1.3997200559888021,56966.4
Belgium,-1.086144410736332,0.040940846856084005,1.3479043208629324,-0.1886290954408313,-1.3183600094840806,0.18970655950449083,0.02330327942176207,-0.9262767487407438,0.7804649040735786,1.2715428861065252,-0.05179250870690112,1.3332835651425252,1.3137242514667546,0.557559713347989,0.7239077469566073,1.4090321813217848,1.3072692412784184,1.0901778486560763,1.0648025808188677,-0.25929878350055285,0.30462506725702876,0.3031913009936598,False,False,True,1.871049304677623,981.0600000000001,131.8,1.1998285959148693,56476.3
France,-1.3645894304726216,2.2802713341104113,0.47856906071270194,-1.2365685145565612,0.8583488669343243,0.8476483843755537,1.714370605881371,-0.43478391897710283,0.7804649040735786,1.502580227151113,2.1320732526369777,0.8493330877768175,0.5842826904080348,2.1334512357379465,1.7180589215365212,2.288029175284221,0.7513930321453784,1.3022835490213645,1.8767056426137527,-0.25929878350055285,-0.6875193013726179,-0.04001823148727724,False,False,True,2.387612387612388,1052.6999999999998,266.5,2.4325224925024993,88691.2
Portugal,-0.39003186139560786,0.04026898052327504,0.043901430637586634,-0.1886290954408313,0.13277924146152273,0.9329371394514323,-0.0324461928791042,-0.9262767487407438,-0.3531079413491937,0.7228292011256264,0.8269227088752511,1.0429132787231006,-0.14515887065068514,1.118995268007802,0.5582158845266216,1.0574333837368104,0.195516823012339,-0.24305798221145064,-0.16133673699381332,-0.25929878350055285,0.5251015936191723,0.09726558150509758,False,False,True,1.8331226295828065,739.41,268.0,0.36468443032762776,67696.8
Argentina,-1.2949781755385492,0.8982422875211065,0.47856906071270194,-1.760538224114426,1.583918492407126,1.3776570766327987,1.7887032356158592,-0.622019282696585,0.21367848136219245,1.8491362387179968,1.1758243393858119,1.1397033741962421,-0.14515887065068514,2.1334512357379465,1.5523670591065355,0.0026369909818874074,1.3072692412784184,1.0598770343181776,1.8269972918916175,-0.25929878350055285,-0.24656624864833046,0.165907488001285,False,True,False,2.6384364820846904,1095.54,355.3333333333333,2.0994751312171958,90290.2
Netherlands,-0.9469219008681872,0.8975704211882974,0.9132366907878172,-0.7125988049986962,-0.5927903840112789,1.0913305417352062,1.2869579849080632,-0.7156369645563263,-0.3531079413491937,1.358181888998245,0.9690678176017758,0.1330863812755696,-0.14515887065068514,0.7550301498145439,1.4695211278915428,-0.5247612053955741,0.5997904296545495,0.13570219701227842,0.17005226782042515,-0.25929878350055285,-0.5037888627374981,0.5777589269784095,False,False,True,2.4517593643586832,892.3199999999998,236.66666666666666,0.7776913676258194,56445.0
Poland,0.3756919428791887,-0.2949923195487056,0.47856906071270194,-0.1886290954408313,-0.5927903840112789,-0.516971696838503,-0.3483598692506793,0.33756195636576186,-0.3531079413491937,0.5206715277116115,0.46509879575318813,-0.3121480579008809,-0.874600431709405,-0.766653801780673,0.14398622845165748,0.1784363897743746,-0.0066199803087664795,-0.07640350335300965,0.43516347167181496,-0.25929878350055285,-0.35680451182940254,-0.7264372964491506,False,False,True,0.9616829451540195,719.6,158.5,0.20713545944787684,24472.4
Croatia,-0.9469219008681872,0.8357587185698159,0.47856906071270194,-0.1886290954408313,-0.5927903840112789,0.4516648786661173,0.9524611511028657,-0.6688281236264557,0.21367848136219245,1.3293022213676722,-0.10348163915291012,1.2558514887640109,-0.14515887065068514,1.0647876972130612,0.39252402209663595,1.2332327825292977,0.5492562288242734,0.7871697052770931,0.3854551209496797,-0.25929878350055285,0.2311328918029808,0.165907488001285,False,False,True,2.197558268590455,959.2800000000001,263.3333333333333,0.7665814909454506,67387.0
Uruguay,-0.7380881360659699,0.24384447936457723,0.9132366907878172,-0.1886290954408313,-1.3183600094840806,0.5308615798080045,0.22771801119160504,-0.060313191538138404,1.3472513267849648,0.8383478716479209,0.9819901002132781,0.24923449584333834,1.3137242514667546,1.2390263176247274,1.303829265461557,1.584831580114272,1.1051324379573129,-0.06125309618406027,1.0316636803374457,-0.25929878350055285,-0.9079958277347617,1.0582522724517205,False,True,False,1.369509043927649,777.65,167.0,0.666611115740355,66883.5
Germany,-1.1557556656704044,0.7134790459984722,1.3479043208629324,-1.2365685145565612,-0.5927903840112789,0.31763969211830806,0.302050640926093,-1.347556317109579,-0.3531079413491937,1.3293022213676722,0.28418683919215737,0.8880491259660747,0.5842826904080348,0.913780892856284,0.06114029723666467,-0.34896180660308695,0.9029956346362074,-0.16730594636670484,0.981955329615308,-0.25929878350055285,-0.650773213645594,0.165907488001285,False,False,True,2.6677577741407528,853.4399999999999,187.75,1.2664555907348773,62633.4
Netherlands,-1.1557556656704044,1.1441453653294134,0.9132366907878172,-1.2365685145565612,0.13277924146152273,0.31763969211830806,1.0082106234037316,-1.347556317109579,0.7804649040735786,1.1271445479536573,0.33587596963816635,1.1397033741962421,1.3137242514667546,0.8053657512668029,-0.10455156519332098,1.4090321813217848,0.5492562288242734,1.423486806372957,1.213927632985276,-0.25929878350055285,0.010656365440836913,0.7150427399707835,False,False,True,3.2896890343698852,986.9300000000001,144.6,1.1498083652724547,61238.1
Algeria,0.5149144527473336,-0.45489650675738513,-0.39076619943752866,1.9072497427906285,-1.3183600094840806,-0.8337585014060518,-0.44127565641878974,2.046084650306038,-0.9198943640605799,-0.692274512772479,-1.1631088132960938,-1.2800490126322963,-0.874600431709405,-0.5962871507114884,-0.6844730836982708,-1.40375819935801,-1.5731802060473326,-1.758098699106367,-1.2383510026400883,-0.25929878350055285,1.2600233481596512,-1.4128563614110239,True,False,False,0.5967976710334789,394.94,180.5,0.08999700009999667,26064.2
Sweden,0.6541369626154784,-0.8338291184619884,0.043901430637586634,-0.1886290954408313,0.13277924146152273,0.19579861343848215,-0.05102935031272628,-0.692232544091391,-0.9198943640605799,0.40515285718931704,0.5684770566452061,-0.6799504206988198,0.5842826904080348,-0.46851216240960003,0.06114029723666467,-0.17316240781059977,-0.7140987919326348,0.09025097550543136,-0.6915591446965954,-0.25929878350055285,-0.026089722286186903,-0.8637211094415254,False,False,True,1.6161616161616161,714.0,98.5,0.13749570325927316,29668.199999999997
Serbia,-0.25080935152746303,-0.37427254682023564,-0.39076619943752866,0.8593103236748986,-0.5927903840112789,-0.14535640686503226,-0.08819566517997046,-0.43478391897710283,-0.9198943640605799,0.17411551614472867,0.5426324914222016,0.3073085531272255,0.5842826904080348,-0.46851216240960003,-0.35308935883829945,-1.2279588005655229,-0.7646329927629114,-0.09155391052195902,-0.22761453795666198,-0.25929878350055285,-0.4670427750104743,-0.3145858574720261,False,False,True,1.4185814185814187,656.64,98.5,0.22630387874322402,31677.600000000002
Spain,-1.5038119403407666,0.9499759951474444,0.47856906071270194,-1.2365685145565612,0.8583488669343243,1.7980087980781996,1.2869579849080632,-1.3943651580394498,0.7804649040735786,1.7047379005651289,1.9123944482414394,1.0816293169123576,2.0431658125254746,2.013420186121021,0.8067536781716,1.4090321813217848,0.801927232975655,2.241608793496213,1.6613027894844983,-0.25929878350055285,0.15764071634893284,-0.3832277639682135,False,False,True,3.654822335025381,1207.2700000000002,172.5,7.392607392607394,87354.0
Ghana,0.7933594724836233,-0.8445789797869411,-0.39076619943752866,1.9072497427906285,-1.3183600094840806,-0.7058253687922338,-1.1288524814628065,1.5311874000774617,-1.486680786771966,-1.5586645416896867,-1.1760310959075955,-0.718666458888077,-0.14515887065068514,-0.766653801780673,-0.8501649461282564,-1.2279588005655229,-1.5226460052170563,-0.31881001805619646,-1.5531705572136159,-0.25929878350055285,1.1497850849785791,-1.0010049224339,True,False,False,0.46713742531233027,338.64,105.66666666666667,0.08235051910237934,23806.699999999997
Spain,-1.1557556656704044,1.3114400821989975,1.7825719509380478,-1.760538224114426,-0.5927903840112789,1.5847869103885037,0.9896274659701099,-0.8794679078108733,2.480824172207737,1.2426632184759512,0.7623112958177399,1.9527401761706316,0.5842826904080348,2.3967451510266864,2.2979804400414707,0.3542357885668618,1.1051324379573129,1.1962306988387197,0.7002746755232072,-0.25929878350055285,0.5251015936191723,0.165907488001285,False,False,True,2.4660912453760786,986.6999999999999,283.5,1.3331111481419762,100812.6
Uruguay,-0.8773106459341148,0.7390099666452374,0.9132366907878172,-0.1886290954408313,-1.3183600094840806,1.1278828653391542,0.19055169632436086,-0.5049971803719088,1.3472513267849648,1.1560242155842302,0.11619716524262813,1.0816293169123576,0.5842826904080348,0.027099913428027884,0.7239077469566073,1.4090321813217848,1.3072692412784184,0.044799753998584296,0.6174274243196476,-0.25929878350055285,-0.7610114768266658,1.1955360854440955,False,True,False,1.6168898043254378,845.64,130.5,0.8399160083991601,44056.8
Honduras,0.44530319781326116,-1.604459802194576,-1.6947690896628744,1.3832800332327635,0.8583488669343243,-0.47432731930056365,-1.4075998429671375,1.5779962410073323,-0.3531079413491937,-0.9521915214476413,-0.8788185958430443,-1.1639008980645276,-0.14515887065068514,-0.9021727287675244,-1.015856808558242,0.0026369909818874074,-1.7753170093684378,-1.5459929987410777,-1.2880593533622238,-0.25929878350055285,-1.6429175822752407,1.470103711428845,False,False,False,0.3815153143471252,371.13000000000005,94.0,0.07930761008241094,20529.6
Poland,-0.041975586725245775,0.027503520199892422,-0.825433829512644,0.8593103236748986,0.13277924146152273,0.22016682917444746,0.04188643685538416,-0.17733529386281444,0.21367848136219245,0.3185138542975966,-0.6074506610014971,-1.0283947644021287,-0.874600431709405,0.12002717764758311,-0.35308935883829945,-0.5247612053955741,0.4987220279939968,-0.9854279334899594,-0.2773228886787973,-0.25929878350055285,0.5985937690732199,-0.3832277639682135,False,False,True,1.341134113411341,603.82,273.0,0.30907686014272073,40131.0
Morocco,0.8629707274176956,-0.047073642741970255,-0.39076619943752866,-0.1886290954408313,0.8583488669343243,0.049589319022690266,0.2648843260588492,-0.15393087339787911,0.21367848136219245,-0.17244049542215467,-0.40069413921746116,-0.21535796242773936,0.5842826904080348,-0.9912280236445982,-0.021705633978328157,-0.7005606041880613,0.14498262218206243,-0.7127206044488739,0.5842885238382233,-0.25929878350055285,0.12089462862190901,-1.0010049224339,True,False,False,1.4362176628010705,547.52,64.75,0.17428073483614753,20124.3
Ecuador,-0.041975586725245775,-0.05110484073882865,-0.39076619943752866,-0.1886290954408313,0.8583488669343243,0.2810873685143601,0.2648843260588492,0.36096637683069716,0.21367848136219245,0.4340325248198905,0.14204173046563262,-0.021777771481456296,0.5842826904080348,0.06581960685284256,0.06114029723666467,-0.5247612053955741,0.09444842135178627,-0.09155391052195902,-0.757836945659444,-0.25929878350055285,-0.24656624864833046,0.23454939449747242,False,True,False,1.2005965697240866,702.81,133.0,0.27271487659651833,41868.4
Turkey,1.7679170415606371,-0.9708898503551416,-1.6947690896628744,1.3832800332327635,0.8583488669343243,-0.9555995800858783,-0.6642735456222544,2.2099155935605843,-0.3531079413491937,-0.634515177511332,-0.5816060957784926,-0.6218763634149355,-0.14515887065068514,-0.6156469974238958,-1.8443161207081704,-0.34896180660308695,-1.4215776035565035,-0.8187734546315184,-0.8075452963815793,-0.25929878350055285,0.12089462862190901,0.165907488001285,False,False,True,0.5208822149225717,465.0,118.66666666666667,0.06249869794379284,26913.6
Iran,0.7237482175495508,-1.6346937871710072,-0.825433829512644,1.9072497427906285,-1.3183600094840806,-0.9677836879538609,-0.6642735456222544,1.2035255135683673,-1.486680786771966,-0.547876174619611,-1.0209637045695692,-1.047752783496756,-1.604041992768125,-0.6543666908487105,-0.9330108773432493,-0.8763600029805485,-1.2194408002353982,-0.924826304814163,-0.8406841968630037,-0.25929878350055285,2.031691190427154,-0.10866013798346465,False,False,False,0.652557319223986,471.74,346.0,0.10302718099451533,25396.4
Germany,-0.8076993910000424,0.46824783452297575,1.3479043208629324,-0.1886290954408313,-1.3183600094840806,1.1156987574711714,0.22771801119160504,-0.060313191538138404,0.7804649040735786,0.23187485140587563,0.5167879261991971,0.3073085531272255,0.5842826904080348,0.499480173210767,1.0552914718165787,-0.17316240781059977,0.2965852246728918,0.27205586153282174,0.7002746755232072,-0.25929878350055285,-0.3200584241023784,0.23454939449747242,False,False,True,1.369509043927649,698.1,161.0,0.5817652940641761,51777.600000000006
Brazil,-1.086144410736332,2.0908050282581097,1.3479043208629324,-1.760538224114426,0.13277924146152273,1.6578915575963997,0.822379049067511,-1.0432988510654204,0.7804649040735786,2.1090532473931587,1.1887466219973142,0.9267651641553291,1.3137242514667546,1.7811020255721328,2.1322885776114853,1.7606309789067591,1.5599402454298,2.3476616436788573,1.9926917942987368,-0.25929878350055285,0.15764071634893284,0.09726558150509758,False,True,False,2.5775978407557356,1314.3000000000002,195.0,1.2712469647193259,81510.0
Italy,-0.39003186139560786,1.0426935490751659,1.3479043208629324,-1.2365685145565612,-0.5927903840112789,0.44557282473212595,0.32063379835971506,-0.3411662371173616,1.3472513267849648,0.549551195342185,0.8398449914867534,0.17180241946482677,0.5842826904080348,0.44914457175850786,1.2209833342465641,-0.17316240781059977,0.09444842135178627,1.0447266271492281,0.17005226782042515,-0.25929878350055285,-0.6140271259185699,-0.9323630159377124,False,False,True,1.5754082612872238,829.0799999999999,157.75,0.3529204164460914,50290.700000000004
Netherlands,-0.39003186139560786,0.017425525207748736,0.043901430637586634,-0.7125988049986962,0.8583488669343243,0.798911952903623,0.8781285213683774,-0.7390413850212616,-0.3531079413491937,0.9827462098007888,0.8786118393212601,1.3719996033317823,0.5842826904080348,-0.08905916684641615,0.22683215966665032,0.7058345861518361,1.2062008396178652,1.120478662993974,0.8825386281710375,-0.25929878350055285,0.12089462862190901,-0.17730204447965206,False,False,True,2.227324913892078,925.0799999999999,123.0,0.4823245691429915,42262.8
Germany,-0.39003186139560786,0.5744027151068904,0.47856906071270194,-1.2365685145565612,0.8583488669343243,0.8476483843755537,0.2834674834924713,-0.5284016008368441,0.7804649040735786,0.7228292011256264,0.2583422739691529,0.48153072497887855,0.5842826904080348,-0.17037052303852698,0.7239077469566073,-0.7005606041880613,0.39765362633344403,1.5143892493866524,0.3523162204682554,-0.25929878350055285,0.08414854089488487,-0.795079202945338,False,False,True,1.6857440166493238,909.93,117.75,0.3882124580907005,38292.299999999996
Algeria,1.9071395514287819,-0.716924376553121,-1.6947690896628744,1.9072497427906285,0.13277924146152273,-0.4560511574985897,-1.0916861665955622,0.922672467989144,-0.3531079413491937,-1.2121085301228036,-1.6929224003676853,-0.6799504206988198,-1.604041992768125,-0.6311348747938217,-0.1873974964083138,-1.0521594017730356,-0.8151671935931876,-1.6671962560926716,-1.6360178084171755,-0.25929878350055285,1.1865311727056036,-0.795079202945338,True,False,False,0.5566097406704618,327.2,352.0,0.08399832003359933,26505.6
Ukraine,0.44530319781326116,-1.2208241261603054,-1.2601014595877593,1.3832800332327635,0.13277924146152273,-1.1079009284356611,-1.3518503706662712,0.9694813089190147,-0.3531079413491937,-0.43235750409731705,-0.38777185660595886,-1.4929872226732093,-0.874600431709405,-0.8750689433701542,-1.512932395848199,-1.0521594017730356,-1.5731802060473326,-0.3945620539009423,-0.4927257418080518,-0.25929878350055285,-0.20982016092130662,0.7836846464669709,False,False,True,0.462211118051218,527.51,144.5,0.09310023792283025,20547.899999999998
Italy,-0.9469219008681872,-0.025573920092064946,0.9132366907878172,-0.7125988049986962,-0.5927903840112789,0.5430456876759873,1.3241242997753075,-0.4815927599069735,-0.3531079413491937,0.7805885363867738,0.5167879261991971,0.46217270588425136,1.3137242514667546,0.5033521425532484,0.8895996093865929,1.7606309789067591,-0.410893586950977,0.02964934682963492,0.46830237215323933,-0.25929878350055285,-0.5405349504645223,-0.2459439509758387,False,False,True,2.2222222222222223,776.2900000000001,129.0,0.5554938340184424,52374.0
Sweden,0.027635668208826642,0.36679601826872993,0.47856906071270194,0.8593103236748986,-1.3183600094840806,0.409020501128178,0.2648843260588492,-0.45818833944203813,0.21367848136219245,0.0008375103612867341,-0.5945283783899948,-0.09920984785997063,0.5842826904080348,-0.8479651579727838,0.4753699533116288,-0.5247612053955741,0.24605102384261515,-0.2733587965493483,0.6174274243196476,-0.25929878350055285,-0.6875193013726179,0.4404751139860346,False,False,True,1.6246215943491424,611.22,74.0,0.27390113473327243,23176.8
Colombia,-0.4596431163296803,0.6939949223469953,1.3479043208629324,-0.1886290954408313,-1.3183600094840806,0.427296662930152,0.20913485375798296,-1.1369165329251616,1.3472513267849648,0.693949533495053,0.4263319479186821,0.21051845765408395,1.3137242514667546,0.4452726024160264,-0.021705633978328157,0.1784363897743746,0.6503246304848257,0.5902144120807533,0.45173292191252834,-0.25929878350055285,0.30462506725702876,0.09726558150509758,False,True,False,2.2539229671897294,814.68,126.0,0.44372226735829007,50337.0
Paraguay,1.7679170415606371,-0.7108775795578357,-1.2601014595877593,1.9072497427906285,-0.5927903840112789,-1.004336011557809,-1.3146840557990271,1.9758713889112314,-1.486680786771966,-0.3745981688361696,-0.5169946827209814,-0.40893815337402245,-1.604041992768125,-1.1422348280013754,-1.015856808558242,-0.8763600029805485,-0.410893586950977,-1.6520458489237224,-1.6028789079357513,-0.25929878350055285,-0.650773213645594,0.9209684594593458,False,True,False,0.37419990152634175,446.90000000000003,220.0,0.10416449657298807,16874.0
USA,0.09724692314289907,-0.8640631034384195,0.47856906071270194,-0.7125988049986962,0.13277924146152273,-0.34639418668674576,0.02330327942176207,-0.17733529386281444,-0.9198943640605799,-0.5189965069890375,0.5167879261991971,-0.5831603252256783,-0.874600431709405,-0.06582735079152735,-0.9330108773432493,0.0026369909818874074,0.44818782716372063,0.014498939660685543,-0.9069619978258499,3.856554922857429,-1.9368862840914323,0.9896103659555332,False,False,False,1.3321332133213322,540.8000000000001,249.0,0.27915503520686635,37748.4
Netherlands,-0.39003186139560786,-0.007433529106206001,0.9132366907878172,-0.1886290954408313,-1.3183600094840806,0.25671915277839547,-0.013863035445482107,-1.347556317109579,-0.3531079413491937,0.6650698658644795,0.36172053486117084,0.6557528968305344,1.3137242514667546,1.2506422256521716,1.303829265461557,0.1784363897743746,1.0545982371270366,0.36295830454651584,0.7168441257639182,-0.25929878350055285,0.4516094181651247,-0.8637211094415254,False,False,True,2.3895253682487727,787.3499999999999,167.6,0.464678548320687,68883.6
Portugal,-0.7380881360659699,0.7020573183407105,0.47856906071270194,-0.1886290954408313,-0.5927903840112789,0.19579861343848215,0.24630116862522713,-0.9964900101355497,-0.3531079413491937,0.8672275392784944,0.6072439044797129,-0.13792588604922779,-0.14515887065068514,0.24780216594947155,0.06114029723666467,1.0574333837368104,0.5492562288242734,-0.07640350335300965,1.3299137846702598,-0.25929878350055285,0.010656365440836913,0.23454939449747242,False,False,True,2.102496714848883,781.28,193.0,0.5749520873260562,45219.899999999994
Senegal,-0.18119809659339062,-0.5106614123805799,0.043901430637586634,-0.1886290954408313,0.13277924146152273,-0.25501337767687615,-0.6642735456222544,-0.45818833944203813,0.7804649040735786,-0.7500338480336264,-0.6203729436129993,0.2685925149379683,-0.874600431709405,-0.6930863842735251,-0.5187812212682851,-1.2279588005655229,-0.5119619886115298,-0.13700513202880607,-0.6584202442151711,-0.25929878350055285,1.4070076990677471,-0.8637211094415254,True,False,False,1.1200807265388497,489.59999999999997,168.0,0.23998800059996997,26947.2
Netherlands,-0.6684768811318975,1.0803180637125034,0.043901430637586634,-1.2365685145565612,1.583918492407126,0.29327147638234274,0.8967116788019994,-1.2305342147849025,0.21367848136219245,0.26075451903644914,0.5684770566452061,1.1784194123854992,-0.14515887065068514,0.3871930622788044,0.14398622845165748,1.2332327825292977,0.953529835466484,0.8174705196149907,0.05406611613544121,-0.25929878350055285,-0.6140271259185699,0.165907488001285,False,False,True,2.950075642965204,750.63,205.0,0.5922621336820245,52213.5
Australia,0.30608068794511634,0.13903333144628197,0.47856906071270194,-0.7125988049986962,0.13277924146152273,0.47603309440208263,-0.7386061753567428,-0.24754855525762037,-0.3531079413491937,0.02971717799186073,-0.45238326966347014,0.07501232399168524,-0.14515887065068514,-0.30976141936785984,-0.9330108773432493,0.1784363897743746,0.39765362633344403,-0.15215553919775546,0.3854551209496797,-0.25929878350055285,2.1786755413352497,-0.04001823148727724,False,False,False,0.9898242368177614,626.07,145.0,0.24443539128180436,34452.0
Peru,0.7237482175495508,-0.555004590346013,-1.6947690896628744,0.8593103236748986,1.583918492407126,-1.363767193663297,-0.8501051199584753,1.8588492865865553,-0.9198943640605799,-0.9233118538170678,-1.2535647915766088,-1.1445428789698975,-0.14515887065068514,-1.2158022455085233,-1.430086464633206,-1.0521594017730356,-1.6237144068776088,-1.2126840410241968,-0.40987849060449216,-0.25929878350055285,-0.39355059955642635,0.9209684594593458,False,True,False,0.5098435133770823,395.09999999999997,67.0,0.07878549134874702,14652.900000000001
Colombia,-0.7380881360659699,0.6765263976939453,0.47856906071270194,-0.7125988049986962,0.13277924146152273,0.8050040068376144,-0.08819566517997046,-0.9262767487407438,0.7804649040735786,0.05859684562243422,-0.1810153348219236,0.48153072497887855,0.5842826904080348,1.270002072364579,1.4695211278915428,1.584831580114272,1.1051324379573129,0.6508160407565508,0.00435776541330591,-0.25929878350055285,-0.06283581001321072,0.09726558150509758,False,True,False,1.7951959544879896,696.8800000000001,210.75,0.666611115740355,68535.9
Germany,-0.8773106459341148,0.7242289073234264,0.043901430637586634,-0.7125988049986962,0.8583488669343243,0.30545558425032543,0.4878822152623139,-0.20073971432774973,0.7804649040735786,1.0116258774313622,1.3179694481123359,0.3073085531272255,-0.14515887065068514,1.2661301030220975,-0.021705633978328157,1.2332327825292977,1.96421385207201,0.7720192981081436,0.965385879374597,-0.25929878350055285,0.5985937690732199,0.5777589269784095,False,False,True,1.5712988192552226,894.9,280.6666666666667,0.9699030096990301,67696.8
Honduras,0.6541369626154784,-1.0864508595983895,-1.6947690896628744,0.8593103236748986,1.583918492407126,-1.2114658453135139,-1.5934314173033581,0.2205398540410853,-0.3531079413491937,-0.49011683935846406,-0.32316044354844836,-0.6412343825095627,-0.874600431709405,-1.18095452142619,-0.7673190149132636,-0.17316240781059977,-0.6130303902720825,-0.803623047462569,-1.735434509861446,-0.25929878350055285,-2.3778393368157196,1.1955360854440955,False,False,False,0.4761904761904762,489.3,105.0,0.14374550795287647,15855.0
Japan,0.7237482175495508,-0.4266781207793825,-0.825433829512644,-0.7125988049986962,2.3094881178799276,-0.6509968833863122,-0.23686092464894676,-0.8560634873459382,0.7804649040735786,-0.02804215726928675,-0.06471479131840337,-0.4670122106579068,-0.14515887065068514,-0.5498235186017109,-0.5187812212682851,-0.34896180660308695,0.195516823012339,-1.0157287478278572,0.56771907359751,-0.25929878350055285,1.5907381377028669,0.23454939449747242,False,False,False,1.6321559074299636,546.9200000000001,124.33333333333333,0.18787309475470443,28497.2
Argentina,-1.4342006854066942,2.268177740119839,0.47856906071270194,-0.7125988049986962,0.13277924146152273,1.0365020563292842,1.6772042910141267,-1.183725373855032,0.21367848136219245,2.166812582654306,2.2354515135289956,1.0622712978177278,0.5842826904080348,1.0105801264183207,0.4753699533116288,1.2332327825292977,0.7513930321453784,1.8173973927656357,2.2578029981501264,-0.25929878350055285,-0.7977575645536896,0.3718332074898472,False,True,False,3.4801762114537445,1258.83,194.0,3.6481759120439783,65416.799999999996
France,-1.4342006854066942,1.5365153036902066,0.47856906071270194,-1.760538224114426,1.583918492407126,1.6030630721904777,1.026793780837354,-1.6986226240836084,1.3472513267849648,1.646978565303981,1.4213477090043538,0.8880491259660747,1.3137242514667546,2.2767141014097607,0.9724455406015857,0.0026369909818874074,0.7008588313151023,2.0143526859619754,1.0648025808188677,-0.25929878350055285,-0.5037888627374981,-0.3145858574720261,False,False,True,4.381778741865509,1167.08,220.6,3.5982008995502253,91990.20000000001
Argentina,-1.2253669206044768,1.7951838418218946,1.7825719509380478,-1.2365685145565612,-1.3183600094840806,1.9442180924939916,1.6586211335805043,-0.7858502259511322,0.21367848136219245,0.5784308629727585,0.4909433609761926,1.4300736606156668,0.5842826904080348,1.4713444781736154,0.39252402209663595,0.530035187359349,1.155666638787589,1.3628851776971609,0.7831219267267668,-0.25929878350055285,-0.4670427750104743,0.028623675008910172,False,True,False,2.773207990599295,864.78,223.75,1.6196760647870425,77149.0
Poland,-0.25080935152746303,0.11820547512918561,0.043901430637586634,0.33534061411703364,-0.5927903840112789,0.3602840696562474,-0.1996946097817026,-0.17733529386281444,-0.3531079413491937,0.23187485140587563,-0.4394609870519679,0.22987647674871114,0.5842826904080348,0.015484005400583482,-0.1873974964083138,0.0026369909818874074,-0.15822258279959536,-0.04610268901511089,-0.42644794084520554,-0.25929878350055285,0.30462506725702876,0.7150427399707835,False,False,True,1.2241224122412242,670.8000000000001,129.75,0.28945844955528655,41520.0
Saudi Arabia,1.6286945316924923,-0.5469421943522977,-0.39076619943752866,1.3832800332327635,-1.3183600094840806,-1.461240056607158,-0.3297767118170572,1.180121093103432,-1.486680786771966,-0.8366728509253468,-0.8142071827855332,-1.4736292035785794,-0.874600431709405,-0.5382076105742665,-1.512932395848199,-0.17316240781059977,-1.7753170093684378,-1.758098699106367,-1.5034622064914807,-0.25929878350055285,1.1865311727056036,0.3031913009936598,False,False,False,0.762862211709048,374.79,188.0,0.049998913067107235,26771.2
Mexico,0.8629707274176956,-0.330601235187613,0.043901430637586634,0.8593103236748986,-1.3183600094840806,-0.09052792145911029,-0.5527746010205222,-0.7156369645563263,-0.3531079413491937,-0.7789135156641999,-0.5557615305554882,-1.2219749553484118,-1.604041992768125,-0.16649855369604552,0.39252402209663595,0.3542357885668618,-0.0066199803087664795,-0.31881001805619646,0.20319116830184947,3.856554922857429,-1.6796636700022645,2.156522776390718,False,False,False,1.3280363223609535,473.09999999999997,472.0,0.16570955115568128,34220.0
France,-1.3645894304726216,1.8348239554576604,1.7825719509380478,-0.7125988049986962,-1.3183600094840806,0.9938576787913456,1.8444527079167252,-0.43478391897710283,1.3472513267849648,1.733617568195702,1.3567362959468425,1.2171354505747536,2.0431658125254746,0.8479574140340991,2.215134508826478,1.9364303776992462,1.7620770487509054,2.241608793496213,1.9761223440580233,-0.25929878350055285,-0.6875193013726179,0.8523265529631584,False,False,True,2.457542457542458,1213.94,122.33333333333333,3.098967010996335,62463.399999999994
Uruguay,-0.9469219008681872,0.6079960317473695,0.9132366907878172,-0.1886290954408313,-1.3183600094840806,1.0121338405933196,0.5807980024304243,-1.347556317109579,1.3472513267849648,1.0116258774313622,1.2533580350548246,0.42345666769499424,-0.14515887065068514,0.20133853383969394,1.303829265461557,-0.5247612053955741,1.00406403629676,1.1810802916697716,1.3961915856331062,-0.25929878350055285,-0.06283581001321072,0.23454939449747242,False,True,False,2.9132569558101475,937.29,189.0,0.8665703810687702,45927.0
Honduras,1.2806382570221302,-1.4391806843234187,-1.6947690896628744,0.33534061411703364,2.3094881178799276,-1.8023950769106722,-1.4447661578343818,0.05670891078653814,-1.486680786771966,-0.6056355098807585,-1.8350675090942097,-1.3961971272000677,-0.874600431709405,-0.7008303229584881,-1.5957783270631918,-1.0521594017730356,-0.36035938612070084,-0.47031408974568806,-1.2880593533622238,-0.25929878350055285,-1.4959332313671447,1.8133132439097814,False,False,False,0.5697770437654831,492.87999999999994,167.0,0.12438721006804712,23914.399999999998
South Korea,0.16685817807697148,0.20420436572881145,0.043901430637586634,-0.7125988049986962,0.8583488669343243,-0.425590887828633,-0.5899409158877664,-0.10712203246800903,-0.9198943640605799,-0.7789135156641999,0.4780210783646904,-0.021777771481456296,-0.874600431709405,-0.9525083302197835,-1.015856808558242,0.0026369909818874074,-0.10768838196931922,-0.33396042522514474,-0.3104617891602216,-0.25929878350055285,2.031691190427154,-0.5891534834567758,False,False,False,1.0078878177037687,472.15000000000003,134.5,0.22399104035838563,21170.3
New Zealand,1.6286945316924923,-1.1348252355606796,-1.6947690896628744,0.33534061411703364,2.3094881178799276,-1.5891731892209757,-1.035936694294696,0.2673486949709559,-0.9198943640605799,-0.6633948451419055,-0.2068599000449281,-1.3574810890108107,-0.874600431709405,-0.89055682074008,-1.1815486709882277,-1.5795575981504972,-1.47211180438678,-1.1823832266862981,-1.85142066154643,-0.25929878350055285,1.1497850849785791,-0.6577953899529632,False,False,False,0.6994619523443506,436.59000000000003,142.5,0.06304210778026564,20463.0
Wales,0.5149144527473336,-1.4694146692998498,-0.825433829512644,1.9072497427906285,-1.3183600094840806,-1.2236499531814964,-0.9244377496929637,1.2971431954281085,-1.486680786771966,-1.7897018827342754,-1.563699574252663,-1.647851375430235,-1.604041992768125,-0.9834840849596352,-0.1873974964083138,-0.8763600029805485,-0.9162355952537403,-1.0308791549968064,-0.3104617891602216,-0.25929878350055285,-0.1730740731942828,-0.795079202945338,False,False,True,0.5571510626076968,270.6,261.0,0.1333288890370321,18348.3
Brazil,-1.086144410736332,1.6702167039193136,1.3479043208629324,-1.760538224114426,0.13277924146152273,0.8476483843755537,1.4542064018106617,-0.5284016008368441,2.480824172207737,1.2137835508453771,1.1758243393858119,1.3719996033317823,0.5842826904080348,2.098603511655613,1.1381374030315714,2.288029175284221,1.0545982371270366,1.8779990214414322,1.8269972918916175,-0.25929878350055285,0.15764071634893284,-0.3145858574720261,False,True,False,2.3413111342351716,1054.5199999999998,264.25,1.1284102271104128,90796.3
Ghana,0.584525707681406,-1.236948918147736,-0.825433829512644,1.3832800332327635,-0.5927903840112789,-1.1139929823696526,-0.45985881385241184,0.9694813089190147,-0.3531079413491937,-1.269867865383951,-0.25854903049093714,-0.7960985352665886,-1.604041992768125,-0.7705257711231545,-0.35308935883829945,0.0026369909818874074,-1.017303996914293,-1.591444220247926,-1.6028789079357513,-0.25929878350055285,0.2311328918029808,-1.0696468289300873,True,False,False,0.7620237351655216,322.91999999999996,316.0,0.12257669107448146,23605.2
Austria,-0.25080935152746303,0.1511269254368556,-0.825433829512644,-0.1886290954408313,1.583918492407126,-0.3707624024227111,-0.23686092464894676,0.033304490321602834,-0.3531079413491937,0.40515285718931704,0.3229536870266641,-0.6412343825095627,-0.874600431709405,-0.1781144617234899,-0.6016271524832779,0.7058345861518361,-0.30982518529042424,0.37810871171546523,-0.890392547585139,-0.25929878350055285,0.047402453167861056,0.7836846464669709,False,False,True,1.1157368859283932,739.8399999999999,234.5,0.27366980685227094,35409.5
South Korea,-0.18119809659339062,-0.4239906554481451,0.47856906071270194,0.33534061411703364,-1.3183600094840806,-0.7180094766602165,-0.3855261841179235,-0.8560634873459382,0.7804649040735786,0.05859684562243422,-0.34900500877145285,-0.699308439793447,-0.874600431709405,-0.2749136952855266,-0.6844730836982708,0.0026369909818874074,0.24605102384261515,0.5296127834049569,-0.16133673699381332,-0.25929878350055285,1.1865311727056036,-2.0306335198767105,False,False,False,1.5347137637028017,686.96,222.0,0.3149842507874606,33388.8
Netherlands,-1.2253669206044768,0.7658846199576206,0.043901430637586634,-0.7125988049986962,0.8583488669343243,0.6527026584878312,0.8967116788019994,-1.183725373855032,-0.3531079413491937,0.26075451903644914,1.3567362959468425,0.7525429923036759,-0.14515887065068514,0.34460139951150826,0.8895996093865929,0.0026369909818874074,1.256735040448142,0.46901115472916044,0.3191773199868311,-0.25929878350055285,-0.5405349504645223,0.028623675008910172,False,False,True,2.8634361233480172,720.5,201.33333333333334,1.6596680663867227,49950.8
Poland,-0.39003186139560786,-0.17002518164612448,0.47856906071270194,-0.7125988049986962,0.13277924146152273,-0.6205366137163556,-0.08819566517997046,-0.6454237031615203,-0.9198943640605799,-0.3745981688361696,-0.40069413921746116,-0.19599994333311216,-0.874600431709405,-0.4723841317520815,-0.021705633978328157,-1.0521594017730356,-0.6635645911023587,-0.636968568604128,-0.42644794084520554,-0.25929878350055285,0.4516094181651247,0.4404751139860346,False,False,True,1.5587266739846322,519.9300000000001,196.5,0.2646903123345685,30575.399999999998
Argentina,-1.2253669206044768,2.2486936164683606,1.3479043208629324,-0.7125988049986962,-1.3183600094840806,1.4994981553126252,0.8781285213683774,-1.2071297943199673,0.7804649040735786,1.358181888998245,1.1370574915513052,2.1656783862115416,1.3137242514667546,1.924364891243947,2.215134508826478,0.3542357885668618,1.7115428479206283,0.7568688909391943,1.810427841650904,-0.25929878350055285,0.19438680407595665,-0.10866013798346465,False,True,False,2.891207153502235,961.6099999999999,202.4,1.8396320735852827,91080.0
Mexico,0.7237482175495508,0.10745561380423296,0.47856906071270194,-0.7125988049986962,0.13277924146152273,0.0983257504946209,-0.25544408208256886,-0.8560634873459382,-0.3531079413491937,-0.7211541804030529,-0.2068599000449281,0.404098648600367,-0.14515887065068514,-0.34073717410771154,-0.7673190149132636,-0.34896180660308695,-0.10768838196931922,-0.10670431769090732,-0.012211684827407426,3.856554922857429,-1.5694254068211928,1.3328198984364703,False,False,False,1.6199756394640683,496.64,142.33333333333334,0.16969182752037817,34544.3
USA,0.5149144527473336,-0.17069704797893345,0.043901430637586634,0.8593103236748986,-1.3183600094840806,0.4333887168641433,-0.6085240733213886,-0.7156369645563263,0.7804649040735786,-0.9233118538170678,0.06450803479661912,-0.5250862679417939,0.5842826904080348,-0.6621106295336734,-0.8501649461282564,0.530035187359349,0.24605102384261515,0.575064004911805,0.18662171806113612,3.856554922857429,-1.7164097577292883,2.293806589383093,False,False,False,1.2939841089670827,501.3,86.0,0.20999300023332554,26178.399999999998
Ivory Coast,0.932581982351768,-1.3578848580534602,-0.39076619943752866,0.8593103236748986,-0.5927903840112789,-0.7423776923961818,-0.3297767118170572,0.5013928996203085,-0.9198943640605799,-0.6056355098807585,-1.4344767481376404,-1.6865674136194924,-1.604041992768125,-0.9796121156171538,-1.512932395848199,-1.5795575981504972,-1.825851210198714,-1.7883995134442645,-0.4927257418080518,-0.25929878350055285,1.1497850849785791,-0.5205115769605884,True,False,False,0.9207708779443257,405.01,262.0,0.061109413627399245,18366.199999999997
Ukraine,0.44530319781326116,-1.6286469901757203,-0.39076619943752866,1.9072497427906285,-1.3183600094840806,-1.9120520477225162,-1.3518503706662712,1.3205476158930438,-0.9198943640605799,-0.634515177511332,-0.24562674787943486,-1.609135337240978,-1.604041992768125,-1.1499787666863384,-1.430086464633206,-1.40375819935801,-1.7753170093684378,-1.0460295621657558,-0.6749896944558844,-0.25929878350055285,-0.6875193013726179,-0.8637211094415254,False,False,True,0.422615648201028,450.0,218.0,0.07930761008241094,15369.0
Netherlands,-0.3204206064615354,0.13097093545256824,0.9132366907878172,-0.1886290954408313,-1.3183600094840806,0.5186774719400219,0.5807980024304243,-1.0432988510654204,-0.3531079413491937,0.26075451903644914,-0.23270446526793262,0.3266665722218527,1.3137242514667546,0.7511581804720624,1.1381374030315714,0.1784363897743746,0.5997904296545495,0.5296127834049569,0.8328302774489021,-0.25929878350055285,-0.650773213645594,0.3718332074898472,False,False,True,2.4021592442645074,725.74,141.8,0.3888672851508249,57074.5
Japan,0.8629707274176956,-0.6322692186191147,-0.39076619943752866,0.33534061411703364,0.13277924146152273,-0.553524020442451,0.1348022240234946,-0.45818833944203813,0.21367848136219245,-0.692274512772479,0.43925423053018436,-0.09920984785997063,-0.14515887065068514,-0.9641242382472279,-0.10455156519332098,-1.2279588005655229,0.5997904296545495,-1.0460295621657558,-0.9401008983072742,-0.25929878350055285,0.9660546463434594,-0.3145858574720261,False,False,False,1.5539858728557014,441.00000000000006,88.66666666666667,0.19999428587754636,20827.8
Spain,-1.5038119403407666,1.0124595640987348,0.47856906071270194,-0.7125988049986962,0.13277924146152273,1.1766192968110847,2.086033754553812,-0.5752104417667147,2.480824172207737,1.2426632184759512,1.0982906437167983,2.0882463098330275,2.0431658125254746,0.8905490768013952,2.2979804400414707,-0.34896180660308695,2.014748052902287,2.1355559433135682,0.8659691779303265,-0.25929878350055285,-0.39355059955642635,0.7836846464669709,False,False,True,2.752391073326249,1089.0,124.16666666666667,9.790209790209792,66752.0
Paraguay,0.584525707681406,-0.7888140741637463,-1.2601014595877593,0.33534061411703364,1.583918492407126,-1.2236499531814964,-0.8501051199584753,2.373746536815132,-1.486680786771966,-1.269867865383951,-0.23270446526793262,-1.0283947644021287,-1.604041992768125,-0.8866848513975986,-0.6016271524832779,-1.40375819935801,-0.8151671935931876,-0.636968568604128,-0.42644794084520554,-0.25929878350055285,-0.8712497400077376,0.6464008334745961,False,True,False,0.45888232621535663,372.06,286.0,0.135479500661269,21021.0
Ukraine,1.8375282964947095,-1.443211882320277,-1.6947690896628744,1.3832800332327635,0.8583488669343243,-1.8937758859205422,-1.2031851111972949,2.2099155935605843,-0.9198943640605799,-0.7211541804030529,-0.2068599000449281,-1.7059254327141196,-1.604041992768125,-1.080283318521672,-1.5957783270631918,-0.8763600029805485,-1.4215776035565035,-1.2429848553620946,-1.6691567088986,-0.25929878350055285,0.010656365440836913,-0.45186967046440096,False,False,True,0.3847958704833412,423.89,236.0,0.06122324034203384,16520.0
Belgium,-0.8773106459341148,0.8048528672605758,0.47856906071270194,-0.7125988049986962,0.13277924146152273,0.6953470360257704,0.4692990578286918,-0.622019282696585,0.21367848136219245,0.3185138542975966,0.9303009697672692,1.2171354505747536,0.5842826904080348,0.5536877440055075,0.22683215966665032,-0.8763600029805485,1.1051324379573129,1.120478662993974,0.6671357750417829,-0.25929878350055285,0.6720859445272682,-0.7264372964491506,False,False,True,1.8675352877307274,788.69,164.5,0.7999200079992002,55995.799999999996
Poland,0.6541369626154784,-0.555676456678822,0.043901430637586634,-0.1886290954408313,0.13277924146152273,-0.3037498091488068,-0.3855261841179235,-0.9028723282758085,0.21367848136219245,0.02971717799186073,-0.07763707392990561,0.2685925149379683,0.5842826904080348,-0.9989719623295611,-0.1873974964083138,0.0026369909818874074,0.24605102384261515,0.25690545436387235,-0.3601701398823569,-0.25929878350055285,-0.3200584241023784,-0.8637211094415254,False,False,True,1.5730337078651684,659.2800000000001,64.25,0.19686884784850475,20611.4
Serbia,0.2364694330110439,-0.9729054493535716,0.47856906071270194,-0.1886290954408313,-0.5927903840112789,0.43948077079813463,0.35780011322695926,0.38437079729563245,0.7804649040735786,0.02971717799186073,0.06450803479661912,-0.1766419242384822,-0.14515887065068514,-0.6001591200539699,-0.10455156519332098,-0.17316240781059977,-0.7140987919326348,-0.015801874677213213,-0.06192003554954273,-0.25929878350055285,-0.5405349504645223,0.6464008334745961,False,False,True,1.2287194670614359,637.14,120.0,0.16922426060536133,28044.000000000004
England,-1.2949781755385492,1.318830611859904,0.9132366907878172,-1.760538224114426,0.8583488669343243,0.8659245461775277,1.900202180217592,-0.8794679078108733,0.7804649040735786,0.5206715277116115,1.589337382953883,1.4107156415210367,1.3137242514667546,1.5216800796258745,0.6410618157416145,-0.17316240781059977,0.953529835466484,1.453787620710856,0.7665524764860535,-0.25929878350055285,-0.35680451182940254,0.6464008334745961,False,False,True,3.070283600493218,861.0,181.6,1.9245188702824292,78178.79999999999
Tunisia,0.5149144527473336,-1.510398515601235,-1.6947690896628744,1.9072497427906285,0.13277924146152273,-0.5839842901124076,-0.794355647657609,0.36096637683069716,-0.3531079413491937,-0.634515177511332,-0.4136164218289634,-1.3768391081054379,-0.874600431709405,-1.1422348280013754,-1.5957783270631918,-1.2279588005655229,-1.0678381977445692,-1.1823832266862981,-0.9898092490294095,-0.25929878350055285,0.30462506725702876,-1.4128563614110239,True,False,False,0.7755406413124535,441.0,110.0,0.1233292223592547,15774.0
South Korea,-0.041975586725245775,-0.29028925521903826,-0.39076619943752866,-0.1886290954408313,0.8583488669343243,-0.24892132374288484,0.24630116862522713,0.36096637683069716,0.7804649040735786,-0.576755842250185,0.06450803479661912,-0.5250862679417939,-0.14515887065068514,0.08905142290773137,0.39252402209663595,-0.34896180660308695,0.39765362633344403,-0.04610268901511089,0.26946896926469577,-0.25929878350055285,1.1865311727056036,-0.7264372964491506,False,False,False,1.1931394481730053,526.3199999999999,179.33333333333334,0.29998636425617015,40941.799999999996
Iran,1.9071395514287819,-0.7532051585248389,-0.825433829512644,0.8593103236748986,0.13277924146152273,-1.5769890813529932,-1.2031851111972949,2.116297911700843,-1.486680786771966,-1.6164238769508341,-1.4473990307491427,-1.1639008980645276,-0.14515887065068514,-0.5536954879441923,-1.8443161207081704,-0.17316240781059977,-0.5624961894418059,-1.2429848553620946,-0.6087118934930358,-0.25929878350055285,2.3624059799703696,0.23454939449747242,False,False,False,0.3921568627450981,288.42,124.0,0.09399812003759926,27081.6
South Korea,0.44530319781326116,-0.09007308804178393,-0.39076619943752866,-0.7125988049986962,1.583918492407126,0.33591585392028206,0.39496642809420346,-0.8560634873459382,0.21367848136219245,-0.6056355098807585,-0.8658963132315421,-0.8735306116451029,-0.874600431709405,-0.8557090966577467,-0.021705633978328157,0.1784363897743746,0.5492562288242734,-0.07640350335300965,-0.06192003554954273,-0.25929878350055285,1.4804998745217948,-0.17730204447965206,False,False,False,2.046285018270402,519.14,147.0,0.23792283024723285,21844.2
Brazil,-1.086144410736332,2.0706490382738223,0.47856906071270194,-1.760538224114426,1.583918492407126,1.7431803126722782,1.5099558741115275,-1.1369165329251616,1.914037749496351,0.8672275392784944,0.8527672740982556,1.2171354505747536,2.0431658125254746,0.7782619658694326,1.303829265461557,0.1784363897743746,1.0545982371270366,2.1961575719893656,0.7996913769674778,-0.25929878350055285,0.08414854089488487,-0.2459439509758387,False,True,False,3.2524964336661912,1009.2800000000001,119.33333333333333,1.1284102271104128,60931.6
Italy,-1.2253669206044768,0.5985899030880347,1.3479043208629324,-0.1886290954408313,-1.3183600094840806,0.22016682917444746,0.06046959428900625,-0.29435739618749096,-0.3531079413491937,0.8094682040173473,-0.1810153348219236,0.5202467631681358,-0.14515887065068514,1.2545141949946532,0.30967809088164316,0.1784363897743746,0.2965852246728918,0.25690545436387235,-0.19447563747523763,-0.25929878350055285,0.30462506725702876,0.9896103659555332,False,False,True,1.413760603204524,804.0,279.6666666666667,1.279744051189762,68378.5
Brazil,-1.2253669206044768,1.9423225687071932,0.9132366907878172,-1.2365685145565612,0.13277924146152273,1.1888034046790674,1.937368495084835,-0.692232544091391,0.21367848136219245,1.1560242155842302,2.106228687413973,1.8946661188867444,2.0431658125254746,1.1422270840626907,1.9665967151814996,0.8816339849443233,1.6104744462600762,0.6205152264186521,1.810427841650904,-0.25929878350055285,-0.8712497400077376,1.0582522724517205,False,True,False,2.8170594837261502,907.1999999999999,135.0,1.7996400719856027,71766.0
Egypt,1.7679170415606371,-0.9802959790144764,-1.6947690896628744,0.33534061411703364,2.3094881178799276,-1.1749135217095659,-1.2403514260645387,2.2099155935605843,-0.9198943640605799,-0.7789135156641999,-0.6720620740590084,-1.0864688216860132,-1.604041992768125,-1.1344908893164125,-1.3472405334182134,-0.17316240781059977,-1.4215776035565035,-0.5763669399283315,-1.2714899031215128,-0.25929878350055285,0.4516094181651247,-0.3832277639682135,True,False,False,0.3754106053496012,456.95,222.0,0.06249869794379284,16250.400000000001
Chile,1.3502495119562026,-1.1475906958840623,-0.39076619943752866,0.33534061411703364,0.13277924146152273,-1.3698592475972884,-1.556265102436114,1.8822537070514906,-0.9198943640605799,-1.7608222151037018,-0.5428392479439859,-1.5317032608624637,-0.874600431709405,-0.7279341083558584,-0.7673190149132636,-1.40375819935801,-1.168906599405122,-1.4550905557273837,-0.4927257418080518,-0.25929878350055285,-0.3200584241023784,1.3328198984364703,False,True,False,0.3164239075841286,258.03,163.5,0.0833313492535892,23184.300000000003
Jamaica,0.5149144527473336,-0.45288090775895673,-0.39076619943752866,1.3832800332327635,-1.3183600094840806,-0.6327207215843382,-1.556265102436114,0.7588415247345969,-0.3531079413491937,-1.3276272006450982,-0.4911501174979769,-1.0283947644021287,-0.14515887065068514,-1.0028439316720426,-1.6786242582781847,-1.40375819935801,-0.46142778778125315,-0.42486286823883995,-0.7412674954187307,-0.25929878350055285,-2.3778393368157196,1.6760294309174064,False,False,False,0.41694242223692923,373.15999999999997,85.33333333333333,0.16332788907036433,18816.0
Belgium,-1.2253669206044768,1.0776305983812644,0.043901430637586634,-1.2365685145565612,1.583918492407126,0.8110960607716057,0.24630116862522713,-0.8794679078108733,0.21367848136219245,0.5784308629727585,0.8656895567097579,0.48153072497887855,0.5842826904080348,0.06581960685284256,0.30967809088164316,-0.34896180660308695,1.3072692412784184,1.1356290701629232,0.00435776541330591,-0.25929878350055285,0.3781172427110764,0.6464008334745961,False,False,True,1.972872996300863,843.4799999999999,133.0,1.6796640671865626,43251.6
France,-1.0165331558022597,0.9204138765038238,0.47856906071270194,-1.2365685145565612,0.8583488669343243,0.9207530315834496,1.6400379761468826,-0.45818833944203813,0.21367848136219245,1.791376903456849,1.731482491680408,1.3913576224264095,2.0431658125254746,1.7230224854349108,0.7239077469566073,0.0026369909818874074,0.9029956346362074,1.423486806372957,1.1145109315410053,-0.25929878350055285,0.19438680407595665,0.9896103659555332,False,False,True,2.3713420787083757,1127.9199999999998,160.0,0.9498812648418948,82560.0
Ukraine,0.7237482175495508,-1.6407405841662923,-1.6947690896628744,0.8593103236748986,1.583918492407126,-1.0347962812277656,-0.8686882773920974,1.554591820542397,-0.9198943640605799,-0.8655525185559209,-0.6849843566705106,-1.2026169362537846,-0.14515887065068514,-0.7472939550682657,-1.8443161207081704,-0.7005606041880613,-1.3710434027262273,-1.3944889270515861,-0.40987849060449216,-0.25929878350055285,0.6353398568002444,-0.795079202945338,False,False,True,0.5402485143165856,392.84,107.33333333333333,0.09393654737735221,23377.199999999997
Ivory Coast,1.8375282964947095,-0.8929533557492311,-1.2601014595877593,0.33534061411703364,1.583918492407126,-1.3272148700593491,-1.779262991639579,1.3907608772878497,-1.486680786771966,-1.0099508567087887,-0.25854903049093714,-1.415555146294695,-1.604041992768125,-0.6350068441363032,-1.098702739773235,-0.7005606041880613,-0.20875678362987152,-1.6520458489237224,-1.1389343011958177,-0.25929878350055285,0.12089462862190901,-0.8637211094415254,True,False,False,0.28635597978663674,356.7,351.0,0.11020183261566091,25096.5
Argentina,-1.2253669206044768,1.578171016324401,1.3479043208629324,-1.2365685145565612,-0.5927903840112789,1.511682263180608,1.7515369207486151,-0.9496811692056791,0.7804649040735786,1.733617568195702,0.7623112958177399,1.7010859279404613,0.5842826904080348,2.4161049977390934,1.800904852751514,2.1122297764917333,0.6503246304848257,1.1659298845008221,0.7665524764860535,-0.25929878350055285,0.19438680407595665,0.3031913009936598,False,True,False,3.0857874519846353,1084.72,284.75,1.4197160567886422,99776.4
Denmark,0.7933594724836233,0.17867344508204774,-0.39076619943752866,0.33534061411703364,0.13277924146152273,-0.12708024506305826,-0.497025128719656,0.38437079729563245,0.21367848136219245,-0.02804215726928675,0.21957542613464612,-0.42829617246865237,-0.874600431709405,-0.6892144149310436,0.06114029723666467,0.3542357885668618,-0.2592909844601481,-0.6975701972799255,-0.4761562915673408,-0.25929878350055285,0.5251015936191723,0.8523265529631584,False,False,True,0.8882309400444115,572.3299999999999,168.5,0.15587776830093233,25814.199999999997
France,-1.4342006854066942,1.1871448106292255,1.7825719509380478,-1.2365685145565612,-1.3183600094840806,1.402025292368764,1.62145481871326,-1.6284093626888025,1.914037749496351,1.2426632184759512,1.3308917307238382,1.8753080997921172,1.3137242514667546,0.7589021191570253,0.4753699533116288,0.7058345861518361,0.7008588313151023,1.4386372135419065,0.8162608272081887,-0.25929878350055285,0.3781172427110764,-0.17730204447965206,False,False,True,4.765784114052953,1013.1,142.2,3.5982008995502253,62923.5
Tunisia,1.0021932372858404,-0.4663182344151483,-1.2601014595877593,1.3832800332327635,0.13277924146152273,-0.7058253687922338,-0.775772490223987,0.2907531154358912,-1.486680786771966,-1.7897018827342754,-0.29731587832544387,-1.105826840780643,-0.874600431709405,-0.8479651579727838,-0.1873974964083138,0.0026369909818874074,-0.46142778778125315,-0.6066677542662303,-0.3436006896416459,-0.25929878350055285,1.3702616113407233,-1.6874239873957735,True,False,False,0.8009153318077804,287.4,148.0,0.13242885327423584,21637.6
Tunisia,0.3756919428791887,-1.3048074177615028,-1.6947690896628744,0.33534061411703364,2.3094881178799276,-1.1079009284356611,-1.054519851728318,0.4779884791553732,-0.9198943640605799,-0.634515177511332,-0.3619272913829551,-1.241332974443039,-0.14515887065068514,-0.9292765141648947,-1.1815486709882277,-0.8763600029805485,-1.2194408002353982,-0.7127206044488739,-1.039517599751545,-0.25929878350055285,0.5985937690732199,-0.8637211094415254,True,False,False,0.6470165348670023,472.0,91.66666666666667,0.12142423484875539,19910.0
England,-1.1557556656704044,0.8485241788931985,1.3479043208629324,-1.2365685145565612,-0.5927903840112789,1.085238487801215,1.2683748274744409,-1.6986226240836084,1.914037749496351,0.7228292011256264,0.7752335784292421,1.2364934696693837,2.0431658125254746,0.8285975673216918,1.9665967151814996,2.1122297764917333,1.7115428479206283,1.5901412852313983,1.3133443344295466,-0.25929878350055285,0.34137115498405257,0.7836846464669709,False,False,True,4.663774403470716,917.28,121.5,1.5330778203632727,62110.8
Switzerland,0.44530319781326116,-0.5765043129959199,-0.825433829512644,-0.1886290954408313,1.583918492407126,0.03740521115470761,-0.1811114523480805,-0.7156369645563263,-0.9198943640605799,-0.20132016305272818,0.5167879261991971,-0.3315060769955109,-0.14515887065068514,-0.42979246898478535,-0.021705633978328157,-0.5247612053955741,0.24605102384261515,0.09025097550543136,0.551149623356799,-0.25929878350055285,0.3781172427110764,0.23454939449747242,False,False,True,1.5550510783200908,603.75,134.66666666666666,0.21723388848660388,31148.399999999998
Morocco,0.30608068794511634,-1.0461388796298148,0.47856906071270194,-0.7125988049986962,0.13277924146152273,0.18970655950449083,-0.25544408208256886,0.5247973200852438,-0.9198943640605799,-0.23019983068330166,-0.4136164218289634,0.1330863812755696,-0.14515887065068514,-0.4336644383272668,0.4753699533116288,-1.0521594017730356,-0.30982518529042424,-0.24305798221145064,-0.3436006896416459,-0.25929878350055285,0.9293085586164356,-2.373843052357647,True,False,False,0.9425939050318924,573.42,134.33333333333334,0.19258545979778527,32038.5
Netherlands,-0.8773106459341148,0.41785785956225735,0.043901430637586634,-0.1886290954408313,0.13277924146152273,1.2009875125470502,0.5436316875631801,-0.6454237031615203,0.21367848136219245,0.5784308629727585,1.3955031437813494,0.7912590304929331,-0.14515887065068514,0.44140063307354493,-0.021705633978328157,0.0026369909818874074,0.953529835466484,0.8174705196149907,0.418594021431104,-0.25929878350055285,-0.20982016092130662,-0.9323630159377124,False,False,True,1.9319429198682765,813.66,209.66666666666666,0.7699230076992302,52144.100000000006
Ukraine,0.932581982351768,-1.7253957421003003,-0.39076619943752866,0.8593103236748986,-0.5927903840112789,-1.7902109690426897,-1.7235135193387126,1.3907608772878497,-1.486680786771966,-0.9521915214476413,-0.5557615305554882,-0.6799504206988198,-0.14515887065068514,-0.7472939550682657,-0.2702434276233066,-1.5795575981504972,-1.8763854110289904,-1.4853913700652812,-1.2052121021586641,-0.25929878350055285,0.19438680407595665,-0.3145858574720261,False,False,True,0.3032004491858507,374.69000000000005,107.33333333333333,0.058331713007972005,24246.6
Mexico,-0.5988656261978251,-0.42063132378409723,-0.39076619943752866,0.8593103236748986,-0.5927903840112789,-0.023515328185205676,-0.05102935031272628,-0.6454237031615203,-0.3531079413491937,-0.3168388335750226,0.18080857830013938,-0.40893815337402245,0.5842826904080348,-0.8092454645479692,-0.021705633978328157,0.530035187359349,0.39765362633344403,0.408409526053364,0.21976061854256046,3.856554922857429,-1.900140196364408,1.744671337413594,False,False,False,1.5806805708013172,606.06,76.5,0.4713949003642597,23470.2
Germany,-0.3204206064615354,0.784025010943478,0.9132366907878172,-0.1886290954408313,-1.3183600094840806,0.9573053551873976,0.20913485375798296,-0.622019282696585,1.3472513267849648,0.23187485140587563,0.8786118393212601,0.3266665722218527,1.3137242514667546,0.1587468710723978,0.30967809088164316,-0.17316240781059977,1.0545982371270366,1.120478662993974,0.12034391709828984,-0.25929878350055285,-0.6140271259185699,0.4404751139860346,False,False,True,1.715526601520087,770.9,111.2,0.43886450752735956,44758.0
South Korea,0.7237482175495508,-1.0112018303237165,-0.825433829512644,0.8593103236748986,0.13277924146152273,0.27499531458036874,-0.05102935031272628,0.5013928996203085,0.7804649040735786,-0.4612371717278905,0.46509879575318813,0.2685925149379683,0.5842826904080348,0.019355974743064948,-0.4359352900532923,0.8816339849443233,0.3471194255031679,0.36295830454651584,-0.06192003554954273,-0.25929878350055285,0.4883555058921485,-1.824707800388148,False,False,False,1.0278372591006426,575.5799999999999,130.0,0.19696372837186754,41704.0
Nigeria,1.2110270020880578,-1.1066068495826769,-0.825433829512644,1.3832800332327635,-0.5927903840112789,-1.3211228161253576,-1.6120145747369803,0.08011333125147345,-0.3531079413491937,-0.576755842250185,-1.2277202263536044,-1.6865674136194924,-1.604041992768125,-1.057051502466783,-1.430086464633206,-0.34896180660308695,-0.8151671935931876,-0.6521189757730774,-0.45958684132662747,-0.25929878350055285,0.8925624708894118,-1.2069306419224621,True,False,False,0.4914004914004914,485.52,242.0,0.10499737506562337,16964.199999999997
Spain,-1.5038119403407666,0.9231013418350612,0.47856906071270194,-0.7125988049986962,0.13277924146152273,1.328920645160868,1.937368495084835,-1.3007474761797084,1.914037749496351,1.502580227151113,2.041617274356462,1.3332835651425252,1.3137242514667546,1.3784172139540602,0.5582158845266216,0.3542357885668618,1.96421385207201,2.408263272354653,1.9595528938173123,-0.25929878350055285,0.30462506725702876,0.23454939449747242,False,False,True,3.9778129952456416,1179.7199999999998,174.2,9.690309690309691,74644.7
Italy,-0.9469219008681872,0.7107915806672348,0.9132366907878172,-1.2365685145565612,0.13277924146152273,0.9085689237154669,0.8409622065011332,-0.9730855896706144,0.7804649040735786,1.0116258774313622,1.072446078493794,0.59767883954665,0.5842826904080348,0.4530165411009894,0.9724455406015857,-0.8763600029805485,1.1051324379573129,0.014498939660685543,1.097941481300292,-0.25929878350055285,0.12089462862190901,0.4404751139860346,False,False,True,2.490272373540856,816.4,158.0,0.8887901344295079,51760.8
Honduras,0.5149144527473336,-0.8741410984305632,-1.2601014595877593,0.8593103236748986,0.8583488669343243,-1.7171063218347937,-0.9430209071265857,0.688628263339791,-0.9198943640605799,-0.9521915214476413,-0.8917408784545466,-1.2219749553484118,-0.874600431709405,-0.7318060776983398,-1.2643946022032206,0.0026369909818874074,-1.7753170093684378,-0.8793750833073148,-0.3933090403637812,-0.25929878350055285,-1.8266480209103604,1.0582522724517205,False,False,False,0.6482106684672518,410.29,163.0,0.07666411119629345,23635.0
Sweden,-0.18119809659339062,0.4131547952325915,0.47856906071270194,-0.7125988049986962,0.13277924146152273,0.11050985836260356,-0.08819566517997046,0.10351775171640876,0.21367848136219245,0.2896341866670226,-0.8400517480085377,-0.48637022975253674,0.5842826904080348,-0.518847763861859,-0.10455156519332098,-1.2279588005655229,0.09444842135178627,0.43871034039126167,-0.11162838627167802,-0.25929878350055285,0.4148633304381002,-0.17730204447965206,False,False,True,1.1535337124289196,723.3599999999999,95.25,0.2999850007499625,29070.3
Mexico,0.8629707274176956,-0.9117656130678989,0.47856906071270194,0.33534061411703364,-1.3183600094840806,-0.08443586752511896,0.4135495855278255,-0.622019282696585,0.7804649040735786,-0.28795916594444915,-0.5040724001094792,0.15244440037019683,-0.14515887065068514,-0.29427354199793393,-0.2702434276233066,-0.17316240781059977,-0.36035938612070084,-0.4551636825767387,0.6008579740789343,3.856554922857429,-2.2676010736346477,2.2251646828869056,False,False,False,1.8349619978284473,547.68,146.33333333333334,0.14571012256792662,34944.399999999994
Japan,-0.39003186139560786,0.09267455448242191,0.47856906071270194,-0.1886290954408313,-0.5927903840112789,0.03131315722071628,-0.5156082861532781,-0.10712203246800903,-0.9198943640605799,-0.28795916594444915,0.5943216218682107,-0.38958013427939525,0.5842826904080348,-0.9602522689047465,-0.9330108773432493,0.1784363897743746,-1.7247828085381616,-0.47031408974568806,0.6174274243196476,-0.25929878350055285,1.8112146640650104,-1.5501401744033987,False,False,False,1.0429447852760738,546.56,66.75,0.14116816657843656,20505.6
Argentina,-1.0165331558022597,1.3692205868206224,1.3479043208629324,-1.760538224114426,0.13277924146152273,1.365472968764816,1.8444527079167252,-1.0432988510654204,1.3472513267849648,1.646978565303981,0.5943216218682107,1.8946661188867444,2.0431658125254746,2.0676277569157615,2.215134508826478,0.8816339849443233,0.9029956346362074,2.3476616436788573,1.5784555382809387,-0.25929878350055285,-0.2833123363753546,0.5091170204822221,False,True,False,3.3198380566801617,1206.46,174.83333333333334,0.9498812648418948,92941.4
Germany,-0.8773106459341148,0.1061118811386135,1.3479043208629324,-1.2365685145565612,-0.5927903840112789,1.066962325999241,0.5993811598640464,-0.8092546464160675,1.3472513267849648,0.3473935219281701,1.2792026002778292,1.3526415842371524,0.5842826904080348,-0.030979626709194134,0.8895996093865929,1.7606309789067591,1.0545982371270366,0.37810871171546523,0.7334135760046292,-0.25929878350055285,0.4883555058921485,0.6464008334745961,False,False,True,2.1284185493460166,728.96,126.75,0.7899210078992102,43500.6
Croatia,-0.3204206064615354,0.5757464477725084,1.3479043208629324,-0.1886290954408313,-1.3183600094840806,0.45775693260010863,-0.12536198004721463,-0.15393087339787911,0.21367848136219245,0.02971717799186073,0.3487982522496686,0.3460245913164799,-0.14515887065068514,0.607895314800248,0.8067536781716,-0.8763600029805485,0.2965852246728918,0.13570219701227842,1.3630526851516842,-0.25929878350055285,0.12089462862190901,0.9209684594593458,False,False,True,1.2488849241748439,649.44,224.0,0.3555358035664685,54163.2
Australia,0.3756919428791887,-0.02019898942958709,-0.825433829512644,0.8593103236748986,0.13277924146152273,-0.24282926980889352,0.20913485375798296,-0.622019282696585,-0.9198943640605799,0.17411551614472867,-0.8658963132315421,-0.06049380967071346,0.5842826904080348,-0.30976141936785984,-0.35308935883829945,-0.7005606041880613,-0.15822258279959536,-0.2127571678735519,-0.9732397987886985,-0.25929878350055285,1.553992049975843,-1.0010049224339,False,False,False,1.715526601520087,646.4000000000001,108.75,0.19642155637298667,34147.5
Portugal,-1.1557556656704044,0.20756369739285935,1.3479043208629324,-0.1886290954408313,-1.3183600094840806,0.9816735709233629,1.2312085126071965,-1.1135121124602263,0.7804649040735786,0.20299518377530215,0.3487982522496686,1.1203453551016123,0.5842826904080348,-0.16649855369604552,0.30967809088164316,0.8816339849443233,0.8524614338059312,0.09025097550543136,1.230497083225987,-0.25929878350055285,0.4516094181651247,0.9209684594593458,False,False,True,2.9957805907172994,677.25,118.0,1.2497917013831028,39931.2
Germany,-1.2253669206044768,0.23040715270838566,0.9132366907878172,-1.2365685145565612,0.13277924146152273,1.1766192968110847,0.8595453639347552,-0.060313191538138404,1.3472513267849648,0.8094682040173473,0.8140004262637489,0.2879505340325955,0.5842826904080348,0.7085665177047662,0.14398622845165748,-0.5247612053955741,0.5997904296545495,0.34780789737756757,0.3688856707089687,-0.25929878350055285,-0.09958189774023486,0.3718332074898472,False,False,True,1.662360034453058,813.0,174.5,1.3997200559888021,56049.4
France,-1.3645894304726216,1.2812060972225665,1.3479043208629324,-1.2365685145565612,-0.5927903840112789,1.8284690677481563,0.7852127342002669,-0.43478391897710283,0.21367848136219245,2.137932915023733,0.7235444479832331,1.3139255460478951,1.3137242514667546,0.8363415060066547,0.8895996093865929,2.1122297764917333,0.8524614338059312,1.6355925067382464,2.2412335479094154,-0.25929878350055285,-0.09958189774023486,0.028623675008910172,False,False,True,1.8881118881118881,1228.92,146.2,2.4991669443518827,62573.6
Poland,-0.11158684165931819,-0.79889206915589,0.47856906071270194,-0.7125988049986962,0.13277924146152273,0.18970655950449083,-0.794355647657609,-0.9028723282758085,0.7804649040735786,0.3185138542975966,-0.5428392479439859,0.03629628580242807,0.5842826904080348,-3.871969342389908e-06,0.5582158845266216,0.7058345861518361,0.44818782716372063,-0.5157653112525351,-0.5755729930116115,-0.25929878350055285,-0.4670427750104743,-0.5891534834567758,False,False,True,1.2983770287141074,645.0500000000001,128.75,0.3190324270272844,40685.0
Germany,-0.8773106459341148,0.15650185609933193,0.043901430637586634,-1.2365685145565612,1.583918492407126,0.8902927619134929,1.2869579849080632,-1.183725373855032,0.7804649040735786,0.5784308629727585,-0.01302566087239437,0.19116043855945397,-0.14515887065068514,0.29813776740173065,0.6410618157416145,1.7606309789067591,0.195516823012339,-0.258208389380399,-0.012211684827407426,-0.25929878350055285,0.5251015936191723,0.09726558150509758,False,False,True,3.171806167400881,712.84,197.33333333333334,0.6199380061993801,47241.6
Paraguay,1.0718044922199128,-0.656456406600259,-1.6947690896628744,0.8593103236748986,1.583918492407126,-1.832855346580629,-1.258934583498161,0.24394427450602063,-0.9198943640605799,-1.4720255387979662,-1.847989791705712,-0.8928886307397301,-1.604041992768125,-0.7318060776983398,-0.35308935883829945,-0.5247612053955741,-1.6237144068776088,-0.9399767119831113,-0.2938923389195082,-0.25929878350055285,0.08414854089488487,1.4014618049326577,False,True,False,0.6119287374128584,324.47,326.0,0.06841925212494408,24189.2
Wales,1.3502495119562026,-1.5386169015792361,-0.825433829512644,1.9072497427906285,-1.3183600094840806,-0.894679040745965,-1.1102693240291843,0.5716061610151144,-0.3531079413491937,-0.9521915214476413,-1.7187669655906899,-0.7767405161719614,-0.874600431709405,-0.6466227521637475,-0.5187812212682851,-0.7005606041880613,-1.0678381977445692,-1.2732856696999932,-0.5092951920487652,-0.25929878350055285,-0.2833123363753546,-0.5891534834567758,False,False,True,0.6079664570230608,387.15000000000003,174.0,0.08809314063950859,26030.399999999998
France,-1.086144410736332,1.026568757087737,1.3479043208629324,-1.2365685145565612,-0.5927903840112789,1.2619080518869634,1.4727895592442835,-1.4177695785043851,1.3472513267849648,0.549551195342185,1.679793361234399,0.9074071450607019,2.0431658125254746,1.7462543014897995,2.2979804400414707,2.1122297764917333,1.3072692412784184,1.2719827346834656,1.7275805904473445,-0.25929878350055285,0.6720859445272682,0.165907488001285,False,False,True,3.8898450946643717,850.2299999999999,161.0,1.1998285959148693,80661.0
Portugal,-0.8076993910000424,0.5663403191131753,0.9132366907878172,-0.1886290954408313,-1.3183600094840806,0.8720166001115189,-0.013863035445482107,-0.8794679078108733,1.3472513267849648,0.9249868745396418,1.2921248828893315,0.09437034308631245,-0.14515887065068514,0.4259127557036191,0.30967809088164316,0.8816339849443233,1.3072692412784184,0.5144623762360074,0.6837052252824939,-0.25929878350055285,0.047402453167861056,-0.45186967046440096,False,False,True,1.8002466091245375,851.62,208.33333333333334,0.763566948459231,49562.5
Austria,-0.5292543712637527,-0.44145918010119356,0.47856906071270194,0.8593103236748986,-1.3183600094840806,0.13487807409856886,-0.7386061753567428,-0.3879750780472322,0.21367848136219245,0.14523584851415466,0.5555547740337039,-0.6412343825095627,0.5842826904080348,0.05807566816787963,0.4753699533116288,-0.17316240781059977,0.04391422052151012,-0.0006514675082638339,0.21976061854256046,-0.25929878350055285,0.010656365440836913,0.3718332074898472,False,False,True,1.0479921645445642,659.13,132.5,0.39330711285914277,40015.0
Germany,-0.39003186139560786,0.7423692983092853,0.47856906071270194,-0.7125988049986962,0.13277924146152273,0.427296662930152,0.04188643685538416,-0.29435739618749096,0.21367848136219245,0.3185138542975966,1.1370574915513052,0.6944689350197916,-0.14515887065068514,0.22457034989458274,1.3866751966765498,0.0026369909818874074,0.3471194255031679,-0.2127571678735519,-0.17790618723452667,-0.25929878350055285,0.6720859445272682,0.9896103659555332,False,False,True,1.404335532516494,671.6500000000001,191.0,0.3823304511499323,47215.200000000004
England,-1.1557556656704044,1.0158188957627827,0.9132366907878172,-0.7125988049986962,-0.5927903840112789,1.347196806962842,2.06745059712019,-0.43478391897710283,1.914037749496351,1.675858232934555,1.6927156438459012,0.9654812023445862,0.5842826904080348,1.0996354212953945,0.9724455406015857,2.1122297764917333,1.256735040448142,1.453787620710856,1.9264139933358881,-0.25929878350055285,-0.5772810381915461,0.165907488001285,False,False,True,2.5774225774225776,1107.0,199.75,1.3831028161973005,66956.2
Algeria,1.2806382570221302,-1.2046993341728764,-0.825433829512644,1.3832800332327635,-0.5927903840112789,-1.869407670184577,-1.556265102436114,0.8290547861294029,-0.9198943640605799,-1.4431458711673923,-1.9255234873747256,-1.0864688216860132,-1.604041992768125,-1.0067159010145241,-0.5187812212682851,-1.40375819935801,-0.05715418113904263,-1.1672328195173487,-1.7851428605835813,-0.25929878350055285,0.8190702954353641,-1.5501401744033987,True,False,False,0.4088254380272551,318.24,255.0,0.13902099948781738,18666.0
Senegal,0.09724692314289907,-0.2237744882708908,-0.39076619943752866,-0.1886290954408313,0.8583488669343243,-0.3951306181586764,0.06046959428900625,-0.45818833944203813,0.21367848136219245,-0.7211541804030529,-0.1293262043759146,-0.6605924016041899,-0.874600431709405,-0.05808341210656441,0.30967809088164316,0.8816339849443233,-0.410893586950977,-0.6066677542662303,-0.8738230973444255,-0.25929878350055285,0.2678789795300046,-2.2365592393652722,True,False,False,1.513622603430878,464.62999999999994,250.0,0.2083246531394525,37700.0
Switzerland,0.16685817807697148,0.05101884184822769,-0.825433829512644,0.8593103236748986,0.13277924146152273,0.19579861343848215,0.07905275172262834,-0.10712203246800903,0.21367848136219245,-0.17244049542215467,-0.6849843566705106,-0.15728390514385499,-0.874600431709405,-0.1432667376411567,0.5582158845266216,0.8816339849443233,-1.017303996914293,-0.6066677542662303,-0.3436006896416459,-0.25929878350055285,0.2311328918029808,-0.8637211094415254,False,False,True,1.3234005258545138,555.64,239.0,0.15199392024319025,37284.0
Saudi Arabia,1.8375282964947095,-1.279276497114739,-0.825433829512644,1.9072497427906285,-1.3183600094840806,-1.6013572970889585,-1.1846019537636727,0.5950105814800497,-0.3531079413491937,-0.634515177511332,-1.7058446829791876,-0.9703207071182445,-0.874600431709405,-0.9447643915348205,-0.2702434276233066,-0.5247612053955741,-0.6130303902720825,-1.2581352625310438,-1.4040455050472076,-0.25929878350055285,0.5251015936191723,0.3718332074898472,False,False,False,0.5759888965995836,436.0,135.5,0.09387563519111855,19999.8
Qatar,0.5149144527473336,-0.9561087910333321,-1.6947690896628744,1.3832800332327635,0.8583488669343243,-0.44995910356459834,-0.6642735456222544,1.03969457031382,-0.9198943640605799,-1.1832288624922302,-1.369865335080129,-0.9509626880236145,-0.874600431709405,-1.2041863374810788,-1.015856808558242,-0.34896180660308695,-0.46142778778125315,-0.9551271191520606,-1.8182817610650057,-0.25929878350055285,2.141929453608226,-1.9619916133805229,False,False,False,0.6805640711220112,369.36,102.0,0.16332788907036433,15075.6
Spain,-1.4342006854066942,1.7105286838878884,1.7825719509380478,-0.7125988049986962,-1.3183600094840806,1.1461590271411282,0.7852127342002669,-0.4815927599069735,1.3472513267849648,1.0693852126925099,1.6668710786228966,1.6236538515619499,1.3137242514667546,2.1992747145601315,0.30967809088164316,0.530035187359349,0.801927232975655,0.49931196906705916,2.1915251971872802,-0.25929878350055285,-0.2833123363753546,0.3718332074898472,False,False,True,1.926605504587156,877.6800000000001,216.6,3.6981509245377313,94437.6
Argentina,-1.2253669206044768,1.7159036145503646,1.7825719509380478,-1.2365685145565612,-1.3183600094840806,0.9329371394514323,2.4762800606598754,-1.581600521758932,0.21367848136219245,2.137932915023733,1.0078346654362826,1.449431679710294,0.5842826904080348,1.9204929219014657,2.215134508826478,-0.17316240781059977,1.8631454504114577,1.423486806372957,1.744150040688058,-0.25929878350055285,-0.06283581001321072,0.5091170204822221,False,True,False,5.47945205479452,1201.48,252.75,1.899620075984803,87249.3
Mexico,0.584525707681406,-0.2271338199349387,0.47856906071270194,-0.7125988049986962,0.13277924146152273,-0.06615970572314497,0.22771801119160504,-0.692232544091391,-0.3531079413491937,0.40515285718931704,-0.29731587832544387,-0.7380244779827042,-0.874600431709405,-0.6853424455885622,0.06114029723666467,0.8816339849443233,-0.2592909844601481,0.27205586153282174,0.1037744668575765,3.856554922857429,-1.5326793190941685,1.1955360854440955,False,False,False,1.7845117845117846,730.32,169.0,0.17096222702493466,25350.0
Mexico,-0.25080935152746303,-0.8721254994321347,0.043901430637586634,0.33534061411703364,-0.5927903840112789,0.15924628983453418,-0.44127565641878974,0.19713543357615,-0.3531079413491937,-0.7500338480336264,-0.7366734871165196,0.17180241946482677,-0.874600431709405,-0.061955381449045874,0.14398622845165748,0.7058345861518361,0.7008588313151023,-0.8793750833073148,0.18662171806113612,3.856554922857429,-1.7164097577292883,0.9209684594593458,False,False,False,0.967741935483871,442.56,249.5,0.37892742487237513,39770.3
Switzerland,-0.5988656261978251,0.2673598010129125,-0.825433829512644,-0.1886290954408313,1.583918492407126,-0.06006765178915365,-0.3669430266843014,0.08011333125147345,0.7804649040735786,-0.6056355098807585,-0.32316044354844836,-0.27343201971162373,0.5842826904080348,-0.9331484835073761,-0.5187812212682851,-0.34896180660308695,-0.2592909844601481,-0.15215553919775546,0.6339968745603586,-0.25929878350055285,0.08414854089488487,0.6464008334745961,False,False,True,1.0401310401310402,514.0899999999999,68.5,0.378544389686451,21207.600000000002
Ghana,1.6983057866265647,-0.8163605938089384,-1.6947690896628744,1.9072497427906285,0.13277924146152273,-1.3942274633332536,-0.7014398604894986,1.6014006614722676,-1.486680786771966,-1.4142662035368188,-0.5040724001094792,-1.1251848598752703,-0.14515887065068514,-0.7124462309859325,-0.8501649461282564,-0.17316240781059977,-1.4215776035565035,-1.136932005179451,-0.4430173910859165,-0.25929878350055285,0.2678789795300046,-2.099275426372898,True,False,False,0.5825761624799572,324.12,110.33333333333333,0.06382842918235783,24163.0
Austria,0.584525707681406,-0.0974636177026887,0.47856906071270194,0.33534061411703364,-1.3183600094840806,-0.017423274251214347,-0.16252829491445883,-0.5284016008368441,-0.3531079413491937,-0.49011683935846406,0.5167879261991971,-0.21535796242773936,0.5842826904080348,-0.22457809383326752,0.06114029723666467,-0.7005606041880613,-0.46142778778125315,-0.015801874677213213,0.3191773199868311,-0.25929878350055285,0.08414854089488487,0.5091170204822221,False,False,True,1.4360041623309052,543.9,114.25,0.15805941743814717,35508.9
China,1.1414157471539854,-0.7901578068293658,-1.2601014595877593,1.9072497427906285,-0.5927903840112789,-0.516971696838503,-1.0173535368610738,1.7418271842618789,-1.486680786771966,-0.3745981688361696,-0.45238326966347014,-1.2994070317269262,-0.874600431709405,-0.782141679150599,-0.5187812212682851,-0.5247612053955741,-1.1183723985748455,-1.1823832266862981,-1.437184405528632,-0.25929878350055285,0.5985937690732199,-0.6577953899529632,False,False,False,0.4764370792335578,480.69000000000005,156.5,0.09230532550447425,22567.3
Argentina,-1.1557556656704044,0.9103358815116801,1.7825719509380478,-1.760538224114426,-0.5927903840112789,1.3411047530288507,1.2683748274744409,-1.2773430557147731,0.21367848136219245,1.2426632184759512,1.1112129263283006,1.7010859279404613,1.3137242514667546,1.9708285233537248,0.6410618157416145,1.2332327825292977,1.7115428479206283,0.7417184837702449,0.9322469788931727,-0.25929878350055285,-0.7610114768266658,0.5777589269784095,False,True,False,3.3541341653666144,937.1999999999999,204.8,1.5330778203632727,89702.4
Colombia,-0.4596431163296803,0.4205453248934963,0.47856906071270194,-1.2365685145565612,0.8583488669343243,0.9085689237154669,0.19055169632436086,-1.3007474761797084,0.21367848136219245,1.2137835508453771,0.6847776001487264,0.5008887440735086,1.3137242514667546,0.2052105031821754,1.3866751966765498,0.8816339849443233,0.8524614338059312,0.7871697052770931,0.08720501661686553,-0.25929878350055285,0.15764071634893284,0.6464008334745961,False,True,False,2.4881141045958794,936.4399999999999,113.6,0.4687207049559402,46235.200000000004
Croatia,-0.8076993910000424,0.5542467251226031,0.47856906071270194,-0.7125988049986962,0.13277924146152273,0.6770708742237964,0.803795891633889,-0.20073971432774973,0.21367848136219245,0.37627318955874356,0.03866346957361463,0.946123183249959,1.3137242514667546,1.103507390637876,0.8067536781716,0.0026369909818874074,0.953529835466484,-0.2127571678735519,0.6671357750417829,-0.25929878350055285,0.08414854089488487,0.9209684594593458,False,False,True,1.7257039055404177,681.75,160.0,0.6999363694209618,66960.0
Wales,1.8375282964947095,-0.9023594844085658,-0.825433829512644,0.33534061411703364,0.8583488669343243,-1.814579184778655,-0.5899409158877664,0.688628263339791,-0.9198943640605799,-1.269867865383951,-0.8658963132315421,-1.6672093945248623,-0.874600431709405,-1.130618919973931,-1.3472405334182134,-1.40375819935801,-1.2699750010656747,-1.470240962896332,-1.7685734103428703,-0.25929878350055285,0.4516094181651247,0.7150427399707835,False,False,True,0.7765023632680621,329.16,111.5,0.06734556437623722,15654.6
Portugal,-0.8773106459341148,0.5105754134899805,0.9132366907878172,-1.2365685145565612,0.13277924146152273,0.6100582809498919,1.305541142341685,-0.622019282696585,1.3472513267849648,0.549551195342185,-0.25854903049093714,0.6751109159251617,0.5842826904080348,0.03484385211299082,0.14398622845165748,0.1784363897743746,-0.0066199803087664795,0.2266046400259736,0.7002746755232072,-0.25929878350055285,-0.20982016092130662,0.3031913009936598,False,False,True,2.356134636264929,752.9399999999999,131.0,0.5799420057994201,43125.2
Spain,-1.3645894304726216,0.8962266885226781,1.3479043208629324,-1.2365685145565612,-0.5927903840112789,1.9503101464279828,2.2532821714564113,-1.4645784194342555,0.7804649040735786,0.7805885363867738,1.3438140133353405,0.8880491259660747,0.5842826904080348,1.7888459642570957,1.4695211278915428,1.7606309789067591,2.1158164545628395,0.8629217411218388,0.8162608272081887,-0.25929878350055285,0.5985937690732199,0.5777589269784095,False,False,True,4.777183600713013,858.24,244.25,3.332222592469177,81481.8
USA,0.30608068794511634,0.18404837574452407,0.47856906071270194,-0.7125988049986962,0.13277924146152273,0.409020501128178,0.4135495855278255,0.4077752177605678,-0.3531079413491937,-0.17244049542215467,-0.5428392479439859,-0.44765419156327957,0.5842826904080348,-0.22457809383326752,-0.6844730836982708,0.530035187359349,-1.3710434027262273,0.49931196906705916,-0.5424340925301872,3.856554922857429,-1.7899019331833363,0.9896103659555332,False,False,False,1.2417340191036004,640.32,114.25,0.1148105625717566,34960.5
Mexico,0.584525707681406,-0.2042903646194124,0.47856906071270194,-0.1886290954408313,-0.5927903840112789,-0.6083525058483729,0.37638327066058136,0.08011333125147345,0.7804649040735786,0.46291219245046455,-0.7495957697280219,-0.27343201971162373,-0.874600431709405,-0.9137886367949688,0.39252402209663595,-1.0521594017730356,0.09444842135178627,-0.13700513202880607,0.5014412726346636,3.856554922857429,-2.3410932490886953,1.1955360854440955,False,False,False,1.3677313677313678,703.8000000000001,139.5,0.19354214380181284,21594.600000000002
Netherlands,-0.6684768811318975,0.7094478480016153,0.9132366907878172,-0.1886290954408313,-1.3183600094840806,0.37246817752423,1.0639600957045983,-0.9028723282758085,0.7804649040735786,0.3473935219281701,0.9432232523787714,0.539604782262763,1.3137242514667546,-0.14713870698363818,1.1381374030315714,-0.17316240781059977,0.9029956346362074,-0.030952281846161514,0.7168441257639182,-0.25929878350055285,-0.1730740731942828,0.09726558150509758,False,False,True,2.546816479400749,692.7800000000001,95.4,0.58457041766018,38923.2
Portugal,-0.4596431163296803,1.1488484296590806,1.3479043208629324,-0.1886290954408313,-1.3183600094840806,0.7745437371676577,0.5250485301295581,-1.183725373855032,-0.3531079413491937,0.23187485140587563,0.31003140441516186,0.946123183249959,1.3137242514667546,0.8324695366641732,0.8067536781716,0.8816339849443233,1.3578034421086944,0.15085260418122778,0.13691336733900084,-0.25929878350055285,-0.2833123363753546,-0.5205115769605884,False,False,True,2.5697503671071953,687.6999999999999,146.0,0.5312167989500656,61101.0
Egypt,0.932581982351768,-0.732377302207741,-1.6947690896628744,1.3832800332327635,0.8583488669343243,-0.8276664474720604,-0.8872714348257195,1.180121093103432,-0.3531079413491937,-1.3276272006450982,-0.3102381609369461,-1.6284933563356052,-1.604041992768125,-1.0918992265491163,-0.4359352900532923,-0.17316240781059977,-1.0678381977445692,-1.3641881127136883,-1.8182817610650057,-0.25929878350055285,0.8190702954353641,-0.45186967046440096,True,False,False,0.5854523950325252,326.03999999999996,233.0,0.10277492291880783,16403.2
USA,0.44530319781326116,-0.004746063774967073,0.47856906071270194,-0.7125988049986962,0.13277924146152273,-0.09661997539310162,0.302050640926093,-0.5752104417667147,-0.9198943640605799,-0.20132016305272818,-0.7366734871165196,-0.13792588604922779,-0.14515887065068514,-0.2981455113404154,0.4753699533116288,0.1784363897743746,0.195516823012339,0.46901115472916044,-0.7246980451780197,3.856554922857429,-2.157362810453576,1.0582522724517205,False,False,False,1.7321997874601487,632.5,146.0,0.21378573152649907,34207.799999999996
Wales,0.932581982351768,-1.623272059513244,-0.825433829512644,1.3832800332327635,-0.5927903840112789,-0.7728379620661384,-0.7386061753567428,1.3907608772878497,-1.486680786771966,-0.6056355098807585,-1.9384457699862276,-0.8348145734558458,-1.604041992768125,-1.0028439316720426,-1.5957783270631918,-1.5795575981504972,-1.8763854110289904,-1.5762938130789765,-1.0892259504736825,-0.25929878350055285,0.08414854089488487,0.3718332074898472,False,False,True,0.60078607523863,419.15,256.0,0.058331713007972005,19072.0
Morocco,-0.11158684165931819,-0.7532051585248389,-0.825433829512644,0.8593103236748986,0.13277924146152273,-0.6692730451882862,-0.5713577584541444,0.5716061610151144,-0.9198943640605799,-0.9233118538170678,0.46509879575318813,-0.8928886307397301,-0.874600431709405,-0.24393794054567486,-0.2702434276233066,0.7058345861518361,0.24605102384261515,0.2266046400259736,-0.3436006896416459,-0.25929878350055285,0.2678789795300046,-0.3832277639682135,True,False,False,0.8106219426974144,480.59999999999997,226.0,0.299985714965954,33538.4
France,-1.5038119403407666,1.044709148073596,1.7825719509380478,-0.7125988049986962,-1.3183600094840806,1.0121338405933196,2.4205305883590094,-1.2305342147849025,1.914037749496351,0.8672275392784944,1.3438140133353405,1.2364934696693837,1.3137242514667546,1.1151232986653203,1.800904852751514,0.3542357885668618,0.953529835466484,1.2719827346834656,0.965385879374597,-0.25929878350055285,0.3781172427110764,0.8523265529631584,False,False,True,4.190620272314675,916.56,160.6,7.692307692307693,68415.6
Honduras,1.9071395514287819,-1.540632500577666,-0.825433829512644,0.8593103236748986,0.13277924146152273,-1.3759513015312796,-1.296100898365405,0.1737310131112147,-0.3531079413491937,-1.4142662035368188,-0.4911501174979769,-1.5897773181463508,-0.14515887065068514,-0.6079030587389328,-0.8501649461282564,-0.5247612053955741,-0.410893586950977,-0.6521189757730774,-0.7081285949373063,-0.25929878350055285,-1.5326793190941685,1.8819551504059688,False,False,False,0.6106264869151468,347.48,119.33333333333333,0.0999980000399992,25274.8
Jamaica,0.44530319781326116,-1.647459247494388,-0.825433829512644,0.8593103236748986,0.13277924146152273,-1.741474537570759,-0.3855261841179235,0.8056503656644676,-0.3531079413491937,-0.692274512772479,-0.4911501174979769,-0.42829617246865237,-0.874600431709405,-0.6195189667663773,-1.1815486709882277,-1.5795575981504972,-0.8657013944234642,-1.682346663261621,-0.8241147466222902,-0.25929878350055285,-1.8266480209103604,1.264177991940283,False,False,False,0.8229915088177662,399.84,177.5,0.14137443536429775,27192.999999999996
New Zealand,0.7933594724836233,-1.2174647944962576,-1.6947690896628744,1.3832800332327635,0.8583488669343243,-0.9190472564819303,-0.8501051199584753,0.9694813089190147,-1.486680786771966,-1.0388305243393623,-0.8658963132315421,-1.0864688216860132,-1.604041992768125,-0.534335641231785,-1.6786242582781847,-1.0521594017730356,-0.2592909844601481,-1.1975336338552474,-0.6749896944558844,-0.25929878350055285,2.766612944967633,-1.4128563614110239,False,False,False,0.6308557151780138,378.4,377.0,0.15587776830093233,27596.4
Egypt,1.3502495119562026,-0.4407873137683846,-0.825433829512644,0.8593103236748986,0.13277924146152273,-1.5952652431549672,-0.7571893327903648,1.5077829796125264,-1.486680786771966,-1.3565068682756716,-0.5557615305554882,-1.1639008980645276,-0.874600431709405,-0.584671242684044,-0.8501649461282564,-1.5795575981504972,-2.9376036284647933,-1.4096393342205356,-1.5697400074543268,-0.25929878350055285,0.2311328918029808,-1.4128563614110239,True,False,False,0.5789186237028946,319.5,182.0,0.0,26499.2
Turkey,1.8375282964947095,-1.0958569882577243,-1.6947690896628744,0.8593103236748986,1.583918492407126,-1.0408883351617568,-1.1846019537636727,1.0162901498488852,-1.486680786771966,-0.6056355098807585,-0.34900500877145285,-0.8928886307397301,-1.604041992768125,-1.122874981288968,-0.6016271524832779,0.0026369909818874074,-1.825851210198714,-0.3945620539009423,-0.6087118934930358,-0.25929878350055285,-0.3200584241023784,0.7150427399707835,False,False,True,0.5120296113510179,497.92999999999995,225.0,0.044897042917491484,16695.0
Spain,-1.4342006854066942,0.8203057929151959,1.7825719509380478,-1.2365685145565612,-1.3183600094840806,1.6944438812003477,0.9338779936692436,-1.6752182036186731,0.21367848136219245,1.762497235826276,2.1579178178599823,1.0429132787231006,-0.14515887065068514,1.3900331219815045,1.0552914718165787,-0.34896180660308695,1.7115428479206283,0.6811168550944485,2.27437244839084,-0.25929878350055285,-0.43029668728345016,-0.8637211094415254,False,False,True,4.182590233545648,1032.1200000000001,291.3333333333333,4.597701149425287,73590.8
Denmark,0.09724692314289907,0.03153471819674929,0.043901430637586634,0.33534061411703364,-0.5927903840112789,-0.10880408326108428,0.24630116862522713,0.5247973200852438,0.21367848136219245,-0.8655525185559209,-0.10348163915291012,-0.8735306116451029,0.5842826904080348,-0.4646401930671185,-0.2702434276233066,-0.17316240781059977,0.24605102384261515,-0.636968568604128,0.6174274243196476,-0.25929878350055285,0.4883555058921485,-0.795079202945338,False,False,True,1.1339475549255849,438.84,98.75,0.2624890629557102,29348.5
Germany,-0.7380881360659699,0.03019098553113135,1.3479043208629324,-1.2365685145565612,-0.5927903840112789,0.4333887168641433,0.22771801119160504,-1.2773430557147731,0.7804649040735786,0.549551195342185,-0.1810153348219236,0.3460245913164799,0.5842826904080348,0.33298549148406387,0.6410618157416145,-0.34896180660308695,1.0545982371270366,1.0447266271492281,1.197358182744565,-0.25929878350055285,-0.24656624864833046,0.4404751139860346,False,False,True,2.4804992199687987,829.0799999999999,150.25,0.6582784767936006,48440.6
Colombia,-0.3204206064615354,1.0541152767329292,0.9132366907878172,-0.1886290954408313,-1.3183600094840806,0.5186774719400219,-0.08819566517997046,-0.29435739618749096,-0.3531079413491937,1.1271445479536573,0.6330884697027174,-0.3702221151847653,0.5842826904080348,0.48786426518332254,1.4695211278915428,-0.17316240781059977,0.04391422052151012,0.5144623762360074,0.1534828175797118,-0.25929878350055285,-0.9447419154617855,1.1268941789479079,False,True,False,1.3383600377002827,890.33,160.25,0.3277595689128382,49292.9
France,-1.4342006854066942,1.3779548491471467,1.7825719509380478,-1.2365685145565612,-1.3183600094840806,1.3350126990948592,1.714370605881371,-0.8560634873459382,0.7804649040735786,1.0693852126925099,1.3438140133353405,1.8946661188867444,0.5842826904080348,1.9669565540112433,1.9665967151814996,2.1122297764917333,1.4083376429389707,0.6356656335876014,1.3133443344295466,-0.25929878350055285,-0.6875193013726179,-0.45186967046440096,False,False,True,2.911084043848965,891.99,255.75,4.297851074462769,90637.79999999999
Uruguay,-1.0165331558022597,0.16322051942742774,1.3479043208629324,-0.1886290954408313,-1.3183600094840806,0.9146609776494583,0.6179643172976685,-0.20073971432774973,1.3472513267849648,1.358181888998245,0.36172053486117084,1.0816293169123576,0.5842826904080348,0.9370127089111728,-0.021705633978328157,0.1784363897743746,0.801927232975655,0.5296127834049569,1.0482331305781567,-0.25929878350055285,0.08414854089488487,0.8523265529631584,False,True,False,1.6348773841961854,936.2599999999999,189.25,0.9248843894513187,63890.8
China,1.0021932372858404,-1.5332419709167597,-1.2601014595877593,0.8593103236748986,0.8583488669343243,-1.1079009284356611,-1.4447661578343818,1.03969457031382,-0.3531079413491937,-1.4431458711673923,-1.421554465526138,-0.8348145734558458,-1.604041992768125,-0.8518371273152653,-0.5187812212682851,-1.40375819935801,-0.8151671935931876,-1.2278344481931462,-1.1720732016772422,-0.25929878350055285,0.7823242077083397,-1.0696468289300873,False,False,False,0.42305334150827717,315.36,295.0,0.11351044566363072,21977.5
Netherlands,-0.5292543712637527,0.05236257451384716,0.043901430637586634,-1.2365685145565612,1.583918492407126,0.4943092562040566,0.004720121988139982,-0.08371761200307372,0.21367848136219245,0.5206715277116115,0.12911944785413038,1.1397033741962421,-0.14515887065068514,-0.07744325881897175,1.2209833342465641,1.7606309789067591,0.7008588313151023,1.0144258128113304,0.534580173116088,-0.25929878350055285,-0.35680451182940254,-0.8637211094415254,False,False,True,1.277150304083406,820.4,165.0,0.47996800213319113,41926.5
Saudi Arabia,1.2806382570221302,-0.7115494458906447,-0.825433829512644,1.9072497427906285,-1.3183600094840806,-1.1810055756435571,-0.9244377496929637,1.3907608772878497,-1.486680786771966,-1.3276272006450982,-1.0597305524040759,-1.415555146294695,-0.14515887065068514,-0.7008303229584881,-0.2702434276233066,0.0026369909818874074,-1.168906599405122,-1.2884360768689427,-1.1223648509551045,-0.25929878350055285,1.4070076990677471,-1.2069306419224621,False,False,False,0.5446378439079169,329.84,111.33333333333333,0.08536377161532646,23881.0
USA,0.3756919428791887,-0.5993477683114447,0.043901430637586634,0.33534061411703364,-0.5927903840112789,0.30545558425032543,-0.40410934155154554,0.4077752177605678,-0.9198943640605799,-0.05692182489986023,-0.40069413921746116,-0.19599994333311216,-0.874600431709405,-0.16262658435356403,-1.015856808558242,-1.2279588005655229,-0.8657013944234642,-0.9399767119831113,-0.06192003554954273,3.856554922857429,-1.973632371818456,1.744671337413594,False,False,False,0.9184423218221895,548.4000000000001,236.5,0.14642334202349913,36799.4
Mexico,-0.7380881360659699,0.04564391118575137,-0.825433829512644,0.8593103236748986,0.13277924146152273,-0.6022604519143816,-0.1811114523480805,-0.24754855525762037,-0.3531079413491937,-0.3168388335750226,-0.19393761743342586,0.2879505340325955,-0.874600431709405,-0.20521824712086018,-0.9330108773432493,0.7058345861518361,-0.7140987919326348,-0.6975701972799255,-0.9566703485479852,3.856554922857429,-1.5326793190941685,1.1268941789479079,False,False,False,1.267345050878816,525.03,231.0,0.3666361136571953,37098.6
Ivory Coast,1.6983057866265647,-0.5812073773255857,-1.2601014595877593,1.3832800332327635,0.13277924146152273,-0.8337585014060518,-0.6456903881886323,2.3269376958852614,-0.3531079413491937,-1.2987475330145244,-0.7883626175625287,-1.609135337240978,-0.874600431709405,-1.1461067973438568,-0.2702434276233066,-0.7005606041880613,-0.8657013944234642,-1.2126840410241968,-0.4430173910859165,-0.25929878350055285,0.4883555058921485,-0.5891534834567758,True,False,False,0.5135259055479139,338.03,109.5,0.08723218654922235,15439.5
Honduras,0.6541369626154784,-0.78343914350127,-1.6947690896628744,0.33534061411703364,2.3094881178799276,-1.7353824836367677,-1.3704335280998934,1.250334354498238,-1.486680786771966,-0.576755842250185,-0.6849843566705106,-0.44765419156327957,-1.604041992768125,-0.9176606061374503,-0.7673190149132636,-0.5247612053955741,-0.6635645911023587,-0.3945620539009423,-1.420614955287921,-0.25929878350055285,-2.3778393368157196,1.9505970569021562,False,False,False,0.42417199302730973,502.85999999999996,278.0,0.1406206056060748,21267.0
Morocco,0.027635668208826642,-0.9762647810176195,-0.39076619943752866,-0.7125988049986962,1.583918492407126,-0.26719748554485884,-0.06961250774634838,0.688628263339791,-0.9198943640605799,-0.7500338480336264,-0.7366734871165196,0.03629628580242807,-0.14515887065068514,-0.8015015258630063,0.4753699533116288,0.530035187359349,0.04391422052151012,-0.04610268901511089,-0.14476728675310235,-0.25929878350055285,0.4516094181651247,-1.2755725484186495,True,False,False,0.9655638082376773,495.36,102.66666666666667,0.2565105864962393,24332.0
Ghana,1.7679170415606371,-0.6510814759377825,-0.39076619943752866,0.8593103236748986,-0.5927903840112789,-0.5291558047064856,-0.42269249898516764,1.2035255135683673,-1.486680786771966,-0.7500338480336264,-0.45238326966347014,-0.5444442870364211,-0.874600431709405,-0.9834840849596352,-1.430086464633206,-1.5795575981504972,-0.8151671935931876,-1.7126474775995189,-0.7412674954187307,-0.25929878350055285,0.4516094181651247,-2.0306335198767105,True,False,False,0.7289829512051735,389.76,130.5,0.08749817712130999,19836.0
England,-1.4342006854066942,0.9311637378287765,0.47856906071270194,-1.2365685145565612,0.8583488669343243,1.103514649603189,2.1603663842883,-1.3007474761797084,0.7804649040735786,1.531459894781687,0.5943216218682107,0.8686911068714447,1.3137242514667546,1.4558566008036895,0.7239077469566073,0.8816339849443233,2.014748052902287,0.9689745913044824,1.2802054339481246,-0.25929878350055285,0.15764071634893284,0.7836846464669709,False,False,True,4.167987321711569,1020.25,178.2,4.897551224387807,74220.3
Belgium,-0.9469219008681872,0.0671436338356582,1.3479043208629324,-1.2365685145565612,-0.5927903840112789,1.085238487801215,0.710880104465779,-0.6454237031615203,-0.3531079413491937,0.9538665421702153,0.19373086091164163,0.8880491259660747,-0.14515887065068514,0.19746656449721248,1.0552914718165787,-0.8763600029805485,-0.5624961894418059,0.46901115472916044,0.08720501661686553,-0.25929878350055285,0.047402453167861056,-0.6577953899529632,False,False,True,2.030735455543359,852.5,188.66666666666666,0.5221642039773359,47204.4
New Zealand,1.1414157471539854,-0.5153644767102472,-0.39076619943752866,1.9072497427906285,-1.3183600094840806,-1.3759513015312796,-0.9058545922593415,0.2205398540410853,-1.486680786771966,-1.2121085301228036,-0.42653870444046565,-1.241332974443039,-0.14515887065068514,-0.8131174338904507,-1.1815486709882277,-0.8763600029805485,-0.9667697960840167,-1.51569218440318,-1.4040455050472076,-0.25929878350055285,1.6642303131569145,-0.2459439509758387,False,False,False,0.7650273224043717,335.2,101.66666666666667,0.09999743596318043,22082.0
Senegal,-0.5292543712637527,0.05706563884351452,-0.825433829512644,0.8593103236748986,0.13277924146152273,0.11660191229659489,0.35780011322695926,0.7354371042696616,-0.9198943640605799,-0.2590794983138751,-0.6979066392820129,0.01693826670780087,-1.604041992768125,-0.8750689433701542,0.22683215966665032,0.8816339849443233,0.5997904296545495,0.34780789737756757,-0.4927257418080518,-0.25929878350055285,-0.026089722286186903,-1.618782080899586,True,False,False,1.1059293804130579,612.46,289.0,0.4666355576294914,22802.100000000002
Morocco,0.584525707681406,-0.48714609073224463,0.47856906071270194,0.33534061411703364,-1.3183600094840806,0.45775693260010863,-0.6271072307550106,-0.17733529386281444,-0.9198943640605799,0.05859684562243422,-0.3619272913829551,0.3460245913164799,-0.874600431709405,-0.6388788134787846,-0.35308935883829945,0.0026369909818874074,0.4987220279939968,0.6205152264186521,-0.6252813437337468,-0.25929878350055285,0.4148633304381002,-1.5501401744033987,True,False,False,1.017101710171017,694.4,175.0,0.21934776297538788,28209.999999999996
Cameroon,0.44530319781326116,-0.6551126739346395,-0.825433829512644,0.33534061411703364,0.8583488669343243,-0.6509968833863122,-0.7014398604894986,1.2971431954281085,-1.486680786771966,-1.3276272006450982,-0.5945283783899948,-1.1639008980645276,-1.604041992768125,-1.1267469506314496,-0.4359352900532923,0.0026369909818874074,-0.30982518529042424,-1.4550905557273837,-1.2383510026400883,-0.25929878350055285,0.9660546463434594,-2.099275426372898,True,False,False,0.6260769672601953,321.47999999999996,224.0,0.17930416192545084,16307.199999999999
France,-1.1557556656704044,1.044709148073596,0.47856906071270194,-1.2365685145565612,0.8583488669343243,1.7614564744742522,0.7666295767666448,-1.4411739989693204,1.914037749496351,1.3870615566288191,0.37464281747267314,1.7398019661297186,2.0431658125254746,2.261226224039835,1.3866751966765498,2.1122297764917333,2.0652822537325632,1.3022835490213645,2.141816846465143,-0.25929878350055285,0.30462506725702876,0.165907488001285,False,False,True,3.2924693520140105,1028.5,183.16666666666666,1.6497250458256958,96492.2
Australia,-0.5292543712637527,0.057737505176323485,-0.825433829512644,-0.1886290954408313,1.583918492407126,0.3237317460522994,-0.23686092464894676,-0.7858502259511322,0.21367848136219245,-0.8655525185559209,0.19373086091164163,0.24923449584333834,-0.14515887065068514,-0.06582735079152735,0.6410618157416145,-0.7005606041880613,-0.8151671935931876,0.575064004911805,-0.5424340925301872,-0.25929878350055285,1.3702616113407233,0.028623675008910172,False,False,False,1.574618096357227,512.4399999999999,166.0,0.27998133457769486,39889.799999999996
Japan,-0.5292543712637527,-0.003402331109347609,0.043901430637586634,-0.7125988049986962,0.8583488669343243,-0.4560511574985897,-0.6456903881886323,-0.3645706575822969,-0.3531079413491937,0.26075451903644914,-0.9175854436775511,-0.3121480579008809,-0.874600431709405,-0.8169894032329321,-0.6844730836982708,0.3542357885668618,-0.20875678362987152,0.13570219701227842,-0.9401008983072742,-0.25929878350055285,0.5618476813461961,-0.3145858574720261,False,False,False,1.0863239573229875,691.68,152.0,0.3599760015998934,23468.8
Wales,0.8629707274176956,-1.1569968245433955,-0.825433829512644,1.3832800332327635,-0.5927903840112789,-1.0957168205676786,-1.6305977321706024,1.4609741386826556,-0.9198943640605799,-1.1543491948616567,-0.9951191393465646,-1.067110802591386,-0.874600431709405,-0.8634530353427097,-1.8443161207081704,-0.5247612053955741,-1.3205092018959508,-0.8642246761383654,-0.2607534384380863,-0.25929878350055285,-0.026089722286186903,-0.04001823148727724,False,False,True,0.32578685808945335,378.84,146.0,0.09142595925830692,21403.6
England,-1.4342006854066942,1.300018354541236,0.47856906071270194,-1.760538224114426,1.583918492407126,1.2862762676229287,2.4762800606598754,-1.7688358854784145,2.480824172207737,1.2137835508453771,1.2275134698318209,1.294567526953268,-0.14515887065068514,1.7036626387225036,2.0494426463964923,1.584831580114272,0.7513930321453784,1.0598770343181776,2.1915251971872802,-0.25929878350055285,-0.2833123363753546,0.165907488001285,False,False,True,6.496519721577726,965.9599999999999,318.3333333333333,3.6481759120439783,81652.5
New Zealand,0.584525707681406,-0.7270023715452647,-1.6947690896628744,1.3832800332327635,0.8583488669343243,-1.5099764880790885,-0.9987703794274518,1.2737387749631732,-1.486680786771966,-1.7030628798425547,-1.7316892482021922,-1.6284933563356052,-1.604041992768125,-1.0609234718092646,-0.35308935883829945,-0.34896180660308695,-0.7140987919326348,-1.0157287478278572,-0.8406841968630037,-0.25929878350055285,1.7744685763379866,-0.3832277639682135,False,False,False,0.537261698440208,284.76,241.0,0.14193090545466275,16966.4
France,-1.2949781755385492,1.1743793503058444,1.7825719509380478,-1.760538224114426,-0.5927903840112789,1.493406101378634,1.2497916700408191,-0.692232544091391,0.21367848136219245,0.8383478716479209,1.8219384699609236,1.1397033741962421,2.0431658125254746,0.7356703031021365,0.7239077469566073,2.639627972869195,1.8631454504114577,0.6205152264186521,1.7110111402066337,-0.25929878350055285,0.5251015936191723,-0.5205115769605884,False,False,True,2.4017957351290686,845.6,117.5,2.3744063984004,59713.5
Spain,-1.3645894304726216,1.4034857697939103,1.3479043208629324,-1.760538224114426,0.13277924146152273,0.9451212473194149,1.7329537633149925,-1.0667032715303557,1.914037749496351,1.7047379005651289,1.9899281439104528,1.2558514887640109,1.3137242514667546,1.7346383934623553,1.9665967151814996,2.288029175284221,1.7115428479206283,0.575064004911805,1.2802054339481246,-0.25929878350055285,-0.24656624864833046,-0.3832277639682135,False,False,True,3.283173734610123,1008.1700000000002,192.6,3.0656447850716426,82143.9
Australia,-0.39003186139560786,0.06781550016846717,0.043901430637586634,-0.1886290954408313,0.13277924146152273,-0.18800078440297155,-0.12536198004721463,0.7120326838047263,0.7804649040735786,-0.3457185012055961,-0.9305077262890533,0.21051845765408395,0.5842826904080348,-0.9215325754799317,-0.9330108773432493,-0.34896180660308695,-0.15822258279959536,0.6053648192497026,-0.3601701398823569,-0.25929878350055285,1.8479607517920342,-0.04001823148727724,False,False,False,0.9389671361502347,614.9,69.25,0.32351038174225044,22132.300000000003
Austria,0.027635668208826642,-0.346054160842233,-0.825433829512644,0.33534061411703364,0.8583488669343243,-0.06615970572314497,-0.7014398604894986,-0.43478391897710283,-0.9198943640605799,-0.5189965069890375,0.2454199913576506,0.05565430489705528,-0.874600431709405,-0.7743977404656359,0.4753699533116288,-0.5247612053955741,-0.30982518529042424,0.575064004911805,0.3026078697461201,-0.25929878350055285,-0.39355059955642635,-0.8637211094415254,False,False,True,1.0889110889110891,579.2800000000001,157.5,0.22607712708143124,24916.5
Portugal,-0.7380881360659699,0.057737505176323485,0.47856906071270194,-0.7125988049986962,0.13277924146152273,0.5552297955439699,0.8967116788019994,-0.9262767487407438,0.7804649040735786,0.8672275392784944,1.3825808611698471,1.0816293169123576,0.5842826904080348,0.25941807397691596,0.6410618157416145,0.8816339849443233,1.00406403629676,0.25690545436387235,0.2860384195054091,-0.25929878350055285,-0.09958189774023486,0.5091170204822221,False,False,True,2.4652338811630847,814.72,145.5,0.6499458378468461,49120.8
Argentina,-1.0165331558022597,1.4975470563872515,0.47856906071270194,-1.2365685145565612,0.8583488669343243,0.7928198989696317,1.1011264105718424,-1.1135121124602263,2.480824172207737,1.502580227151113,1.589337382953883,1.5075057369941782,2.0431658125254746,1.1654589001175795,0.7239077469566073,1.7606309789067591,1.0545982371270366,0.8326209267839401,1.1642192822631405,-0.25929878350055285,-0.7610114768266658,0.5091170204822221,False,True,False,2.89732770745429,998.7599999999999,136.0,0.9873765779277591,70665.59999999999
Chile,1.9071395514287819,-1.590350609205574,-1.2601014595877593,0.8593103236748986,0.8583488669343243,-0.5778922361784162,-0.8686882773920974,1.0630989907787554,-1.486680786771966,-0.576755842250185,-0.9175854436775511,-0.8348145734558458,-0.874600431709405,-0.6582386601911919,-1.512932395848199,-0.5247612053955741,-0.46142778778125315,-1.6671962560926716,-1.022948149510834,-0.25929878350055285,-0.6875193013726179,0.165907488001285,False,True,False,0.6093845216331506,417.17999999999995,172.5,0.09799804003919922,25702.5
Portugal,-1.1557556656704044,1.0077564997690691,0.47856906071270194,-1.2365685145565612,0.8583488669343243,0.45775693260010863,1.2312085126071965,-0.7624458054861969,0.7804649040735786,1.1271445479536573,0.7623112958177399,0.1330863812755696,0.5842826904080348,0.7124384870472477,0.30967809088164316,0.7058345861518361,1.2062008396178652,-0.04610268901511089,1.1642192822631405,-0.25929878350055285,0.6720859445272682,-0.04001823148727724,False,False,True,2.4738675958188154,830.7600000000001,174.75,1.3664389268455255,55570.5
Australia,0.7237482175495508,-0.11627587502135814,0.043901430637586634,0.33534061411703364,-0.5927903840112789,-0.16363256866700623,0.1533853814571167,0.08011333125147345,0.21367848136219245,-0.8944321861864943,0.15496401307713487,0.05565430489705528,-0.874600431709405,-0.5536954879441923,-0.6016271524832779,-1.0521594017730356,-0.8151671935931876,0.3175070830396688,0.05406611613544121,-0.25929878350055285,0.6353398568002444,-0.45186967046440096,False,False,False,1.2694512694512696,491.4,186.0,0.12726887064028364,29425.199999999997
Serbia,0.44530319781326116,-0.9661867860254758,-0.825433829512644,0.8593103236748986,0.13277924146152273,-0.6631809912542949,-0.3111935543834351,-0.13052645293294432,-0.9198943640605799,0.4340325248198905,-0.5040724001094792,-0.38958013427939525,-0.874600431709405,-0.948636360877302,-0.6016271524832779,-1.2279588005655229,0.09444842135178627,0.0599501611675326,0.21976061854256046,-0.25929878350055285,0.2678789795300046,-0.3832277639682135,False,False,True,1.149425287356322,716.5099999999999,135.0,0.20688941760628943,20736.0
Mexico,0.30608068794511634,-0.17741571130702924,0.47856906071270194,0.33534061411703364,-1.3183600094840806,0.45775693260010863,0.4135495855278255,-0.08371761200307372,-0.3531079413491937,0.05859684562243422,0.3487982522496686,-1.1251848598752703,-0.14515887065068514,-0.8673250046851912,-0.1873974964083138,0.0026369909818874074,-0.5624961894418059,-0.1218547248598567,-0.8572536471037145,3.856554922857429,-1.5694254068211928,2.156522776390718,False,False,False,1.4682884448305824,633.64,97.0,0.1740676271249213,21243.0
Australia,0.2364694330110439,-0.050432974406018155,-0.39076619943752866,-0.7125988049986962,1.583918492407126,-0.5047875889705203,-0.6271072307550106,-0.5986148622316497,-0.3531079413491937,0.4340325248198905,-0.3102381609369461,-0.7573824970773314,-0.14515887065068514,-0.9679962075897094,-0.6016271524832779,-0.5247612053955741,-0.410893586950977,-0.47031408974568806,-0.5755729930116115,-0.25929878350055285,0.4148633304381002,-0.2459439509758387,False,False,False,1.2137486573576797,668.56,88.33333333333333,0.19230029614245606,19848.5
South Korea,-0.4596431163296803,0.25929740501919724,-0.39076619943752866,0.8593103236748986,-0.5927903840112789,-0.5778922361784162,-0.7014398604894986,0.19713543357615,-0.9198943640605799,-0.02804215726928675,-0.8142071827855332,-0.23471598152236933,-0.874600431709405,-0.9021727287675244,-0.8501649461282564,-0.34896180660308695,-0.05715418113904263,-0.015801874677213213,0.13691336733900084,-0.25929878350055285,2.1786755413352497,-1.8933497068843355,False,False,False,0.857592446892211,626.78,141.0,0.35622773576651456,21883.199999999997
Algeria,0.3756919428791887,-1.6884430937957735,-1.6947690896628744,0.8593103236748986,1.583918492407126,-1.6927381060988285,-0.7386061753567428,0.4545840586904379,-0.9198943640605799,-0.8944321861864943,-1.8738343569287166,-1.047752783496756,-0.14515887065068514,-0.5769273039990811,-1.5957783270631918,-0.34896180660308695,-1.674248607707885,-0.8187734546315184,-1.5863094576950403,-0.25929878350055285,0.9660546463434594,-1.1382887354262747,True,False,False,0.7748008689355541,423.15,122.0,0.08928252562408485,26864.4
Germany,-1.086144410736332,0.14709572743999721,0.9132366907878172,-0.7125988049986962,-0.5927903840112789,0.48821720227006526,0.39496642809420346,-0.5752104417667147,0.7804649040735786,0.6073105306033325,0.15496401307713487,1.2364934696693837,-0.14515887065068514,-0.09293113618889762,0.9724455406015857,-0.7005606041880613,1.2062008396178652,0.014498939660685543,0.551149623356799,-0.25929878350055285,0.6353398568002444,0.3718332074898472,False,False,True,1.785334750265675,743.6,163.66666666666666,1.1712612483930867,41833.200000000004
Canada,1.419860766890275,-1.1643873542043017,-1.6947690896628744,0.33534061411703364,2.3094881178799276,-1.3028466543233836,-1.1288524814628065,1.7418271842618789,-1.486680786771966,-1.6453035445814075,-1.6670778351446809,-0.44765419156327957,-1.604041992768125,-1.1035151345765608,-0.6016271524832779,-0.17316240781059977,-1.2699750010656747,-1.4550905557273837,-1.7685734103428703,3.856554922857429,-2.4145854245427434,0.9209684594593458,False,False,False,0.4453650958052823,274.95,230.0,0.07674240133950373,17595.0
Portugal,-1.086144410736332,0.9533353268114922,0.47856906071270194,-1.2365685145565612,0.8583488669343243,0.37246817752423,-0.10677882261359255,-0.7156369645563263,-0.3531079413491937,1.358181888998245,0.8656895567097579,0.36538261041110986,0.5842826904080348,-0.08518719750393468,1.303829265461557,0.8816339849443233,1.2062008396178652,0.408409526053364,0.5180107228753746,-0.25929878350055285,-0.09958189774023486,-0.3832277639682135,False,False,True,1.600454029511918,922.7399999999999,123.25,1.1712612483930867,39785.1
Colombia,-1.0165331558022597,1.005740900770639,0.47856906071270194,-1.2365685145565612,0.8583488669343243,0.8415563304415623,0.9524611511028657,-1.0198944306004851,1.3472513267849648,1.0982648803230832,0.8527672740982556,0.44281468678962144,0.5842826904080348,-0.027107657366712664,0.7239077469566073,0.1784363897743746,0.195516823012339,0.8932225554597365,0.7996913769674778,-0.25929878350055285,-0.9814880031888094,-0.3145858574720261,False,True,False,2.6364846870838883,924.8,127.0,0.7749031371078616,41198.799999999996
Austria,-0.39003186139560786,-0.9473745287068064,0.043901430637586634,-0.1886290954408313,0.13277924146152273,0.44557282473212595,0.32063379835971506,-0.08371761200307372,0.7804649040735786,0.0008375103612867341,0.6072439044797129,-0.4670122106579068,-0.14515887065068514,-0.8363492499453394,-0.8501649461282564,-1.0521594017730356,-0.5119619886115298,0.3175070830396688,-0.8738230973444255,-0.25929878350055285,-0.24656624864833046,0.9896103659555332,False,False,True,1.4248479582971332,658.8,99.66666666666667,0.2823363331568731,22843.600000000002
Belgium,-0.6684768811318975,0.7423692983092853,0.9132366907878172,-0.1886290954408313,-1.3183600094840806,0.4333887168641433,0.32063379835971506,-0.692232544091391,0.21367848136219245,0.9538665421702153,0.9432232523787714,0.2685925149379683,-0.14515887065068514,0.913780892856284,0.30967809088164316,1.584831580114272,0.39765362633344403,0.6811168550944485,0.5842885238382233,-0.25929878350055285,0.4516094181651247,-0.10866013798346465,False,False,True,1.8406285072951738,874.1999999999999,250.33333333333334,0.5076532574417353,60230.200000000004
Italy,-1.2253669206044768,0.8115715305886716,0.9132366907878172,-0.1886290954408313,-1.3183600094840806,0.6161503348838832,0.09763590915625042,-1.2305342147849025,0.21367848136219245,0.8672275392784944,0.18080857830013938,0.44281468678962144,0.5842826904080348,0.8866771074589137,0.39252402209663595,-0.7005606041880613,0.09444842135178627,1.453787620710856,1.230497083225987,-0.25929878350055285,-0.1730740731942828,0.5777589269784095,False,False,True,2.2995461422087744,934.8,186.0,1.1997600479904018,60338.399999999994
Cameroon,1.0021932372858404,-0.7243149062140273,-0.39076619943752866,0.33534061411703364,0.13277924146152273,-1.2723863846534271,-0.7014398604894986,0.5716061610151144,-0.3531079413491937,-1.2409881977533772,-1.6412332699216763,-1.2219749553484118,-0.874600431709405,-0.782141679150599,-1.512932395848199,-1.5795575981504972,-1.168906599405122,-1.4096393342205356,-0.7412674954187307,-0.25929878350055285,0.6353398568002444,-1.3442144549148365,True,False,False,0.7617051013277429,336.54,156.5,0.0945920380530256,22692.5
France,-1.086144410736332,1.5701086203306855,1.7825719509380478,-1.760538224114426,-0.5927903840112789,1.4812219935106512,2.3276148011908995,-0.7156369645563263,0.7804649040735786,1.762497235826276,1.4988814046733674,1.4687896988049238,1.3137242514667546,0.8750611994314693,2.2979804400414707,0.530035187359349,1.8631454504114577,1.37803558486611,2.174955746946567,-0.25929878350055285,0.15764071634893284,0.8523265529631584,False,False,True,3.0874006810442682,1116.3,148.2,1.3569490072846735,64022.4
USA,0.7933594724836233,-0.73506476753898,0.043901430637586634,0.8593103236748986,-1.3183600094840806,0.31154763818431674,0.33921695579333716,0.618415001944985,0.21367848136219245,-0.17244049542215467,-0.8012849001740309,0.404098648600367,-0.14515887065068514,-0.6079030587389328,0.30967809088164316,-0.8763600029805485,-0.7646329927629114,0.5599135977428557,0.05406611613544121,3.856554922857429,-2.1941088981806,1.9505970569021562,False,False,False,1.137146795313577,644.96,119.33333333333333,0.12646686862151113,28962.2
Honduras,1.5590832767584197,-1.5977411388664802,-1.6947690896628744,0.8593103236748986,1.583918492407126,-1.570897027419002,-0.3297767118170572,0.9460768884540793,-0.3531079413491937,-0.8077931832947733,-1.5766218568641652,-1.3768391081054379,-0.874600431709405,-1.1925704294536346,-1.098702739773235,-0.17316240781059977,-1.8763854110289904,-0.47031408974568806,-1.2880593533622238,-0.25929878350055285,-2.120616722726552,0.7150427399707835,False,False,False,0.8108108108108109,458.71999999999997,103.5,0.04666562965267439,14841.900000000001
Honduras,1.419860766890275,-1.672318301808343,-0.825433829512644,0.8593103236748986,0.13277924146152273,-0.5778922361784162,-0.8686882773920974,0.33756195636576186,-1.486680786771966,-1.2121085301228036,-0.24562674787943486,-1.1639008980645276,-1.604041992768125,-0.7511659244107471,-1.2643946022032206,0.0026369909818874074,-0.2592909844601481,-0.5460661255904339,-1.5200316567321916,-0.25929878350055285,-1.6796636700022645,2.156522776390718,False,False,False,0.7513148009015778,386.4,321.0,0.12325294760586963,23368.8
France,-1.5038119403407666,1.3772829828143376,1.3479043208629324,-1.760538224114426,0.13277924146152273,1.5786948564545125,0.6551306321649126,-0.4815927599069735,1.3472513267849648,0.7805885363867738,0.3875651000841754,1.5849378133726926,2.0431658125254746,0.8131096899517659,0.5582158845266216,0.3542357885668618,2.0652822537325632,2.241608793496213,1.9926917942987368,-0.25929878350055285,0.2311328918029808,-0.7264372964491506,False,False,True,1.8552497451580021,993.83,120.83333333333333,9.890109890109892,63075.0
Germany,-0.9469219008681872,1.0017097027737822,1.3479043208629324,-1.2365685145565612,-0.5927903840112789,1.1827113507450762,0.6365474747312906,-1.2773430557147731,0.21367848136219245,0.3185138542975966,-0.23270446526793262,-0.3702221151847653,-0.874600431709405,1.1964346548574312,0.14398622845165748,0.3542357885668618,0.953529835466484,1.287133141852415,0.9156775286524618,-0.25929878350055285,0.4516094181651247,-0.45186967046440096,False,False,True,2.8237129485179406,803.32,412.0,0.8554605043884014,63365.600000000006
Netherlands,-0.3204206064615354,0.2646723356816736,0.9132366907878172,-1.2365685145565612,0.13277924146152273,0.2018906673724735,0.7852127342002669,-0.013504350608267785,1.3472513267849648,1.0693852126925099,0.10327488263112587,0.9074071450607019,0.5842826904080348,0.24393019660699009,0.5582158845266216,0.3542357885668618,1.0545982371270366,0.408409526053364,-0.128197836512389,-0.25929878350055285,-0.3200584241023784,-0.04001823148727724,False,False,True,1.6003386960203219,868.14,144.5,0.43886450752735956,48263.0
Algeria,1.7679170415606371,-0.4750524967416725,-1.6947690896628744,1.3832800332327635,0.8583488669343243,-1.400319517267245,-1.0173535368610738,1.3907608772878497,-1.486680786771966,-1.0677101919699357,-1.1114196828500849,-1.047752783496756,-0.874600431709405,-1.18095452142619,-1.2643946022032206,-1.40375819935801,-0.8657013944234642,-0.3945620539009423,-0.32703123940093254,-0.25929878350055285,1.296769435886675,-1.1382887354262747,True,False,False,0.5165637282425604,419.04999999999995,105.0,0.08541488718985021,15414.000000000002
Chile,1.7679170415606371,-1.589678742872765,-0.39076619943752866,0.8593103236748986,-0.5927903840112789,-1.2480181689174616,-1.333267213232649,0.12692217218134408,-0.3531079413491937,-1.0099508567087887,-0.9692745741235601,-1.2219749553484118,-1.604041992768125,-0.7511659244107471,-1.015856808558242,-1.0521594017730356,-1.4215776035565035,-1.5308425915721295,-1.3874760548064966,-0.25929878350055285,-0.06283581001321072,-0.17730204447965206,False,True,False,0.6043513295729251,363.65999999999997,321.0,0.06249869794379284,23272.5
Chile,0.6541369626154784,-1.4573210753092776,-1.2601014595877593,1.3832800332327635,0.13277924146152273,-1.2419261149834704,-0.5899409158877664,1.6248050819372024,-0.3531079413491937,-1.269867865383951,-0.6591397914475061,-1.2800490126322963,-0.14515887065068514,-1.02220377838445,-0.5187812212682851,-0.34896180660308695,-2.6343984234831357,-1.6217450345858235,-0.890392547585139,-0.25929878350055285,-0.06283581001321072,0.23454939449747242,False,True,False,0.6113769271664009,321.36,83.66666666666667,0.018749414080809976,18122.2
Uruguay,-1.086144410736332,1.142801632663794,1.3479043208629324,-0.7125988049986962,-1.3183600094840806,0.7318993596297184,0.1719685388907388,-1.2071297943199673,0.7804649040735786,1.3870615566288191,1.0595237958822916,1.100987336006985,0.5842826904080348,0.21295444186713836,0.7239077469566073,1.584831580114272,0.2965852246728918,0.3932591188844146,0.7002746755232072,-0.25929878350055285,-1.0182340909158336,-0.3145858574720261,False,True,False,2.3248882265275705,926.5,142.5,0.9141551206970433,48165.0
England,-1.3645894304726216,1.5170311800387297,0.9132366907878172,-0.7125988049986962,-0.5927903840112789,0.9390291933854236,2.030284282252946,-1.6986226240836084,0.7804649040735786,1.618098897673408,2.1966846656944887,1.6042958324673198,2.0431658125254746,0.8131096899517659,1.303829265461557,1.4090321813217848,0.6503246304848257,1.9386006501172295,0.8659691779303265,-0.25929878350055285,0.4516094181651247,-0.6577953899529632,False,False,True,5.5531453362255965,1151.66,120.83333333333333,2.3658780406531155,63147.49999999999
Jamaica,0.584525707681406,-1.650146712825627,-0.39076619943752866,0.33534061411703364,0.13277924146152273,-0.443867049630607,-1.7235135193387126,0.36096637683069716,-1.486680786771966,-1.1254695272310828,-1.460321313360645,-1.2026169362537846,-0.14515887065068514,-0.8634530353427097,-0.7673190149132636,-1.2279588005655229,-0.36035938612070084,-0.9399767119831113,-0.6584202442151711,-0.25929878350055285,-1.9368862840914323,1.5387456179250316,False,False,False,0.4026845637583893,379.31000000000006,97.33333333333333,0.1645108222315409,21199.199999999997
Canada,0.6541369626154784,-1.5970692725336697,-1.2601014595877593,0.8593103236748986,0.8583488669343243,-0.5230637507724943,-0.775772490223987,0.4077752177605678,-1.486680786771966,-0.4612371717278905,-1.796300661259703,-0.40893815337402245,-0.14515887065068514,-0.940892422192339,-1.7614701894931775,-0.7005606041880613,-1.47211180438678,-0.636968568604128,-1.056087049992258,3.856554922857429,-2.120616722726552,2.087880869894531,False,False,False,0.7714915503306393,505.62,90.66666666666667,0.09062216805724821,20862.4
Serbia,-0.5292543712637527,-0.5422391300226305,-0.825433829512644,-0.7125988049986962,2.3094881178799276,-0.4012226720926677,-0.1996946097817026,0.033304490321602834,-0.3531079413491937,-0.692274512772479,0.31003140441516186,0.03629628580242807,0.5842826904080348,-0.6001591200539699,0.06114029723666467,-0.5247612053955741,-0.7140987919326348,0.5902144120807533,-0.37673959012306785,-0.25929878350055285,0.08414854089488487,0.8523265529631584,False,False,True,1.132389675270608,546.84,90.0,0.2933137790813946,28440.0
Honduras,1.0718044922199128,-1.1690904185339674,-0.825433829512644,1.3832800332327635,-0.5927903840112789,-0.5474319665084596,-1.6491808896042246,1.2971431954281085,-0.9198943640605799,-1.0677101919699357,-1.2147979437421021,-1.4736292035785794,-1.604041992768125,-0.6621106295336734,-0.2702434276233066,-0.17316240781059977,-1.1183723985748455,-1.5459929987410777,-1.8182817610650057,-0.25929878350055285,-2.047124547272504,1.6760294309174064,False,False,False,0.3331418724870764,354.45000000000005,344.0,0.09473434909607643,24492.8
Sweden,-0.7380881360659699,0.24384447936457723,0.043901430637586634,-0.1886290954408313,0.13277924146152273,-0.5413399125744683,0.39496642809420346,0.4779884791553732,-0.3531079413491937,-0.8366728509253468,0.4134096653071799,-0.4670122106579068,-0.874600431709405,0.06581960685284256,-0.9330108773432493,0.1784363897743746,0.09444842135178627,-0.2885092037182977,0.56771907359751,-0.25929878350055285,0.3781172427110764,0.3031913009936598,False,False,True,1.2077641984184042,465.00000000000006,266.0,0.49995833680526625,40644.8
Brazil,-1.5038119403407666,1.8751359354262351,0.47856906071270194,-1.2365685145565612,0.8583488669343243,0.9146609776494583,1.62145481871326,-1.7220270445485437,0.21367848136219245,0.7805885363867738,1.1112129263283006,2.1076043289276574,0.5842826904080348,2.6368072502605373,1.6352129903215284,0.0026369909818874074,1.155666638787589,0.6356656335876014,1.1476498320224273,-0.25929878350055285,0.010656365440836913,0.4404751139860346,False,True,False,5.188470066518846,835.89,299.0,8.091908091908092,107281.2
Costa Rica,1.8375282964947095,-1.0555450082891495,-0.39076619943752866,1.9072497427906285,-1.3183600094840806,-1.1505453059736004,-0.5899409158877664,0.8758636270592735,-0.3531079413491937,-1.0965898596005093,-0.6462175088360039,-1.2800490126322963,-1.604041992768125,-0.5691833653141182,-0.8501649461282564,-0.8763600029805485,-1.3710434027262273,-1.682346663261621,-0.6749896944558844,-0.25929878350055285,-2.0838706349995277,0.8523265529631584,False,False,False,0.7367072389493914,342.71999999999997,368.0,0.06326401502010164,26569.600000000002
Belgium,-0.5988656261978251,0.010706861879652944,0.043901430637586634,-1.2365685145565612,1.583918492407126,0.5856900652139265,0.2648843260588492,-0.7858502259511322,0.21367848136219245,1.0116258774313622,-0.00010337826089212129,0.2879505340325955,-0.14515887065068514,0.19359459515473101,-0.021705633978328157,1.2332327825292977,0.8524614338059312,0.8629217411218388,1.1807887325038515,-0.25929878350055285,0.5251015936191723,-0.17730204447965206,False,False,True,1.891891891891892,904.3199999999999,188.33333333333334,0.5356760231412042,45369.5
Austria,-0.3204206064615354,-0.2949923195487056,0.47856906071270194,0.33534061411703364,-1.3183600094840806,0.21407477524045615,-0.29261039694981306,-0.17733529386281444,-0.9198943640605799,-0.2590794983138751,0.5297102088106994,-0.021777771481456296,-0.874600431709405,-0.4840000397795259,0.30967809088164316,-1.0521594017730356,-0.20875678362987152,-0.2885092037182977,-0.42644794084520554,-0.25929878350055285,-0.5037888627374981,0.028623675008910172,False,False,True,1.1791179117911792,565.0,195.0,0.2999833342592078,30693.0
Algeria,1.2110270020880578,-0.76798621784665,-1.6947690896628744,1.3832800332327635,0.8583488669343243,-0.47432731930056365,-0.47844197128603394,1.4375697182177203,-0.3531079413491937,-1.7608222151037018,-1.512010443806654,-1.0864688216860132,-0.874600431709405,-0.8634530353427097,-0.8501649461282564,-0.5247612053955741,-1.4215776035565035,-0.9551271191520606,-1.1720732016772422,-0.25929878350055285,1.0762929095245315,-0.9323630159377124,True,False,False,0.6718489727928928,278.15999999999997,146.0,0.07499812504687384,21374.4
England,-1.0165331558022597,1.4760473337373445,1.7825719509380478,-1.2365685145565612,-1.3183600094840806,1.627431287926443,2.2532821714564113,-1.5581961012939967,1.914037749496351,2.1956922502848797,1.641026513399892,1.5268637560888083,1.3137242514667546,1.517808110283393,0.8895996093865929,0.1784363897743746,0.6503246304848257,1.1659298845008221,1.2967748841888356,-0.25929878350055285,-0.4670427750104743,-0.10866013798346465,False,False,True,5.143953934740883,1180.0800000000002,181.4,0.8873890763654544,78636.90000000001
Argentina,-1.3645894304726216,1.0232094254236892,0.9132366907878172,-1.2365685145565612,0.13277924146152273,0.9207530315834496,1.9745348099520794,-1.3007474761797084,0.21367848136219245,0.9827462098007888,1.5118036872848697,1.7978760234136029,2.0431658125254746,1.204178593542394,2.215134508826478,1.584831580114272,0.7008588313151023,1.6810437282450934,1.2636359837074111,-0.25929878350055285,0.2678789795300046,1.1955360854440955,False,True,False,4.009508716323296,982.8,137.66666666666666,2.3992002665778074,72770.59999999999
Argentina,-1.2949781755385492,0.8680083025446754,1.3479043208629324,-1.760538224114426,0.13277924146152273,2.011230685767896,1.7701200781822368,-1.2305342147849025,1.3472513267849648,1.4737005595205401,1.9899281439104528,2.1656783862115416,0.5842826904080348,0.7782619658694326,2.0494426463964923,1.9364303776992462,1.5094060445995239,0.5902144120807533,1.0150942300967323,-0.25929878350055285,-0.1363279854672587,1.4014618049326577,False,True,False,3.6611195158850225,965.34,179.0,2.1994501374656337,64440.0
Morocco,0.09724692314289907,-0.2654302009050835,0.043901430637586634,-0.1886290954408313,0.13277924146152273,0.42120460899616063,0.07905275172262834,-0.5518060213017794,0.21367848136219245,0.0008375103612867341,0.5684770566452061,0.03629628580242807,-0.14515887065068514,-0.15101067632611964,0.30967809088164316,0.0026369909818874074,-0.10768838196931922,0.19630382568807592,0.020927215654016892,-0.25929878350055285,0.4883555058921485,-1.5501401744033987,True,False,False,1.587802313354364,649.04,158.66666666666666,0.2333236115161868,37604.0
Netherlands,-1.0165331558022597,0.41046732990135254,0.9132366907878172,-1.2365685145565612,0.13277924146152273,0.8110960607716057,0.32063379835971506,-0.7858502259511322,-0.3531079413491937,0.49179186008103803,0.46509879575318813,1.2364934696693837,1.3137242514667546,-0.21296218580582313,0.5582158845266216,-0.8763600029805485,1.3072692412784184,0.8174705196149907,1.197358182744565,-0.25929878350055285,-0.724265389099642,0.3718332074898472,False,False,True,1.927144535840188,796.47,92.0,1.0498687664041997,39192.0
Serbia,0.8629707274176956,0.09603388614646981,0.47856906071270194,-0.1886290954408313,-0.5927903840112789,-0.6205366137163556,0.24630116862522713,0.12692217218134408,0.21367848136219245,0.11635618088358118,0.5943216218682107,-0.718666458888077,0.5842826904080348,-0.2981455113404154,-0.9330108773432493,0.8816339849443233,-0.6130303902720825,-0.9399767119831113,-0.9898092490294095,-0.25929878350055285,0.4516094181651247,-0.2459439509758387,False,False,True,1.2892828364222404,575.82,109.5,0.13142481643381618,32893.799999999996
Ghana,0.7237482175495508,-1.720692677770633,-0.825433829512644,0.33534061411703364,0.8583488669343243,-0.6266286676503469,-1.054519851728318,0.1737310131112147,-0.9198943640605799,-0.9233118538170678,-1.6283109873101742,-0.6218763634149355,-1.604041992768125,-0.9834840849596352,-1.3472405334182134,-0.17316240781059977,-1.7753170093684378,-0.9551271191520606,-1.619448358176462,-0.25929878350055285,0.6353398568002444,-1.6874239873957735,True,False,False,0.7137192704203015,410.40000000000003,261.0,0.06969485773158389,19731.6
Germany,-0.39003186139560786,0.28953138999562833,0.47856906071270194,-1.2365685145565612,0.8583488669343243,0.5186774719400219,0.1533853814571167,-0.5518060213017794,-0.3531079413491937,0.20299518377530215,1.0853683611052962,0.19116043855945397,0.5842826904080348,0.3484733688539897,0.30967809088164316,-0.34896180660308695,0.5492562288242734,0.014498939660685543,1.4127610358738194,-0.25929878350055285,0.4516094181651247,-0.8637211094415254,False,False,True,1.629863301787592,670.8000000000001,151.25,0.4058584789130051,48279.0
Poland,0.5149144527473336,0.33118710262982254,0.043901430637586634,-0.1886290954408313,0.13277924146152273,-0.12098819112906693,-0.29261039694981306,-0.3411662371173616,-0.9198943640605799,-0.8655525185559209,-0.6332952262245016,0.1330863812755696,-0.14515887065068514,-0.6775985069035992,0.14398622845165748,-0.8763600029805485,0.39765362633344403,0.19630382568807592,-0.8241147466222902,-0.25929878350055285,-0.39355059955642635,0.9209684594593458,False,False,True,1.2584053794428436,489.44,113.33333333333333,0.21999266691110295,27030.0
Netherlands,-0.6684768811318975,0.5206534084821242,0.47856906071270194,-0.1886290954408313,-0.5927903840112789,1.1156987574711714,1.0453769382709757,-1.090107691995291,0.7804649040735786,1.0405055450619363,0.12911944785413038,0.09437034308631245,0.5842826904080348,0.5691756213754334,0.4753699533116288,0.3542357885668618,0.7513930321453784,0.48416156189810977,0.3191773199868311,-0.25929878350055285,0.010656365440836913,0.3718332074898472,False,False,True,2.815533980582524,870.58,165.5,0.5614952695946466,52496.6
Denmark,0.027635668208826642,-0.9561087910333321,0.47856906071270194,-0.1886290954408313,-0.5927903840112789,0.12269396623058622,-0.3297767118170572,-0.6688281236264557,-0.9198943640605799,0.40515285718931704,0.5426324914222016,-0.8348145734558458,-0.874600431709405,0.027099913428027884,-0.35308935883829945,0.3542357885668618,-0.2592909844601481,0.21145423285702422,-0.21104508771594863,-0.25929878350055285,0.5618476813461961,-0.45186967046440096,False,False,True,1.4317425083240845,724.88,261.0,0.23042476414068952,38889.0
Peru,0.7933594724836233,-1.4667272039686123,-1.2601014595877593,1.9072497427906285,-0.5927903840112789,-1.6744619442968545,-1.4447661578343818,1.0162901498488852,-0.9198943640605799,-1.5875442093202603,-1.847989791705712,-0.718666458888077,-1.604041992768125,-0.8208613725754136,-1.8443161207081704,-1.2279588005655229,-1.3205092018959508,-0.6672693829420268,-0.5921424432523248,-0.25929878350055285,-0.650773213645594,0.9896103659555332,False,True,False,0.4256631708821715,318.25,303.0,0.09411487897414783,22755.3
Turkey,1.2806382570221302,-0.5590357883428699,-0.825433829512644,1.9072497427906285,-1.3183600094840806,-1.7475665915047505,-0.5156082861532781,1.5077829796125264,-0.9198943640605799,-0.9810711890782148,-1.008041421958067,-0.8154565543612186,-1.604041992768125,-0.6969583536160066,-1.6786242582781847,-0.8763600029805485,-0.9667697960840167,-1.1975336338552474,-0.7246980451780197,-0.25929878350055285,-0.4670427750104743,0.6464008334745961,False,False,True,0.6499180775532496,387.20000000000005,335.0,0.09511963122850663,24990.999999999996
Argentina,-1.4342006854066942,1.7985431734859425,1.7825719509380478,-1.760538224114426,-0.5927903840112789,1.255815997952972,1.1754590403063307,-1.8156447264082851,1.914037749496351,0.9249868745396418,1.1499797741628073,1.9720981952652588,0.5842826904080348,2.5167762006436116,1.8837507839665069,0.1784363897743746,-0.10768838196931922,1.1356290701629232,1.3630526851516842,-0.25929878350055285,-0.7977575645536896,-0.10866013798346465,False,True,False,5.109489051094891,914.76,291.25,2.798600699650175,103685.0
Mexico,0.30608068794511634,-0.6302536196206863,-0.825433829512644,0.33534061411703364,0.8583488669343243,0.35419201572225606,0.09763590915625042,-0.8560634873459382,0.7804649040735786,-0.8077931832947733,-0.4136164218289634,-0.8154565543612186,-0.874600431709405,-0.030979626709194134,0.14398622845165748,-0.7005606041880613,-0.9162355952537403,-1.0308791549968064,-0.757836945659444,3.856554922857429,-1.7899019331833363,1.9505970569021562,False,False,False,1.851400730816078,423.94000000000005,253.5,0.14814266138291174,37822.2
Netherlands,-0.6684768811318975,0.6362144177253706,0.043901430637586634,-0.1886290954408313,0.13277924146152273,0.9451212473194149,1.1940421977399525,-0.7624458054861969,0.7804649040735786,1.3870615566288191,0.40048738269567763,0.42345666769499424,0.5842826904080348,0.549815774663026,0.30967809088164316,0.3542357885668618,-0.15822258279959536,0.5296127834049569,0.7499830262453425,-0.25929878350055285,0.708832032254292,-0.3832277639682135,False,False,True,2.4506387921022066,941.8,164.25,0.42304438120144605,53217.0
Brazil,-1.086144410736332,2.258099745127695,0.9132366907878172,-1.760538224114426,0.8583488669343243,1.9807704160979396,1.0453769382709757,-0.5986148622316497,0.7804649040735786,1.0116258774313622,1.3567362959468425,1.8946661188867444,1.3137242514667546,1.8856451978191324,1.7180589215365212,0.8816339849443233,0.8524614338059312,0.49931196906705916,1.611594438762363,-0.25929878350055285,-0.9079958277347617,0.4404751139860346,False,True,False,2.1804511278195484,866.64,200.4,1.0712755320668474,88777.2
Iran,0.44530319781326116,-0.6510814759377825,-0.39076619943752866,0.33534061411703364,0.13277924146152273,-1.3211228161253576,-1.296100898365405,0.31415753590082657,-1.486680786771966,-1.3276272006450982,-1.1243419654615872,-1.3187650508215534,-0.14515887065068514,-0.5227197332043405,-0.8501649461282564,-1.5795575981504972,-1.017303996914293,-1.7126474775995189,-1.4868927562507672,-0.25929878350055285,1.3702616113407233,-1.0010049224339,False,False,False,0.5828917486752461,308.56,126.66666666666667,0.1310299644839833,27360.0
Poland,0.6541369626154784,-0.22579008726931923,-0.39076619943752866,-0.7125988049986962,1.583918492407126,-0.6692730451882862,-0.8501051199584753,0.4077752177605678,-0.9198943640605799,-0.20132016305272818,-0.8400517480085377,-0.21535796242773936,-0.14515887065068514,-0.027107657366712664,-0.35308935883829945,-0.34896180660308695,-0.20875678362987152,-0.18245635353565315,0.5842885238382233,-0.25929878350055285,-0.43029668728345016,0.6464008334745961,False,False,True,0.7421013960323292,583.0500000000001,169.33333333333334,0.1687447267272898,39471.6
Netherlands,-0.39003186139560786,0.4158422605638289,1.3479043208629324,-0.7125988049986962,-1.3183600094840806,0.5613218494779613,0.4507159003950697,-1.2305342147849025,0.7804649040735786,0.17411551614472867,1.3438140133353405,1.2752095078586407,-0.14515887065068514,0.8634452914040249,-0.10455156519332098,0.7058345861518361,0.5997904296545495,0.3175070830396688,0.3191773199868311,-0.25929878350055285,-0.026089722286186903,-0.17730204447965206,False,False,True,2.5869894099848714,691.2,246.0,0.41174048585377326,63025.200000000004
Nigeria,1.6286945316924923,-0.6826591935798331,-1.6947690896628744,0.8593103236748986,1.583918492407126,-1.1749135217095659,-0.7014398604894986,2.3503421163501965,-0.3531079413491937,-0.8655525185559209,-1.8350675090942097,-0.4670122106579068,-0.14515887065068514,-0.650494721506229,-1.098702739773235,-0.17316240781059977,-1.5731802060473326,-0.7127206044488739,-1.3377677040843614,-0.25929878350055285,0.19438680407595665,-1.824707800388148,True,False,False,0.4974897307165678,434.24,115.66666666666667,0.05869437620921285,26510.800000000003
Morocco,0.30608068794511634,-0.7760486138403637,0.47856906071270194,-0.1886290954408313,-0.5927903840112789,0.12878602016457755,-0.8315219625248532,-0.8794679078108733,-0.3531079413491937,-0.4612371717278905,-0.2068599000449281,0.3460245913164799,0.5842826904080348,0.061947637510361094,-0.10455156519332098,0.8816339849443233,0.3471194255031679,-0.24305798221145064,-0.17790618723452667,-0.25929878350055285,0.6720859445272682,-0.6577953899529632,True,False,False,1.2577065351418002,533.18,132.75,0.24073182474723157,42798.6
Mexico,-0.25080935152746303,-1.0555450082891495,0.47856906071270194,-0.1886290954408313,-0.5927903840112789,-0.14535640686503226,0.02330327942176207,0.5013928996203085,0.7804649040735786,0.0008375103612867341,-0.5169946827209814,-0.854172592550473,-0.874600431709405,-0.708574261643451,0.06114029723666467,-0.8763600029805485,-0.36035938612070084,0.45386074756021105,-0.9235314480665633,3.856554922857429,-1.5694254068211928,1.8133132439097814,False,False,False,1.0563882940756604,669.78,166.0,0.2684069259512657,24700.800000000003
Brazil,-1.1557556656704044,2.20166297317169,1.7825719509380478,-0.7125988049986962,-1.3183600094840806,1.8284690677481563,2.2532821714564113,-1.0667032715303557,2.480824172207737,1.2137835508453771,1.6151819481768876,1.7591599852243485,1.3137242514667546,1.335825551186764,1.2209833342465641,0.7058345861518361,1.256735040448142,0.7265680766012966,1.4293304861145304,-0.25929878350055285,-0.650773213645594,0.9896103659555332,False,True,False,3.666210670314638,929.88,172.0,1.3831028161973005,75594.0
France,-1.5038119403407666,1.6151236646289278,1.7825719509380478,-0.7125988049986962,-1.3183600094840806,1.7249041508703042,0.8781285213683774,-1.511387260364126,1.3472513267849648,2.1956922502848797,1.8994721656299371,1.1397033741962421,2.0431658125254746,1.5797596197630965,0.39252402209663595,1.584831580114272,1.96421385207201,1.7264949497519404,1.1145109315410053,-0.25929878350055285,-0.20982016092130662,0.028623675008910172,False,False,True,3.585951940850277,1253.34,153.83333333333334,9.690309690309691,78178.1
Chile,1.2110270020880578,-0.8452508461197515,-0.825433829512644,1.3832800332327635,-0.5927903840112789,-1.832855346580629,-0.9430209071265857,1.5311874000774617,-1.486680786771966,-1.0099508567087887,-1.1760310959075955,-0.699308439793447,-1.604041992768125,-0.9718681769321909,-0.35308935883829945,-1.40375819935801,-0.10768838196931922,-0.7127206044488739,-1.304628803602937,-0.25929878350055285,-0.43029668728345016,1.1955360854440955,False,True,False,0.5214557305812059,410.64,264.0,0.1399965000874978,19852.8
Peru,1.3502495119562026,-1.2638235714601191,-0.825433829512644,0.8593103236748986,0.13277924146152273,-0.535247858640477,-0.9430209071265857,1.6014006614722676,-0.3531079413491937,-0.7789135156641999,-0.47822783488647463,-1.3768391081054379,-1.604041992768125,-1.088027257206635,-0.5187812212682851,-0.8763600029805485,-0.5624961894418059,-1.2732856696999932,-0.9732397987886985,-0.25929878350055285,-1.1284723540969053,0.09726558150509758,False,True,False,0.51309460181721,413.25,234.0,0.1119020975691055,16777.8
Morocco,0.7933594724836233,-1.0300140876423858,0.47856906071270194,-0.7125988049986962,0.13277924146152273,-0.6327207215843382,-0.40410934155154554,0.31415753590082657,-0.3531079413491937,0.14523584851415466,-0.45238326966347014,0.22987647674871114,-0.874600431709405,-0.3252492967377857,-0.021705633978328157,0.530035187359349,0.195516823012339,-0.015801874677213213,-1.006378699270123,-0.25929878350055285,1.1497850849785791,-1.824707800388148,True,False,False,0.9462528387585163,657.8599999999999,215.5,0.18234757801241142,34480.0
Jamaica,1.5590832767584197,-0.39308480413890357,-0.39076619943752866,0.33534061411703364,0.13277924146152273,-0.9373234182839043,-0.6271072307550106,0.9460768884540793,-1.486680786771966,-1.5586645416896867,-0.2714713131024394,-1.1832589171591548,-1.604041992768125,-0.6659825988761549,-0.5187812212682851,-0.17316240781059977,-1.1183723985748455,-0.5460661255904339,-1.072656500232969,-0.25929878350055285,-2.157362810453576,1.5387456179250316,False,False,False,0.71024512884978,328.44,343.0,0.07999822226172752,24936.100000000002
Australia,0.2364694330110439,-0.2916329878846577,0.47856906071270194,0.8593103236748986,-1.3183600094840806,0.04349726508869894,-0.27402723951619096,-0.3411662371173616,0.7804649040735786,-0.20132016305272818,-0.6849843566705106,-0.6799504206988198,-0.874600431709405,-1.0105878703570055,-0.7673190149132636,-0.5247612053955741,-0.15822258279959536,-0.7430214187867725,0.037496665894730226,-0.25929878350055285,1.553992049975843,-0.2459439509758387,False,False,False,1.2680115273775219,540.5,127.0,0.21153032575670166,19126.2
England,-1.2949781755385492,1.2603782409054702,1.3479043208629324,-1.760538224114426,0.13277924146152273,1.5482345867845557,1.1940421977399525,-1.7220270445485437,1.914037749496351,1.358181888998245,1.8219384699609236,1.4300736606156668,2.0431658125254746,1.4055209993514304,0.5582158845266216,2.639627972869195,1.6104744462600762,1.0144258128113304,1.1642192822631405,-0.25929878350055285,0.708832032254292,1.0582522724517205,False,False,True,4.6784922394678485,990.3399999999999,146.33333333333334,2.249437640589852,75683.6
England,-1.2253669206044768,1.435063487435961,0.9132366907878172,-1.760538224114426,0.8583488669343243,0.9207530315834496,1.900202180217592,-1.6050049422238672,2.480824172207737,2.080173579762585,1.9253167308529415,0.9074071450607019,1.3137242514667546,2.075371695600724,2.0494426463964923,1.7606309789067591,0.801927232975655,1.5143892493866524,1.3133443344295466,-0.25929878350055285,-0.06283581001321072,-0.8637211094415254,False,False,True,4.970059880239521,1200.86,210.2,1.4797040591881623,87758.5
Belgium,-0.8076993910000424,1.0494122124032619,1.3479043208629324,-0.7125988049986962,-1.3183600094840806,0.35419201572225606,0.5993811598640464,-0.3411662371173616,-0.3531079413491937,0.23187485140587563,1.3696585785583448,1.0429132787231006,0.5842826904080348,1.211922532227357,-0.1873974964083138,-0.17316240781059977,1.00406403629676,0.19630382568807592,0.9985247798560213,-0.25929878350055285,0.34137115498405257,-0.5205115769605884,False,False,True,1.719500480307397,691.6,207.0,0.7090264521407145,69717.6
Peru,1.8375282964947095,-0.6302536196206863,-0.825433829512644,0.8593103236748986,0.13277924146152273,-1.1566373599075919,-1.1102693240291843,0.7588415247345969,-1.486680786771966,-0.7211541804030529,-1.8350675090942097,-0.5250862679417939,-1.604041992768125,-0.7318060776983398,-1.1815486709882277,-0.8763600029805485,-0.410893586950977,-1.1066311908415523,-1.453753855769343,-0.25929878350055285,-0.43029668728345016,1.1955360854440955,False,True,False,0.5757776307081404,432.62,326.0,0.10203873390338973,24808.6
Saudi Arabia,1.2110270020880578,-0.4004753337998098,-0.39076619943752866,0.8593103236748986,-0.5927903840112789,-1.345491031861323,-1.3146840557990271,2.3269376958852614,-1.486680786771966,-0.6633948451419055,-0.5686838131669903,-1.3961971272000677,-0.14515887065068514,-0.89055682074008,-1.7614701894931775,-0.17316240781059977,-1.674248607707885,-1.4247897413894848,-1.6691567088986,-0.25929878350055285,1.9949451027001301,-0.17730204447965206,False,False,False,0.34846400733608435,420.75,95.0,0.06249843753906153,20406.0
Wales,0.7237482175495508,-0.4595995710870525,-0.39076619943752866,1.3832800332327635,-1.3183600094840806,-0.6144445597823642,-1.6677640470378465,2.1865111730956497,-0.3531079413491937,-1.5297848740591131,-1.512010443806654,-1.1639008980645276,-0.14515887065068514,-0.9254045448224132,-1.3472405334182134,-0.34896180660308695,-0.30982518529042424,-0.4854644969146364,-0.4430173910859165,-0.25929878350055285,0.3781172427110764,-0.795079202945338,False,False,True,0.2687411598302687,336.03000000000003,92.0,0.15757098269749403,20092.8
Peru,1.3502495119562026,-0.4616151700854809,-1.2601014595877593,0.33534061411703364,1.583918492407126,-1.1261770902376351,-0.3669430266843014,0.6418194224099204,-1.486680786771966,-0.547876174619611,-1.7704560960366988,-0.42829617246865237,-0.874600431709405,-0.8286053112603765,-1.8443161207081704,-0.5247612053955741,-1.825851210198714,-0.9854279334899594,-1.072656500232969,-0.25929878350055285,-0.20982016092130662,1.1955360854440955,False,True,False,0.8692676249144423,467.62,150.5,0.05237970524511322,23056.6
Germany,-0.8773106459341148,0.014738059876509807,0.9132366907878172,-0.1886290954408313,-1.3183600094840806,0.35419201572225606,1.08254325313822,-0.17733529386281444,-0.3531079413491937,1.1560242155842302,1.2792026002778292,0.8880491259660747,1.3137242514667546,0.6040233454577666,0.06114029723666467,0.3542357885668618,0.801927232975655,1.0144258128113304,0.23633006878327142,-0.25929878350055285,-0.4670427750104743,0.3718332074898472,False,False,True,1.845184518451845,949.3199999999999,134.2,0.7399260073992602,55961.4
Portugal,-1.1557556656704044,0.48840382450726316,1.3479043208629324,-0.1886290954408313,-1.3183600094840806,0.5186774719400219,1.305541142341685,-0.4815927599069735,0.7804649040735786,-0.02804215726928675,-0.16809305221042137,0.9267651641553291,-0.14515887065068514,-0.10454704421634202,-0.1873974964083138,-0.8763600029805485,0.7513930321453784,0.7417184837702449,0.037496665894730226,-0.25929878350055285,0.15764071634893284,-0.5891534834567758,False,False,True,2.2120285423037718,687.28,162.66666666666666,1.2164639226795533,40796.799999999996
Argentina,-1.2253669206044768,2.241974953140265,0.9132366907878172,-1.760538224114426,0.8583488669343243,1.3959332384347727,0.9152948362356215,-0.45818833944203813,0.21367848136219245,1.646978565303981,1.033679230659287,2.1269623480222846,0.5842826904080348,0.9679884636510245,1.303829265461557,0.1784363897743746,1.155666638787589,1.787096578427738,1.0648025808188677,-0.25929878350055285,-0.06283581001321072,0.5091170204822221,False,True,False,1.9778002018163472,1140.23,191.25,1.6196760647870425,68697.0
Iran,0.3756919428791887,-1.3249634077457901,-0.825433829512644,1.9072497427906285,-1.3183600094840806,-0.931231364349913,-0.3483598692506793,1.4609741386826556,-0.9198943640605799,-1.1543491948616567,-0.24562674787943486,-1.3768391081054379,-1.604041992768125,-0.7976295565205248,-0.6844730836982708,-1.2279588005655229,-1.5731802060473326,-1.4853913700652812,-1.5366011069729026,-0.25929878350055285,1.5907381377028669,-1.4814982679072113,False,False,False,0.706791827719492,345.21999999999997,309.0,0.09642512767401165,22155.3
Chile,0.7933594724836233,-0.4938647540603404,-0.39076619943752866,1.3832800332327635,-1.3183600094840806,-1.1383611981056179,-0.3855261841179235,0.9694813089190147,-0.9198943640605799,-1.2987475330145244,-1.2018756611305998,-1.5317032608624637,-0.14515887065068514,-0.9021727287675244,-0.1873974964083138,-1.2279588005655229,-0.9667697960840167,-0.8187734546315184,-1.5863094576950403,-0.25929878350055285,0.30462506725702876,-0.17730204447965206,False,True,False,0.7870081199250468,358.05,94.0,0.11470250874974267,19993.800000000003
Colombia,-0.8076993910000424,1.005740900770639,1.3479043208629324,-1.2365685145565612,-0.5927903840112789,1.0608702720652494,0.5807980024304243,-0.8560634873459382,-0.3531079413491937,1.1849038832148042,0.5813993392567084,0.17180241946482677,1.3137242514667546,0.7937498432393585,0.7239077469566073,0.3542357885668618,-0.0066199803087664795,0.8174705196149907,-0.06192003554954273,-0.25929878350055285,-0.35680451182940254,0.3718332074898472,False,True,False,2.1680876979293546,933.99,144.0,0.5272247977456594,57384.0
Serbia,0.7933594724836233,-0.2042903646194124,-0.39076619943752866,0.33534061411703364,0.13277924146152273,-0.6144445597823642,0.39496642809420346,-0.43478391897710283,0.7804649040735786,0.11635618088358118,-0.8012849001740309,-0.6799504206988198,-0.14515887065068514,-0.40268868358741505,0.6410618157416145,0.530035187359349,0.2965852246728918,-0.8339238618004677,0.12034391709828984,-0.25929878350055285,-0.3200584241023784,0.3031913009936598,False,False,True,1.6783216783216783,584.64,137.0,0.18822975794829566,30948.3
England,-1.3645894304726216,1.1407860336653655,1.7825719509380478,-0.7125988049986962,-1.3183600094840806,1.2009875125470502,0.7480464193330231,-1.7220270445485437,1.914037749496351,1.3004225537370981,0.8527672740982556,1.9333821570760017,0.5842826904080348,2.048267910203354,1.0552914718165787,0.0026369909818874074,0.8524614338059312,0.6356656335876014,0.965385879374597,-0.25929878350055285,0.2678789795300046,-0.17730204447965206,False,False,True,4.146341463414634,936.87,261.0,2.4991669443518827,92707.2
Egypt,1.3502495119562026,-0.539551664691393,-0.825433829512644,0.8593103236748986,0.13277924146152273,-1.2480181689174616,-1.51909878756887,0.5247973200852438,-1.486680786771966,-0.49011683935846406,-1.5895441394756673,-1.3961971272000677,-1.604041992768125,-1.196442398796116,-1.5957783270631918,-1.5795575981504972,-1.674248607707885,-0.8339238618004677,-0.6749896944558844,-0.25929878350055285,0.7823242077083397,-1.824707800388148,True,False,False,0.46066619418851884,487.2,206.0,0.05952239232399229,14749.599999999999
Wales,0.932581982351768,-1.1166848445748205,-1.2601014595877593,1.9072497427906285,-0.5927903840112789,-0.6205366137163556,-0.3111935543834351,1.4609741386826556,-1.486680786771966,-0.40347783646674307,-1.3827876176916314,-0.3508640960901381,-0.874600431709405,-0.9641242382472279,-0.7673190149132636,-1.5795575981504972,-0.15822258279959536,-0.5309157184214846,-0.8406841968630037,-0.25929878350055285,-0.2833123363753546,0.7150427399707835,False,False,True,0.7178354500276091,522.72,133.0,0.1527735340684981,20482.0
China,1.0021932372858404,-1.0017957016643833,-1.6947690896628744,1.3832800332327635,0.8583488669343243,-1.4246877330032104,-1.5934314173033581,1.0630989907787554,-0.3531079413491937,-0.7500338480336264,-1.512010443806654,-0.5250862679417939,-1.604041992768125,-0.5536954879441923,-1.3472405334182134,-0.34896180660308695,-0.410893586950977,-0.758171825955722,-1.4040455050472076,-0.25929878350055285,0.8190702954353641,-0.5891534834567758,False,False,False,0.37172455819622185,450.23999999999995,372.0,0.1351314829328937,28309.199999999997
Qatar,1.3502495119562026,-1.0031394343300026,-1.2601014595877593,0.33534061411703364,1.583918492407126,-1.5282526498810625,-0.6271072307550106,0.5716061610151144,-1.486680786771966,-1.1832288624922302,-1.369865335080129,-0.8928886307397301,-1.604041992768125,-1.0918992265491163,-0.6016271524832779,-0.8763600029805485,-1.0678381977445692,-0.34911083239409413,-1.039517599751545,-0.25929878350055285,1.0762929095245315,-0.7264372964491506,False,False,False,0.7896575821104124,401.76,233.0,0.08809314063950859,17288.600000000002
Chile,1.419860766890275,-0.7538770248576478,-1.2601014595877593,0.33534061411703364,1.583918492407126,-0.8459426092740344,-1.3890166855335155,2.022680229841102,-0.9198943640605799,-1.4142662035368188,-1.8092229438712053,-1.5510612799570935,-0.14515887065068514,-1.115131042604005,-1.8443161207081704,-0.8763600029805485,-0.5119619886115298,-1.2732856696999932,-1.2052121021586641,-0.25929878350055285,-0.8345036522807138,-0.17730204447965206,False,True,False,0.3510482691370064,317.55,75.66666666666667,0.11162531103927816,16071.599999999999
Brazil,-1.1557556656704044,1.4988907890528709,0.47856906071270194,-1.2365685145565612,0.8583488669343243,1.5299584249825817,0.822379049067511,-1.0432988510654204,1.914037749496351,1.9935345768708648,1.3955031437813494,1.1590613932908693,0.5842826904080348,1.080275574582987,1.2209833342465641,0.1784363897743746,1.4083376429389707,2.0598039074688224,1.7275805904473445,-0.25929878350055285,-0.9447419154617855,0.9209684594593458,False,True,False,2.5775978407557356,1251.0500000000002,198.5,1.4330944842526245,67331.2
Nigeria,1.0021932372858404,-1.3323539374066964,-0.39076619943752866,0.8593103236748986,-0.5927903840112789,-1.0652565508977223,-0.7386061753567428,2.1865111730956497,-1.486680786771966,-0.8077931832947733,-1.2535647915766088,-1.7059254327141196,-1.604041992768125,-0.7279341083558584,-0.9330108773432493,-0.17316240781059977,-0.20875678362987152,-1.470240962896332,-0.8406841968630037,-0.25929878350055285,0.6353398568002444,-0.45186967046440096,True,False,False,0.5044790193305045,396.68000000000006,327.0,0.1459420015675252,22890.0
Italy,-0.8773106459341148,0.2001731677319546,0.9132366907878172,-0.7125988049986962,-0.5927903840112789,0.9451212473194149,0.32063379835971506,-1.1135121124602263,0.21367848136219245,0.7805885363867738,1.2404357524433232,0.46217270588425136,-0.14515887065068514,1.0609157278705799,1.0552914718165787,1.584831580114272,0.3471194255031679,0.09025097550543136,0.1037744668575765,-0.25929878350055285,0.5618476813461961,-0.17730204447965206,False,False,True,2.3066104078762306,782.25,263.0,0.6499350064993501,64066.8
Egypt,1.2110270020880578,-0.5758324466631094,-1.6947690896628744,1.9072497427906285,0.13277924146152273,-0.839850555340043,-1.2775177409317828,1.6248050819372024,-1.486680786771966,-1.1543491948616567,-0.3360827261599506,-0.6799504206988198,-1.604041992768125,-0.7976295565205248,-1.7614701894931775,-1.2279588005655229,-0.46142778778125315,-0.47031408974568806,-1.685726159139311,-0.25929878350055285,0.15764071634893284,-1.2069306419224621,True,False,False,0.4146730462519937,400.15999999999997,309.0,0.1224969375765606,23267.7
Qatar,1.9071395514287819,-1.380056447036176,-1.6947690896628744,0.8593103236748986,1.583918492407126,-0.9738757418878523,-1.6120145747369803,1.1567166726384968,-0.9198943640605799,-0.6633948451419055,-1.9255234873747256,-0.5057282488471639,-0.14515887065068514,-0.6543666908487105,-1.8443161207081704,-1.5795575981504972,-1.5731802060473326,-1.636895441754773,-1.5863094576950403,-0.25929878350055285,2.2154216290622735,-0.3145858574720261,False,False,False,0.35693039857227843,406.89000000000004,115.33333333333333,0.053998920021599575,26365.2
Wales,1.7679170415606371,-0.8015795344871289,-0.39076619943752866,0.33534061411703364,0.13277924146152273,-0.7850220699341212,-1.537681945002492,0.7822459451995322,-0.3531079413491937,-0.3745981688361696,-1.0338859871810713,-0.44765419156327957,-1.604041992768125,-0.5459515492592294,-0.8501649461282564,-1.5795575981504972,-1.825851210198714,-0.3794116467319929,-0.8406841968630037,-0.25929878350055285,-0.06283581001321072,-0.795079202945338,False,False,True,0.42077580539119,538.46,374.0,0.04583237849211475,28611.0
Qatar,0.7237482175495508,-0.7666424851810305,-1.6947690896628744,0.8593103236748986,1.583918492407126,-0.6083525058483729,-1.4075998429671375,1.414165297752785,-0.3531079413491937,-1.6164238769508341,-1.1243419654615872,-0.5638023061310483,-1.604041992768125,-1.0260757477269313,-1.8443161207081704,-0.8763600029805485,-0.6130303902720825,-0.8339238618004677,-1.7685734103428703,-0.25929878350055285,0.4148633304381002,-0.7264372964491506,False,False,False,0.3964265773310999,306.23999999999995,250.0,0.13938971546316778,18975.0
Netherlands,-0.9469219008681872,0.1215648067932335,0.47856906071270194,-0.7125988049986962,0.13277924146152273,0.6222423888178745,1.3427074572089293,-0.5986148622316497,0.7804649040735786,0.20299518377530215,-0.10348163915291012,0.8106170495875603,0.5842826904080348,-0.0348515960516756,1.0552914718165787,0.1784363897743746,0.4987220279939968,1.408336399204009,0.6837052252824939,-0.25929878350055285,-0.5405349504645223,-1.0010049224339,False,False,True,2.3523093447905477,789.48,126.5,0.7554716142650817,41998.0
Saudi Arabia,1.7679170415606371,-1.03874834996891,-0.825433829512644,1.9072497427906285,-1.3183600094840806,-1.8267632926466377,-0.9058545922593415,0.4077752177605678,-0.9198943640605799,-0.634515177511332,-0.16809305221042137,-1.2026169362537846,-0.874600431709405,-1.0996431652340792,-0.9330108773432493,-1.40375819935801,-0.30982518529042424,-1.6065946274168752,-0.4927257418080518,-0.25929878350055285,2.288913804516322,-0.795079202945338,False,False,False,0.7200587803085966,413.0,115.5,0.1083310764359076,16770.6
Argentina,-1.0165331558022597,1.7273253422081278,1.7825719509380478,-1.760538224114426,-0.5927903840112789,1.9320339846260088,2.2346990140227887,-0.45818833944203813,0.7804649040735786,1.0116258774313622,1.0982906437167983,0.946123183249959,2.0431658125254746,1.3706732752690973,1.9665967151814996,-0.34896180660308695,1.0545982371270366,2.28706001500306,1.8767056426137527,-0.25929878350055285,-0.20982016092130662,0.9896103659555332,False,True,False,2.6942482341069627,1051.8999999999999,144.83333333333334,0.9873765779277591,72735.3
Ukraine,0.584525707681406,-0.5516452586819651,-0.39076619943752866,1.3832800332327635,-1.3183600094840806,-1.5038844341450972,-1.2031851111972949,2.022680229841102,-1.486680786771966,-1.7608222151037018,-0.9175854436775511,-0.9703207071182445,-1.604041992768125,-0.9215325754799317,-1.6786242582781847,-1.0521594017730356,-1.5731802060473326,-1.5762938130789765,-0.7246980451780197,-0.25929878350055285,-0.5037888627374981,-0.45186967046440096,False,False,True,0.3998049731838128,253.14999999999998,277.0,0.08709396471081578,20442.6
Wales,1.5590832767584197,-1.3874469766970807,-0.825433829512644,0.8593103236748986,0.13277924146152273,-1.3150307621913664,-0.8872714348257195,1.1567166726384968,-1.486680786771966,-1.4720255387979662,-1.0338859871810713,-1.3574810890108107,-1.604041992768125,-0.7627818324381915,-1.015856808558242,-1.40375819935801,-1.2699750010656747,-1.1823832266862981,-1.1057954007143935,-0.25929878350055285,0.4883555058921485,0.9209684594593458,False,False,True,0.5889351576442594,313.11,318.0,0.07333170373991689,22832.399999999998
Germany,-1.0165331558022597,0.44674811187307045,1.3479043208629324,-0.7125988049986962,-1.3183600094840806,0.7318993596297184,0.8595453639347552,-1.090107691995291,0.21367848136219245,0.9538665421702153,0.36172053486117084,1.2171354505747536,0.5842826904080348,0.11615520830510165,0.8067536781716,-0.5247612053955741,0.04391422052151012,0.953824184135534,0.18662171806113612,-0.25929878350055285,0.5251015936191723,-0.9323630159377124,False,False,True,2.676837725381415,902.1,136.25,0.7374078240219973,46379.5
Costa Rica,1.6286945316924923,-1.0669667359469126,-1.2601014595877593,0.8593103236748986,0.8583488669343243,-1.3272148700593491,-0.8129388050912311,2.0928934912359085,-0.3531079413491937,-1.7030628798425547,-1.6024664220871696,-1.6865674136194924,-1.604041992768125,-0.9989719623295611,-0.9330108773432493,0.0026369909818874074,-1.168906599405122,-0.31881001805619646,-0.8572536471037145,-0.25929878350055285,-1.7164097577292883,2.0192389633983434,False,False,False,0.49495434887073525,313.73999999999995,257.0,0.07608530249342406,18015.699999999997
Switzerland,0.44530319781326116,-0.4166001257872388,-0.39076619943752866,0.8593103236748986,-0.5927903840112789,-0.6753650991222775,-0.794355647657609,-0.15393087339787911,-0.9198943640605799,-0.17244049542215467,-0.05179250870690112,-0.25407400061699653,0.5842826904080348,-0.782141679150599,-0.1873974964083138,-1.0521594017730356,-0.46142778778125315,-0.3794116467319929,-0.19447563747523763,-0.25929878350055285,0.4148633304381002,-0.10866013798346465,False,False,True,0.927743086529884,573.04,78.25,0.1689596910451364,24257.5
Belgium,-1.0165331558022597,0.44002944854497467,0.043901430637586634,-0.1886290954408313,0.13277924146152273,0.46384898653409995,1.0639600957045983,-1.3007474761797084,0.7804649040735786,0.37627318955874356,0.20665314352314387,1.1397033741962421,1.3137242514667546,0.9950922490483949,0.22683215966665032,0.8816339849443233,0.6503246304848257,-0.1976067607046025,0.20319116830184947,-0.25929878350055285,0.2311328918029808,-0.7264372964491506,False,False,True,3.2329635499207607,683.1,154.4,0.8873890763654544,65388.4
Saudi Arabia,1.1414157471539854,-0.4266781207793825,-1.2601014595877593,1.9072497427906285,-0.5927903840112789,-0.516971696838503,-1.4075998429671375,2.022680229841102,-0.3531079413491937,-0.8944321861864943,-1.796300661259703,-1.570419299051721,-1.604041992768125,-0.9950999929870796,-0.6844730836982708,-0.7005606041880613,-1.1183723985748455,-1.636895441754773,-0.19447563747523763,-0.25929878350055285,2.288913804516322,-1.8933497068843355,False,False,False,0.34617259873232575,374.01,258.0,0.09230532550447425,18240.600000000002
Germany,-0.39003186139560786,0.7027291846735195,0.47856906071270194,-0.7125988049986962,0.13277924146152273,0.8720166001115189,0.39496642809420346,-1.1369165329251616,0.21367848136219245,0.8094682040173473,-0.19393761743342586,0.7912590304929331,0.5842826904080348,1.1654589001175795,0.30967809088164316,1.4090321813217848,0.195516823012339,1.1053282558250257,0.23633006878327142,-0.25929878350055285,0.6720859445272682,0.8523265529631584,False,False,True,2.3965763195435095,888.0,204.0,0.36468443032762776,67646.40000000001
Brazil,-1.3645894304726216,2.143210602217258,1.3479043208629324,-1.2365685145565612,-0.5927903840112789,1.1096067035371802,0.6551306321649126,-1.7922403059433498,2.480824172207737,1.1271445479536573,1.1629020567743096,0.8299750686821875,0.5842826904080348,2.09085957297065,0.5582158845266216,0.0026369909818874074,1.6610086470903522,0.9083729626286859,1.9264139933358881,-0.25929878350055285,0.010656365440836913,0.4404751139860346,False,True,False,4.323040380047506,932.19,263.75,3.032322559146951,87670.5
Spain,-1.4342006854066942,1.6480451149365978,0.9132366907878172,-1.2365685145565612,0.13277924146152273,1.048686164197267,1.4727895592442835,-0.5518060213017794,1.914037749496351,1.791376903456849,0.9561455349902737,1.2752095078586407,0.5842826904080348,2.5012883232736858,2.215134508826478,2.288029175284221,1.8631454504114577,0.6508160407565508,0.7334135760046292,-0.25929878350055285,0.2311328918029808,0.7150427399707835,False,False,True,2.376445846477392,1034.08,290.25,4.747626186906547,99149.40000000001
Italy,-0.7380881360659699,0.5193096758165047,0.9132366907878172,-0.7125988049986962,-0.5927903840112789,0.9329371394514323,0.1719685388907388,-1.0198944306004851,1.3472513267849648,1.0982648803230832,0.40048738269567763,0.3460245913164799,0.5842826904080348,0.07743551488028697,1.3866751966765498,1.2332327825292977,1.00406403629676,1.2113811060076691,0.8162608272081887,-0.25929878350055285,-0.20982016092130662,0.6464008334745961,False,False,True,2.077230359520639,958.4,133.75,0.6499458378468461,43121.0
Wales,1.1414157471539854,-1.6615684404833904,-1.6947690896628744,1.9072497427906285,0.13277924146152273,-1.887683831986551,-0.7571893327903648,1.0865034112436907,-0.9198943640605799,-0.634515177511332,-1.473243595972147,-1.067110802591386,-0.14515887065068514,-0.9137886367949688,-0.35308935883829945,-0.17316240781059977,-0.6635645911023587,-0.42486286823883995,-0.5755729930116115,-0.25929878350055285,-0.24656624864833046,-0.6577953899529632,False,False,True,0.6420351302241067,491.0,93.0,0.1153816568805928,20450.7
New Zealand,0.584525707681406,-1.3874469766970807,-1.2601014595877593,1.3832800332327635,0.13277924146152273,-0.516971696838503,-1.5748482598697362,0.05670891078653814,-0.3531079413491937,-1.2987475330145244,-1.1501865306845915,-0.9316046689289873,-0.874600431709405,-1.130618919973931,-1.8443161207081704,0.0026369909818874074,-1.825851210198714,-1.3035864840378921,-0.9235314480665633,-0.25929878350055285,2.4358981554244172,-0.795079202945338,False,False,False,0.5119735755573906,333.40999999999997,111.5,0.07096545272733137,16502.0
Netherlands,-0.6684768811318975,0.7732751496185253,1.3479043208629324,-0.1886290954408313,-1.3183600094840806,0.6161503348838832,1.1382927254390867,-1.0432988510654204,0.21367848136219245,1.1849038832148042,0.46509879575318813,0.8299750686821875,0.5842826904080348,-0.04259553473663854,-0.021705633978328157,-0.34896180660308695,0.44818782716372063,1.0750274414871268,0.21976061854256046,-0.25929878350055285,0.4148633304381002,0.5777589269784095,False,False,True,2.8070175438596494,961.7,126.0,0.5153449734635798,41882.399999999994
Poland,-0.11158684165931819,-0.7673143515138394,-0.39076619943752866,0.8593103236748986,-0.5927903840112789,0.03131315722071628,0.02330327942176207,-0.692232544091391,-0.3531079413491937,0.49179186008103803,0.10327488263112587,-0.3702221151847653,0.5842826904080348,-0.16649855369604552,-0.35308935883829945,0.7058345861518361,-0.15822258279959536,-0.06125309618406027,0.6174274243196476,-0.25929878350055285,0.2311328918029808,1.0582522724517205,False,False,True,1.6610549943883277,715.85,118.0,0.2618922908432932,36296.8
Colombia,-1.1557556656704044,0.8881642925289628,0.47856906071270194,-0.7125988049986962,0.13277924146152273,0.6770708742237964,1.0453769382709757,-1.183725373855032,0.7804649040735786,0.5206715277116115,1.3308917307238382,0.7719010113983031,0.5842826904080348,1.103507390637876,0.5582158845266216,1.2332327825292977,0.801927232975655,0.3932591188844146,-0.16133673699381332,-0.25929878350055285,-0.6875193013726179,1.264177991940283,False,True,False,2.980910425844346,763.0,200.0,1.233127812031328,66240.0
China,0.584525707681406,-1.5943818072024323,-0.39076619943752866,1.9072497427906285,-1.3183600094840806,-0.8703108250099997,-1.054519851728318,2.0694890707709725,-0.9198943640605799,-1.2121085301228036,-0.5428392479439859,-0.40893815337402245,-0.874600431709405,-0.8789409127126356,-0.5187812212682851,-0.17316240781059977,-0.2592909844601481,-1.6671962560926716,-0.5092951920487652,-0.25929878350055285,0.5618476813461961,0.3718332074898472,False,False,False,0.43457267020762924,327.2,144.0,0.17096222702493466,22089.600000000002
South Korea,-0.39003186139560786,0.39098320624987415,-0.825433829512644,0.33534061411703364,0.8583488669343243,-0.6814571530562689,-0.7386061753567428,-0.9028723282758085,-0.9198943640605799,-0.9233118538170678,-0.5816060957784926,-0.4670122106579068,-0.874600431709405,-0.4181765609573409,0.30967809088164316,0.8816339849443233,-0.410893586950977,-0.5006149040835858,-0.7909758461408659,-0.25929878350055285,1.884706839519058,-1.7560658938919607,False,False,False,1.3358302122347065,437.40000000000003,203.5,0.2941003470384095,31094.800000000003
Algeria,1.2110270020880578,-1.3437756650644581,-0.39076619943752866,1.9072497427906285,-1.3183600094840806,-0.9068631486139477,-1.797846149073201,2.2099155935605843,-1.486680786771966,-1.2409881977533772,-0.7625180523395241,-1.3574810890108107,-1.604041992768125,-1.1770825520837087,-1.7614701894931775,-0.5247612053955741,-1.6237144068776088,-1.5459929987410777,-1.8182817610650057,-0.25929878350055285,0.7823242077083397,-1.618782080899586,True,False,False,0.23463162834350074,329.43000000000006,211.0,0.06499837504062399,15149.8
Argentina,-1.4342006854066942,2.008837335655342,0.9132366907878172,-0.7125988049986962,-0.5927903840112789,1.8893896070880696,1.2683748274744409,-1.0667032715303557,0.7804649040735786,2.2245719179154526,1.8348607525724259,1.3913576224264095,2.0431658125254746,1.3242096431593195,0.7239077469566073,0.3542357885668618,0.7513930321453784,0.5599135977428557,1.1807887325038515,-0.25929878350055285,-0.1730740731942828,0.9209684594593458,False,True,False,2.941176470588235,1106.44,142.83333333333334,3.6481759120439783,73702.0
New Zealand,0.6541369626154784,-0.9386402663802822,-0.825433829512644,1.3832800332327635,-0.5927903840112789,-0.7423776923961818,-0.6085240733213886,1.7184227637969436,-0.9198943640605799,-0.8944321861864943,-1.2147979437421021,-0.5444442870364211,-1.604041992768125,-0.534335641231785,-1.2643946022032206,-0.8763600029805485,-1.7753170093684378,-1.5308425915721295,-1.8182817610650057,-0.25929878350055285,2.582882506332513,-1.6874239873957735,False,False,False,0.5934409161894847,380.37999999999994,377.0,0.07187275397643823,28652.0
Spain,-1.1557556656704044,1.5512963630120178,0.47856906071270194,-1.2365685145565612,0.8583488669343243,1.4263935081047292,1.9931179673857018,-1.1135121124602263,0.21367848136219245,1.2137835508453771,0.4134096653071799,1.2558514887640109,0.5842826904080348,0.7666460578419882,1.7180589215365212,0.7058345861518361,1.8126112495811815,2.0446535002998742,2.125247396224432,-0.25929878350055285,0.2311328918029808,0.8523265529631584,False,False,True,3.5724331926863573,1072.56,178.25,1.5664055990668222,60818.9
New Zealand,0.6541369626154784,-1.0327015529736232,-0.39076619943752866,1.9072497427906285,-1.3183600094840806,-1.0104280654918003,-0.8315219625248532,0.10351775171640876,-1.486680786771966,-1.7608222151037018,-1.0984974002385826,-1.4349131653893221,-1.604041992768125,-1.0686674104942275,-0.9330108773432493,-1.5795575981504972,-1.5731802060473326,-1.5308425915721295,-1.1555037514365287,-0.25929878350055285,1.9949451027001301,-0.8637211094415254,False,False,False,0.8285946385052804,254.97999999999996,239.0,0.0843723633636449,17064.600000000002
Netherlands,-0.5292543712637527,0.1544862571009035,0.9132366907878172,-0.1886290954408313,-1.3183600094840806,0.37246817752423,0.37638327066058136,-0.5986148622316497,-0.3531079413491937,0.02971717799186073,1.0982906437167983,0.21051845765408395,-0.14515887065068514,1.08801951326795,0.30967809088164316,1.584831580114272,0.953529835466484,0.8326209267839401,0.5180107228753746,-0.25929878350055285,0.3781172427110764,-0.04001823148727724,False,False,True,1.7937701396348011,706.02,265.3333333333333,0.5132991133924405,63600.4
Argentina,-1.5038119403407666,1.671560436584933,1.7825719509380478,-1.760538224114426,-0.5927903840112789,0.8232801686395883,0.6365474747312906,-0.5986148622316497,1.914037749496351,2.0224142445014377,0.5555547740337039,1.4107156415210367,2.0431658125254746,2.3309216722045014,0.9724455406015857,2.463828574076708,0.9029956346362074,1.0901778486560763,1.51217773731809,-0.25929878350055285,-1.0549801786428574,-0.04001823148727724,False,True,False,1.9441460794844252,1134.72,186.16666666666666,7.592407592407593,96173.7
Mexico,-0.6684768811318975,-0.09880735036830816,-0.825433829512644,0.8593103236748986,0.13277924146152273,0.025221103286724954,-0.7200230179231206,-0.6454237031615203,0.7804649040735786,0.05859684562243422,0.012818904350610128,-0.19599994333311216,-0.14515887065068514,-0.5769273039990811,-0.2702434276233066,0.530035187359349,-0.5624961894418059,-0.09155391052195902,-0.17790618723452667,3.856554922857429,-2.2676010736346477,1.8819551504059688,False,False,False,1.185510428100988,636.12,122.0,0.3615106530266903,28474.8
Ghana,1.1414157471539854,-0.7881422078309374,-1.6947690896628744,0.33534061411703364,2.3094881178799276,-1.8084871308446637,-0.9058545922593415,0.24394427450602063,-0.3531079413491937,-0.7211541804030529,-1.6412332699216763,-1.609135337240978,-0.874600431709405,-0.9718681769321909,-0.6016271524832779,-0.8763600029805485,-1.8763854110289904,-0.3945620539009423,-0.9566703485479852,-0.25929878350055285,0.6353398568002444,-1.9619916133805229,True,False,False,0.7591014717273432,478.2099999999999,132.0,0.05384477321094332,18612.0
Italy,-1.086144410736332,0.493778755169741,1.3479043208629324,-0.7125988049986962,-1.3183600094840806,0.9877656248573542,0.729463261899401,-0.29435739618749096,0.7804649040735786,0.49179186008103803,0.5167879261991971,0.8880491259660747,0.5842826904080348,-0.23232203251823047,0.06114029723666467,0.3542357885668618,1.155666638787589,1.499238842217703,0.020927215654016892,-0.25929878350055285,-0.4670427750104743,0.23454939449747242,False,False,True,1.75306314797361,859.02,113.75,1.1569775746321953,37947.0
Serbia,-0.5988656261978251,-0.5677700506693941,0.043901430637586634,0.33534061411703364,-0.5927903840112789,-0.22455310800691952,-0.5156082861532781,-0.5752104417667147,-0.9198943640605799,-0.1435608277915812,-0.5299169653324837,-0.13792588604922779,-0.874600431709405,-0.36784095950508183,-0.4359352900532923,-1.2279588005655229,0.2965852246728918,0.07510056833648197,0.12034391709828984,-0.25929878350055285,-0.09958189774023486,0.9209684594593458,False,False,True,1.2646121147715197,613.0799999999999,210.0,0.4571102064138276,32802.0
Japan,0.7933594724836233,-0.04774550907478075,0.47856906071270194,-0.7125988049986962,0.13277924146152273,0.2506270988444041,0.4321327429614476,-0.4815927599069735,0.21367848136219245,-0.49011683935846406,0.012818904350610128,0.36538261041110986,0.5842826904080348,-0.7705257711231545,0.39252402209663595,0.7058345861518361,-0.8151671935931876,0.46901115472916044,0.1037744668575765,-0.25929878350055285,1.4804998745217948,-0.17730204447965206,False,False,False,1.7329255861365953,577.5,79.0,0.12352577865356902,25501.2
Uruguay,-0.4596431163296803,1.06889633605474,0.9132366907878172,-1.2365685145565612,0.13277924146152273,0.9755815169893716,0.004720121988139982,-0.6454237031615203,0.21367848136219245,1.3004225537370981,-0.14224848698741688,1.1203453551016123,-0.14515887065068514,0.4723763878133967,-0.1873974964083138,-0.34896180660308695,0.3471194255031679,0.48416156189810977,-0.16133673699381332,-0.25929878350055285,0.15764071634893284,0.6464008334745961,False,True,False,1.6136114160263446,920.17,212.33333333333334,0.40622461096181484,53890.2
Senegal,0.3756919428791887,-0.17943131030545767,-0.39076619943752866,0.8593103236748986,-0.5927903840112789,0.3968363932601953,0.2834674834924713,-0.15393087339787911,0.21367848136219245,0.05859684562243422,-0.4394609870519679,-0.5831603252256783,-0.874600431709405,-0.4646401930671185,-0.8501649461282564,-0.7005606041880613,-0.36035938612070084,-0.7733222331246713,0.2860384195054091,-0.25929878350055285,0.9293085586164356,-2.167917332869085,True,False,False,1.4451382694023194,580.3199999999999,197.5,0.18213635227313307,29941.0
Portugal,-0.9469219008681872,0.7692439516216685,1.3479043208629324,-1.2365685145565612,-0.5927903840112789,0.2810873685143601,0.4507159003950697,-0.8092546464160675,-0.3531079413491937,0.7228292011256264,0.2583422739691529,0.22987647674871114,-0.14515887065068514,0.47624835715587815,0.7239077469566073,-0.8763600029805485,0.7513930321453784,0.9386737769665847,0.8991080784117483,-0.25929878350055285,-0.1730740731942828,0.028623675008910172,False,False,True,2.033293697978597,854.0699999999999,212.66666666666666,0.8110209976669259,51040.0
Canada,1.2110270020880578,-1.2524018438023559,-1.6947690896628744,0.33534061411703364,2.3094881178799276,-1.3333069239933404,-0.794355647657609,0.19713543357615,-0.3531079413491937,-1.3853865359062452,-1.4990881611951516,-0.8154565543612186,-0.14515887065068514,-0.5459515492592294,-0.2702434276233066,-0.5247612053955741,-1.7753170093684378,-1.0611799693347053,-1.5200316567321916,3.856554922857429,-1.5326793190941685,1.470103711428845,False,False,False,0.8182533438237609,332.26,124.66666666666667,0.057498562535936604,27900.399999999998
Brazil,-1.4342006854066942,0.9237732081678717,1.3479043208629324,-1.760538224114426,0.13277924146152273,1.5969710182564865,1.1568758828727082,-1.5347916808290614,0.7804649040735786,1.8491362387179968,2.0803841221909685,1.1203453551016123,0.5842826904080348,2.272842132067279,2.0494426463964923,-0.17316240781059977,1.7620770487509054,1.4840884350487547,2.042400145020872,-0.25929878350055285,-1.1284723540969053,0.3718332074898472,False,True,False,3.9359698681732573,1147.6200000000001,275.5,4.647676161919041,93229.2
Egypt,1.8375282964947095,-1.1919338738494938,-0.825433829512644,0.8593103236748986,0.13277924146152273,-0.858126717142017,-0.5156082861532781,0.38437079729563245,-1.486680786771966,-1.2121085301228036,-0.7237512045050174,-1.6284933563356052,-1.604041992768125,-1.1112590732615237,-1.1815486709882277,-0.5247612053955741,-0.30982518529042424,-0.3036596108872471,-1.4703233060100562,-0.25929878350055285,1.3702616113407233,-0.3832277639682135,True,False,False,0.8808290155440415,399.2,228.0,0.10612028325952533,16051.2
South Korea,-0.041975586725245775,-0.20025916662255552,0.043901430637586634,0.33534061411703364,-0.5927903840112789,-0.7058253687922338,-0.08819566517997046,-0.45818833944203813,0.7804649040735786,-0.547876174619611,-0.25854903049093714,-0.2927900388062537,-0.14515887065068514,-0.7705257711231545,-1.015856808558242,-0.34896180660308695,-0.30982518529042424,-0.5612165327593822,0.3026078697461201,-0.25929878350055285,1.3335155236136988,-0.5891534834567758,False,False,False,1.432896064581231,496.46000000000004,105.33333333333333,0.2363528930503159,24426.8
Ghana,1.4894720218243473,-1.1294503048982032,-1.6947690896628744,1.9072497427906285,0.13277924146152273,-1.0530724430297396,-1.1846019537636727,1.554591820542397,-0.3531079413491937,-0.40347783646674307,-1.0597305524040759,-1.5510612799570935,-1.604041992768125,-0.9060446981100059,-0.2702434276233066,-0.5247612053955741,-1.2194408002353982,-0.3642612395630435,-0.24418398819737294,-0.25929878350055285,-0.026089722286186903,-0.5205115769605884,True,False,False,0.4484062668827661,534.6,281.0,0.07727097111429286,19894.8
Nigeria,1.3502495119562026,-0.8539851084462758,-1.2601014595877593,0.8593103236748986,0.8583488669343243,-0.5047875889705203,-1.5934314173033581,1.2035255135683673,-0.9198943640605799,-1.7319425474731283,-1.6541555525331786,-1.0283947644021287,-0.14515887065068514,-0.7240621390133769,-0.35308935883829945,-0.8763600029805485,-0.30982518529042424,-0.2885092037182977,-0.3933090403637812,-0.25929878350055285,0.5618476813461961,-0.9323630159377124,True,False,False,0.3586125808348031,310.0,109.33333333333333,0.12380657603390396,24108.0
Austria,-0.11158684165931819,-0.0880574890433555,0.47856906071270194,-0.1886290954408313,-0.5927903840112789,-0.3707624024227111,-0.8686882773920974,-0.29435739618749096,0.21367848136219245,-0.08580149253043372,-0.19393761743342586,-0.15728390514385499,-0.874600431709405,-0.061955381449045874,-0.6016271524832779,0.1784363897743746,0.04391422052151012,0.19630382568807592,0.40202457119039064,-0.25929878350055285,0.2311328918029808,-0.5891534834567758,False,False,True,0.942507068803016,633.08,249.5,0.2809390029046236,38922.0
Croatia,-0.9469219008681872,0.8451648472291506,0.9132366907878172,-0.1886290954408313,-1.3183600094840806,0.21407477524045615,0.2648843260588492,-0.10712203246800903,1.3472513267849648,0.40515285718931704,0.9819901002132781,0.3266665722218527,-0.14515887065068514,1.2080505628848757,0.7239077469566073,1.0574333837368104,0.801927232975655,0.9235233697976353,0.8991080784117483,-0.25929878350055285,-0.1363279854672587,-0.6577953899529632,False,False,True,1.4110429447852764,788.8,275.6666666666667,0.8221308743472948,66573.5
France,-1.2253669206044768,1.693732025567649,1.7825719509380478,-0.7125988049986962,-1.3183600094840806,1.1339749192731454,1.0453769382709757,-0.8092546464160675,1.914037749496351,1.3870615566288191,0.6460107523142197,0.946123183249959,2.0431658125254746,2.520648169986093,1.7180589215365212,-0.17316240781059977,1.7115428479206283,0.8629217411218388,2.0092612445394478,-0.25929878350055285,-0.24656624864833046,-0.5891534834567758,False,False,True,2.413793103448276,979.2,194.33333333333334,1.8396320735852827,97594.2
Austria,-0.3204206064615354,-1.0320296866408143,-0.825433829512644,-0.1886290954408313,1.583918492407126,-0.4194988338946417,-0.5527746010205222,0.05670891078653814,-0.9198943640605799,0.23187485140587563,-0.7366734871165196,-0.38958013427939525,-0.874600431709405,0.027099913428027884,-0.5187812212682851,0.530035187359349,-0.05715418113904263,-0.3642612395630435,-0.8075452963815793,-0.25929878350055285,0.6720859445272682,-0.5205115769605884,False,False,True,0.9661436829066887,643.5,261.0,0.316649075051386,40089.6
Italy,-0.7380881360659699,-0.033636316085778675,0.47856906071270194,-0.1886290954408313,-0.5927903840112789,0.27499531458036874,0.8595453639347552,-0.10712203246800903,-0.3531079413491937,0.6650698658644795,0.7752335784292421,0.5202467631681358,0.5842826904080348,0.5227119892656558,1.2209833342465641,-0.8763600029805485,0.09444842135178627,1.1053282558250257,0.3688856707089687,-0.25929878350055285,-0.5405349504645223,0.165907488001285,False,False,True,1.6914986853637164,858.4000000000001,162.5,0.49995833680526625,52975.0
Italy,-0.6684768811318975,-0.004074197442158104,1.3479043208629324,-1.2365685145565612,-0.5927903840112789,0.5978741730819092,1.1382927254390867,-0.8794679078108733,-0.3531079413491937,0.37627318955874356,-0.14224848698741688,1.0622712978177278,1.3137242514667546,0.6427430388825813,-0.021705633978328157,0.1784363897743746,-0.0066199803087664795,1.5143892493866524,-0.07848948579025371,-0.25929878350055285,0.5251015936191723,-0.3832277639682135,False,False,True,2.564734895191122,835.65,136.2,0.44611952926697945,57408.299999999996
Turkey,1.1414157471539854,-0.8519695094478473,-1.2601014595877593,0.8593103236748986,0.8583488669343243,-0.5108796429045116,-1.7420966767723347,1.2035255135683673,-1.486680786771966,-0.634515177511332,-0.5428392479439859,-1.6865674136194924,-1.604041992768125,-0.6233909361088588,-1.7614701894931775,-1.0521594017730356,-0.6130303902720825,-0.3945620539009423,-1.1223648509551045,-0.25929878350055285,-0.6875193013726179,0.9209684594593458,False,False,True,0.31158142269253386,493.0,354.0,0.11794569370016153,24815.399999999998
Ghana,1.2806382570221302,-0.39644413580295146,-1.6947690896628744,1.3832800332327635,0.8583488669343243,-1.0713486048317136,-0.8686882773920974,1.2269299340333026,-0.9198943640605799,-0.576755842250185,-0.5428392479439859,-0.5831603252256783,-0.14515887065068514,-0.7356780470408213,-1.2643946022032206,-1.2279588005655229,-1.1183723985748455,-0.758171825955722,-0.6584202442151711,-0.25929878350055285,0.30462506725702876,-2.167917332869085,True,False,False,0.5844535359438925,478.37999999999994,108.33333333333333,0.0878027365186215,24635.0
Belgium,-0.39003186139560786,0.9351949358256333,0.043901430637586634,-0.7125988049986962,0.8583488669343243,0.22016682917444746,0.35780011322695926,-0.22414413479268505,0.21367848136219245,-0.05692182489986023,-0.1810153348219236,0.6170368586412773,0.5842826904080348,1.037683911815691,0.7239077469566073,0.1784363897743746,0.7513930321453784,0.6205152264186521,1.3630526851516842,-0.25929878350055285,0.010656365440836913,-0.3145858574720261,False,False,True,1.5215398716773603,672.0,195.75,0.42938650667607786,64206.0
Belgium,-1.1557556656704044,0.6805575956908038,0.9132366907878172,-0.7125988049986962,-0.5927903840112789,0.8963848158474843,0.04188643685538416,-1.1603209533900969,0.21367848136219245,1.0116258774313622,1.020756948047785,1.2171354505747536,0.5842826904080348,-0.22070612449078605,1.1381374030315714,0.530035187359349,1.3072692412784184,0.8023201124460424,-0.012211684827407426,-0.25929878350055285,0.4883555058921485,0.7150427399707835,False,False,True,2.156295224312591,898.04,114.5,1.3997667055490752,38975.799999999996
Colombia,-0.5292543712637527,0.4232327902247352,1.3479043208629324,-0.1886290954408313,-1.3183600094840806,0.29327147638234274,0.1719685388907388,-1.1603209533900969,1.3472513267849648,0.05859684562243422,1.2145911872203186,0.558962801357393,0.5842826904080348,0.9176528621987655,0.06114029723666467,1.0574333837368104,-0.0066199803087664795,0.28720626870177,0.2528995190239848,-0.25929878350055285,-0.7977575645536896,1.1268941789479079,False,True,False,2.2575976845151957,667.12,188.0,0.38664089060729284,61438.4
Colombia,-0.3204206064615354,0.9432573318193486,1.3479043208629324,-0.7125988049986962,-1.3183600094840806,0.9816735709233629,1.1754590403063307,-1.3241518966446437,0.21367848136219245,1.1849038832148042,0.7364667305947353,1.1977774314801264,1.3137242514667546,0.5536877440055075,0.4753699533116288,0.8816339849443233,-1.3205092018959508,0.7265680766012966,0.7831219267267668,-0.25929878350055285,-0.06283581001321072,0.6464008334745961,False,True,False,3.381642512077295,924.21,131.6,0.17776790178323426,55930.0
Belgium,-0.6684768811318975,0.7860406099419079,1.3479043208629324,-0.7125988049986962,-1.3183600094840806,0.8476483843755537,0.37638327066058136,-0.3177618166524263,-0.3531079413491937,1.0693852126925099,0.4780210783646904,0.8686911068714447,1.3137242514667546,0.3291135221415824,0.7239077469566073,1.7606309789067591,1.1051324379573129,0.7871697052770931,0.13691336733900084,-0.25929878350055285,-0.24656624864833046,-0.04001823148727724,False,False,True,1.5889628924833492,907.89,120.0,0.6153372817475579,49980.0
England,-1.5038119403407666,1.3732517848174792,1.7825719509380478,-1.2365685145565612,-1.3183600094840806,0.8415563304415623,1.08254325313822,-0.8794679078108733,0.7804649040735786,1.502580227151113,1.3955031437813494,1.3526415842371524,0.5842826904080348,1.6804308226676146,2.0494426463964923,-0.34896180660308695,1.0545982371270366,1.1962306988387197,0.7168441257639182,-0.25929878350055285,-0.39355059955642635,-0.8637211094415254,False,False,True,2.5277435265104806,1040.5199999999998,237.25,7.8921078921078935,81424.2
Mexico,0.5149144527473336,-0.8942970884148506,0.47856906071270194,0.8593103236748986,-1.3183600094840806,-0.09661997539310162,-0.3669430266843014,0.033304490321602834,-0.3531079413491937,-0.40347783646674307,-0.7366734871165196,-0.8735306116451029,-0.14515887065068514,-0.7434219857257842,0.4753699533116288,0.1784363897743746,-0.8657013944234642,-0.18245635353565315,-0.06192003554954273,3.856554922857429,-1.7531558454563125,1.8133132439097814,False,False,False,1.0574521232306413,547.5600000000001,107.66666666666667,0.13666211126295788,23998.899999999998
Algeria,1.5590832767584197,-1.3874469766970807,-0.39076619943752866,0.33534061411703364,0.13277924146152273,-1.2053737913795224,-1.035936694294696,1.03969457031382,-0.9198943640605799,-1.0388305243393623,-0.47822783488647463,-0.9703207071182445,-0.874600431709405,-0.6350068441363032,-1.2643946022032206,-0.5247612053955741,-1.4215776035565035,-1.2581352625310438,-0.6749896944558844,-0.25929878350055285,0.4148633304381002,-1.2069306419224621,True,False,False,0.5579399141630902,374.96,175.5,0.06666518521810627,25903.8
Austria,-0.39003186139560786,-0.68669039157669,-0.825433829512644,0.8593103236748986,0.13277924146152273,-0.28547364734683284,0.24630116862522713,-0.45818833944203813,-0.9198943640605799,-0.3168388335750226,-0.1293262043759146,-0.42829617246865237,0.5842826904080348,-0.18973036975093432,-0.10455156519332098,-0.17316240781059977,-0.8657013944234642,0.5144623762360074,0.21976061854256046,-0.25929878350055285,0.4148633304381002,0.5091170204822221,False,False,True,1.6145307769929365,613.8299999999999,116.5,0.24116228457149574,35695.6
Peru,1.8375282964947095,-0.41592825945442985,-0.39076619943752866,1.3832800332327635,-1.3183600094840806,-1.3698592475972884,-1.7420966767723347,0.2673486949709559,-0.9198943640605799,-0.7789135156641999,-1.0338859871810713,-0.5250862679417939,-1.604041992768125,-1.1577227053713013,-1.5957783270631918,-1.40375819935801,-0.9162355952537403,-0.6066677542662303,-0.6584202442151711,-0.25929878350055285,-0.9447419154617855,0.165907488001285,False,True,False,0.4073789392774789,455.05,216.0,0.08163098712271179,16437.6
Serbia,0.027635668208826642,-0.2627427355738461,0.043901430637586634,0.8593103236748986,-1.3183600094840806,0.03131315722071628,-0.14394513748083673,-0.24754855525762037,0.21367848136219245,0.4340325248198905,0.40048738269567763,0.2685925149379683,-0.14515887065068514,-0.5304636718893034,-0.5187812212682851,0.8816339849443233,0.5492562288242734,0.43871034039126167,-0.06192003554954273,-0.25929878350055285,0.2678789795300046,0.9209684594593458,False,False,True,1.2858464384828863,750.7599999999999,126.0,0.2999869570888222,30315.600000000002
Belgium,-0.3204206064615354,0.2713909990097694,0.47856906071270194,-1.2365685145565612,0.8583488669343243,0.8659245461775277,0.35780011322695926,-0.692232544091391,0.21367848136219245,1.3004225537370981,0.6072439044797129,0.8493330877768175,0.5842826904080348,0.5420718359780631,0.22683215966665032,-0.5247612053955741,0.4987220279939968,0.6356656335876014,1.1807887325038515,-0.25929878350055285,0.3781172427110764,-0.5891534834567758,False,False,True,1.8630751964085297,936.87,163.75,0.3777567912893728,54496.0
Morocco,0.2364694330110439,-0.16666584998207656,-0.825433829512644,0.8593103236748986,0.13277924146152273,-0.05397559785516232,-0.7200230179231206,0.618415001944985,-0.3531079413491937,-0.40347783646674307,0.5555547740337039,0.17180241946482677,-0.874600431709405,-0.4065606529298965,-0.4359352900532923,-1.2279588005655229,-0.7140987919326348,-0.6066677542662303,-0.9732397987886985,-0.25929878350055285,1.1130389972515553,-1.0696468289300873,True,False,False,0.7443142660234322,517.32,205.0,0.16922426060536133,32677.0
Brazil,-1.0165331558022597,1.652748179266265,1.7825719509380478,-0.7125988049986962,-1.3183600094840806,1.0243179484613014,0.9338779936692436,-1.581600521758932,0.7804649040735786,1.3293022213676722,2.2871406439750044,1.1203453551016123,0.5842826904080348,2.563239832753389,2.215134508826478,2.1122297764917333,1.3072692412784184,1.5598404708935005,1.4293304861145304,-0.25929878350055285,-0.8345036522807138,1.1268941789479079,False,True,False,3.85518590998043,1044.96,294.25,1.0498687664041997,99574.2
Belgium,-1.0165331558022597,0.6718233333642795,1.3479043208629324,-0.7125988049986962,-1.3183600094840806,0.6039662270159005,0.11621906658987252,-0.3879750780472322,0.21367848136219245,1.0982648803230832,0.6976998827602287,1.2752095078586407,-0.14515887065068514,0.979604371678469,-0.021705633978328157,-0.5247612053955741,-0.10768838196931922,0.3175070830396688,1.3133443344295466,-0.25929878350055285,0.4883555058921485,-0.7264372964491506,False,False,True,1.4985308521057787,864.0,256.0,0.6999125109361329,65587.20000000001
Mexico,0.8629707274176956,0.15515812343371246,0.043901430637586634,0.33534061411703364,-0.5927903840112789,-0.23673721587490218,0.2834674834924713,-0.27095297572255567,-0.9198943640605799,-0.7500338480336264,-0.7754403349510264,0.09437034308631245,0.5842826904080348,-0.49948791714945173,-0.2702434276233066,0.0026369909818874074,-0.36035938612070084,-1.0157287478278572,-0.19447563747523763,3.856554922857429,-1.7899019331833363,1.264177991940283,False,False,False,1.512605042016807,433.92,96.5,0.14571012256792662,30609.8
Senegal,0.16685817807697148,-0.6638469362611652,-0.39076619943752866,-0.7125988049986962,1.583918492407126,-0.6814571530562689,-0.05102935031272628,-0.5049971803719088,0.7804649040735786,-0.6056355098807585,0.3229536870266641,0.09437034308631245,-0.14515887065068514,-0.8286053112603765,-0.4359352900532923,-0.34896180660308695,-0.5119619886115298,0.24175504719492297,-0.4761562915673408,-0.25929878350055285,0.2311328918029808,-0.795079202945338,True,False,False,1.483007209062822,540.35,100.33333333333333,0.19199232030718769,23869.3
Sweden,0.16685817807697148,-0.7364085002045995,0.47856906071270194,-0.7125988049986962,0.13277924146152273,0.08004958869264692,-0.3669430266843014,0.2673486949709559,-0.9198943640605799,0.49179186008103803,0.06450803479661912,-0.5638023061310483,-0.14515887065068514,0.011612036058102014,-0.7673190149132636,-0.34896180660308695,0.3471194255031679,0.3175070830396688,0.3688856707089687,-0.25929878350055285,0.19438680407595665,0.23454939449747242,False,False,True,0.9761721752498079,750.6,172.66666666666666,0.25998960041598335,39316.200000000004
Switzerland,0.7237482175495508,0.2727347316753888,-0.825433829512644,-0.1886290954408313,1.583918492407126,-0.0722517596571363,-0.7571893327903648,-0.8560634873459382,-0.9198943640605799,-0.20132016305272818,0.3875651000841754,-0.25407400061699653,-0.874600431709405,-0.8169894032329321,-0.9330108773432493,0.7058345861518361,0.39765362633344403,-0.3794116467319929,-0.4430173910859165,-0.25929878350055285,0.30462506725702876,0.165907488001285,False,False,True,1.2911084043848966,568.1,152.0,0.19999393957758857,23560.0
USA,0.3756919428791887,0.3399213649563467,-0.825433829512644,0.33534061411703364,0.8583488669343243,-0.47432731930056365,0.2834674834924713,0.10351775171640876,-0.3531079413491937,-0.2590794983138751,-0.8142071827855332,0.38474062950573706,0.5842826904080348,-0.7860136484930804,0.06114029723666467,-0.34896180660308695,0.2965852246728918,0.1205517898433301,-0.2938923389195082,3.856554922857429,-1.7531558454563125,1.4014618049326577,False,False,False,1.3160032493907394,595.5100000000001,78.0,0.22856326559765722,25209.6
Germany,-0.6684768811318975,0.5179659431508853,0.9132366907878172,-0.7125988049986962,-0.5927903840112789,0.8110960607716057,1.1754590403063307,-0.9262767487407438,0.21367848136219245,1.1849038832148042,-0.09055935654140787,0.5008887440735086,1.3137242514667546,1.0221960344457652,1.4695211278915428,0.7058345861518361,0.5997904296545495,0.7720192981081436,1.0316636803374457,-0.25929878350055285,-0.4670427750104743,-0.795079202945338,False,False,True,2.6548672566371683,929.1,155.8,0.5384201215291131,63410.600000000006
Switzerland,0.5149144527473336,0.12559600479009037,-0.39076619943752866,-0.1886290954408313,0.8583488669343243,0.23235093704243012,-0.10677882261359255,0.38437079729563245,0.7804649040735786,0.3185138542975966,-0.8012849001740309,0.1137283621809424,0.5842826904080348,-0.7395500163833028,-0.1873974964083138,-0.8763600029805485,-0.30982518529042424,0.408409526053364,-1.006378699270123,-0.25929878350055285,-0.3200584241023784,0.165907488001285,False,False,True,1.0436713545521836,726.1800000000001,81.0,0.17332755574814174,25725.600000000002
Peru,1.7679170415606371,-0.9534213257020933,-0.825433829512644,1.3832800332327635,-0.5927903840112789,-0.839850555340043,-1.2403514260645387,0.05670891078653814,-0.3531079413491937,-1.0099508567087887,-1.7316892482021922,-0.9896787262128717,-0.14515887065068514,-0.7395500163833028,-1.6786242582781847,-1.5795575981504972,-1.3710434027262273,-1.7883995134442645,-1.3543371543250724,-0.25929878350055285,-1.0549801786428574,0.7150427399707835,False,True,False,0.6606110652353429,348.87,108.0,0.0645819878752526,23878.8
Saudi Arabia,1.4894720218243473,-1.5843038122102886,-1.6947690896628744,1.9072497427906285,0.13277924146152273,-0.9738757418878523,-0.6456903881886323,0.36096637683069716,-0.9198943640605799,-1.0388305243393623,-0.29731587832544387,-0.9703207071182445,-0.14515887065068514,-0.956380299562265,-0.8501649461282564,-0.17316240781059977,-0.5624961894418059,-1.3641881127136883,-1.1389343011958177,-0.25929878350055285,2.1786755413352497,-0.04001823148727724,False,False,False,0.8351976137211038,368.94,89.33333333333333,0.10681575418740484,19778.399999999998
Spain,-1.2253669206044768,1.8496050147794716,1.7825719509380478,-1.2365685145565612,-1.3183600094840806,1.663983611530391,0.9338779936692436,-1.6986226240836084,1.914037749496351,0.549551195342185,1.524725969896372,1.5655797942780654,1.3137242514667546,1.343569489871727,1.800904852751514,0.1784363897743746,1.96421385207201,1.0295762199802798,1.213927632985276,-0.25929878350055285,-0.650773213645594,0.3718332074898472,False,False,True,4.273318872017353,827.6700000000001,172.4,1.9396120775844827,74907.8
Argentina,-1.4342006854066942,1.8307927574608036,0.47856906071270194,-1.760538224114426,1.583918492407126,1.785824690210217,2.3833642734917655,-0.5284016008368441,1.914037749496351,1.0116258774313622,1.9770058612989505,1.2364934696693837,0.5842826904080348,2.0521398795458357,0.22683215966665032,0.530035187359349,1.5094060445995239,1.7416453569208898,0.7665524764860535,-0.25929878350055285,-0.5772810381915461,0.8523265529631584,False,True,False,2.861602497398543,995.3799999999999,261.25,4.397801099450276,89034.0
Japan,0.2364694330110439,-0.5455984616866784,-0.39076619943752866,0.8593103236748986,-0.5927903840112789,-0.03569943605318834,-0.10677882261359255,-0.5518060213017794,0.21367848136219245,0.46291219245046455,-0.5945283783899948,-0.23471598152236933,-0.14515887065068514,0.07743551488028697,0.06114029723666467,0.7058345861518361,1.3072692412784184,0.5447631905739062,-0.9732397987886985,-0.25929878350055285,0.4148633304381002,-0.5891534834567758,False,False,False,1.4826498422712933,765.9000000000001,178.33333333333334,0.3230644975193262,41516.0
Poland,0.3756919428791887,-0.13911933033688292,0.043901430637586634,0.8593103236748986,-1.3183600094840806,0.049589319022690266,-0.5156082861532781,-0.5518060213017794,0.7804649040735786,-0.4612371717278905,0.012818904350610128,0.3460245913164799,0.5842826904080348,-0.6969583536160066,-0.021705633978328157,0.7058345861518361,0.5492562288242734,-0.758171825955722,0.18662171806113612,-0.25929878350055285,0.6720859445272682,-0.6577953899529632,False,False,True,1.2513144058885384,497.14,83.75,0.2464197707224742,27000.999999999996
Italy,-0.6684768811318975,-0.012136593435873361,0.9132366907878172,-1.2365685145565612,0.13277924146152273,0.4029284471941867,0.302050640926093,-0.27095297572255567,0.21367848136219245,0.4340325248198905,-0.10348163915291012,0.22987647674871114,0.5842826904080348,0.4452726024160264,0.7239077469566073,0.3542357885668618,-0.0066199803087664795,0.9841249984734317,0.3191773199868311,-0.25929878350055285,0.5985937690732199,-0.5205115769605884,False,False,True,1.5219421101774042,800.0799999999999,157.5,0.44611952926697945,50400.0
Costa Rica,1.5590832767584197,-0.9440151970427585,-0.825433829512644,1.9072497427906285,-1.3183600094840806,-1.0591644969637308,-1.4261830004007596,1.5779962410073323,-0.3531079413491937,-1.2987475330145244,-0.8400517480085377,-0.5057282488471639,-1.604041992768125,-0.6466227521637475,-0.4359352900532923,-1.5795575981504972,-1.7247828085381616,-1.7126474775995189,-1.2217815523993774,-0.25929878350055285,-2.120616722726552,1.9505970569021562,False,False,False,0.37614185921547555,312.62,348.0,0.05333214817448501,26517.600000000002
Cameroon,0.932581982351768,-1.713974014442537,-1.6947690896628744,0.8593103236748986,1.583918492407126,-0.7241015305942078,-1.537681945002492,0.99288572938395,-0.9198943640605799,-0.692274512772479,-0.7754403349510264,-1.105826840780643,-0.874600431709405,-0.7047022923009696,-0.5187812212682851,-0.7005606041880613,-0.6635645911023587,-1.2278344481931462,-1.2880593533622238,-0.25929878350055285,0.34137115498405257,-1.5501401744033987,True,False,False,0.39726877715704534,429.24,166.5,0.12499652787422573,24342.3
Austria,-0.18119809659339062,0.08326842582308719,-0.39076619943752866,0.8593103236748986,-0.5927903840112789,-0.4316829417626244,-0.6642735456222544,0.5013928996203085,-0.9198943640605799,-0.576755842250185,0.46509879575318813,-0.7960985352665886,-0.874600431709405,-0.03872356539415707,-0.6844730836982708,-0.34896180660308695,-0.6635645911023587,0.48416156189810977,-0.5590035427709005,-0.25929878350055285,-0.06283581001321072,0.9209684594593458,False,False,True,0.7922912205567454,562.02,252.5,0.22498875056247186,37723.5
Germany,-1.0165331558022597,0.4131547952325915,0.9132366907878172,-1.2365685145565612,0.13277924146152273,0.29327147638234274,0.8595453639347552,-0.9730855896706144,0.7804649040735786,1.0982648803230832,1.2533580350548246,0.8493330877768175,0.5842826904080348,0.9757324023359876,1.1381374030315714,0.3542357885668618,0.3471194255031679,-0.04610268901511089,0.9156775286524618,-0.25929878350055285,0.3781172427110764,0.09726558150509758,False,False,True,2.503242542153048,825.6,191.75,0.8123984501937258,63814.4
Spain,-1.0165331558022597,2.231225091815312,1.7825719509380478,-1.2365685145565612,-1.3183600094840806,1.4263935081047292,1.6586211335805043,-0.5049971803719088,1.914037749496351,2.1090532473931587,2.1708401004714846,1.1784194123854992,0.5842826904080348,1.211922532227357,0.39252402209663595,1.0574333837368104,1.5094060445995239,0.6962672622633979,1.3133443344295466,-0.25929878350055285,0.08414854089488487,-0.17730204447965206,False,False,True,2.43048403707518,1101.75,207.0,1.099862517185352,70297.20000000001
Brazil,-1.2949781755385492,1.6776072335802183,1.3479043208629324,-1.2365685145565612,-0.5927903840112789,1.4081173463027552,1.2312085126071965,-1.1369165329251616,0.21367848136219245,0.636190198233906,2.1320732526369777,0.8299750686821875,2.0431658125254746,1.5875035584480595,1.6352129903215284,1.9364303776992462,1.00406403629676,0.48416156189810977,0.8162608272081887,-0.25929878350055285,-0.1730740731942828,0.23454939449747242,False,True,False,3.0385164051355207,793.44,154.16666666666666,1.9495126218445387,76867.5
Portugal,-1.0165331558022597,0.8458367135619596,0.9132366907878172,-1.2365685145565612,0.13277924146152273,0.9938576787913456,0.19055169632436086,-0.3645706575822969,0.7804649040735786,1.2715428861065252,0.5555547740337039,1.3526415842371524,-0.14515887065068514,1.08801951326795,0.8895996093865929,-0.7005606041880613,0.195516823012339,0.8932225554597365,0.05406611613544121,-0.25929878350055285,-0.06283581001321072,-0.9323630159377124,False,False,True,1.5227934044616878,959.48,265.3333333333333,0.7749031371078616,68296.8
Switzerland,-0.11158684165931819,-0.005417930107777569,-0.825433829512644,0.8593103236748986,0.13277924146152273,-0.5291558047064856,-0.42269249898516764,0.009900069856667524,-0.3531079413491937,-0.6633948451419055,-0.7366734871165196,-0.7380244779827042,0.5842826904080348,-0.04646750407912,-0.6844730836982708,-0.34896180660308695,-0.2592909844601481,0.16600301135017717,0.00435776541330591,-0.25929878350055285,-0.1730740731942828,0.5777589269784095,False,False,True,1.0411418975650715,524.7,125.75,0.25236893481262795,37725.0
Turkey,1.7679170415606371,-1.3760252490393192,-1.2601014595877593,1.9072497427906285,-0.5927903840112789,-0.9251393104159217,-0.8501051199584753,2.2099155935605843,-1.486680786771966,-0.8655525185559209,-1.3440207698571247,-0.6412343825095627,-0.14515887065068514,-1.064795441151746,-0.9330108773432493,-1.2279588005655229,-1.5226460052170563,-0.3036596108872471,-0.890392547585139,-0.25929878350055285,0.5985937690732199,-0.7264372964491506,False,False,True,0.4739558892538715,459.0799999999999,80.0,0.05833211808087332,18120.0
France,-1.1557556656704044,1.9369476380447168,1.3479043208629324,-0.7125988049986962,-1.3183600094840806,1.7980087980781996,1.119709568005464,-1.581600521758932,1.3472513267849648,1.444820891889966,1.3567362959468425,0.9654812023445862,-0.14515887065068514,1.51006417159843,0.4753699533116288,2.463828574076708,1.96421385207201,0.5447631905739062,0.7168441257639182,-0.25929878350055285,-0.6140271259185699,0.3718332074898472,False,False,True,4.050880626223091,954.5999999999999,301.6666666666667,1.616397267122146,75839.0
Colombia,-1.0165331558022597,0.5723871161084605,0.47856906071270194,-1.2365685145565612,0.8583488669343243,0.7136231978277444,0.729463261899401,-0.060313191538138404,-0.3531079413491937,0.40515285718931704,-0.05179250870690112,0.36538261041110986,-0.14515887065068514,0.05807566816787963,0.06114029723666467,-0.7005606041880613,0.8524614338059312,0.7265680766012966,1.0316636803374457,-0.25929878350055285,-0.20982016092130662,1.4014618049326577,False,True,False,1.6020671834625326,771.12,176.66666666666666,0.9373828271466067,42771.0
Poland,-0.11158684165931819,0.23645394970367095,0.043901430637586634,0.8593103236748986,-1.3183600094840806,-0.16972462260099758,-0.3855261841179235,-0.3177618166524263,0.7804649040735786,0.11635618088358118,0.4134096653071799,-0.2927900388062537,0.5842826904080348,-0.4530242850396741,0.5582158845266216,-0.8763600029805485,-0.20875678362987152,-0.15215553919775546,0.07063556637615219,-0.25929878350055285,-0.1730740731942828,0.8523265529631584,False,False,True,1.1988582302568982,641.3399999999999,99.5,0.25713061282796057,30765.399999999998
Spain,-1.1557556656704044,1.0500840787360723,1.7825719509380478,-0.7125988049986962,-1.3183600094840806,1.682259773332365,2.123200069421056,-0.622019282696585,0.7804649040735786,1.2426632184759512,1.9640835786874484,1.7398019661297186,0.5842826904080348,2.296073948122168,0.8895996093865929,2.639627972869195,0.6503246304848257,2.256759200665161,1.860136192373042,-0.25929878350055285,0.4883555058921485,0.9209684594593458,False,False,True,2.8338762214983713,1102.2,277.0,1.183136143976004,97282.4
Ecuador,-0.7380881360659699,-0.23385248326303448,-0.39076619943752866,0.8593103236748986,-0.5927903840112789,0.11660191229659489,-0.8686882773920974,-0.20073971432774973,0.7804649040735786,-0.8655525185559209,-0.47822783488647463,0.1137283621809424,-0.14515887065068514,-0.42592049964230383,0.4753699533116288,-0.34896180660308695,-0.6130303902720825,-0.04610268901511089,-0.9235314480665633,-0.25929878350055285,-0.5772810381915461,0.9209684594593458,False,True,False,0.9082652134423251,474.71999999999997,135.0,0.3833013915507041,32157.000000000004
Denmark,0.7237482175495508,0.32312470663610726,0.47856906071270194,0.33534061411703364,-1.3183600094840806,-0.27938159341284147,-0.497025128719656,-0.5986148622316497,0.7804649040735786,-0.49011683935846406,0.18080857830013938,-0.8154565543612186,-0.14515887065068514,-0.09293113618889762,0.39252402209663595,-0.7005606041880613,-0.7646329927629114,0.15085260418122778,0.3523162204682554,-0.25929878350055285,-0.6875193013726179,-0.9323630159377124,False,False,True,1.2889366272824918,555.4499999999999,163.66666666666666,0.13029908184600467,36628.6
Portugal,-0.5988656261978251,1.0473966134048334,1.3479043208629324,-0.7125988049986962,-1.3183600094840806,1.1217908114051627,0.02330327942176207,-0.5284016008368441,-0.3531079413491937,0.14523584851415466,0.15496401307713487,1.3139255460478951,1.3137242514667546,1.153842992090135,1.0552914718165787,1.7606309789067591,0.6503246304848257,-0.258208389380399,0.8659691779303265,-0.25929878350055285,-0.43029668728345016,0.165907488001285,False,False,True,1.5400624349635796,637.54,162.6,0.5071066352403399,69592.79999999999
Sweden,-0.5292543712637527,0.15582998976652143,-0.825433829512644,0.33534061411703364,0.8583488669343243,0.3663761235902387,0.37638327066058136,-0.27095297572255567,-0.3531079413491937,-0.23019983068330166,0.11619716524262813,0.24923449584333834,-0.874600431709405,-0.2400659712031934,-0.10455156519332098,0.8816339849443233,-0.8151671935931876,0.34780789737756757,-0.8738230973444255,-0.25929878350055285,-0.1363279854672587,-0.7264372964491506,False,False,True,1.5592903828197946,617.88,226.5,0.27998133457769486,36285.299999999996
Brazil,-1.4342006854066942,1.1918478749588928,1.7825719509380478,-0.7125988049986962,-1.3183600094840806,1.6761677193983737,2.1046169119874345,-0.7156369645563263,1.3472513267849648,1.531459894781687,1.4730368394503628,1.4687896988049238,1.3137242514667546,0.7163104563897291,1.8837507839665069,1.7606309789067591,1.5094060445995239,0.8174705196149907,1.197358182744565,-0.25929878350055285,-0.2833123363753546,1.1268941789479079,False,True,False,2.9511918274687856,1002.75,140.0,4.397801099450276,60480.00000000001
Cameroon,0.44530319781326116,-1.0804040626031042,-1.6947690896628744,0.8593103236748986,1.583918492407126,-1.0104280654918003,-1.6120145747369803,1.3907608772878497,-0.3531079413491937,-1.3276272006450982,-0.32316044354844836,-0.5250862679417939,-0.14515887065068514,-0.9950999929870796,-0.7673190149132636,-0.5247612053955741,-1.1183723985748455,-1.3035864840378921,-0.4927257418080518,-0.25929878350055285,0.15764071634893284,-0.5891534834567758,True,False,False,0.3368893879842785,329.08,86.0,0.12413365056377366,19633.8
Tunisia,0.584525707681406,-1.4909143919497565,-0.39076619943752866,0.8593103236748986,-0.5927903840112789,-1.2236499531814964,-0.5156082861532781,0.10351775171640876,-1.486680786771966,-1.269867865383951,-1.8609120743172143,-1.2219749553484118,-1.604041992768125,-0.7124462309859325,-1.2643946022032206,-1.40375819935801,-1.017303996914293,-1.7883995134442645,-1.453753855769343,-0.25929878350055285,0.12089462862190901,-1.824707800388148,True,False,False,0.966693744922827,312.78000000000003,331.0,0.12257669107448146,23997.5
Argentina,-1.4342006854066942,0.8706957678759143,1.7825719509380478,-1.760538224114426,-0.5927903840112789,1.8832975531540783,1.8258695504831035,-0.9028723282758085,0.21367848136219245,1.3870615566288191,2.248373796140498,1.643011870656577,0.5842826904080348,2.574855740780834,1.7180589215365212,1.4090321813217848,1.0545982371270366,1.9840518716240767,1.495608287077379,-0.25929878350055285,0.34137115498405257,-0.3145858574720261,False,True,False,3.058676654182272,1105.0,295.0,3.9480259870064973,103014.0
Mexico,-0.3204206064615354,0.05840937150913245,0.47856906071270194,-0.7125988049986962,0.13277924146152273,0.3480999617882647,0.04188643685538416,-0.13052645293294432,0.7804649040735786,-0.17244049542215467,-0.19393761743342586,-0.3315060769955109,-0.14515887065068514,-0.41430459161485944,0.30967809088164316,-0.5247612053955741,-0.5119619886115298,-0.9854279334899594,-0.6418507939744601,3.856554922857429,-2.2676010736346477,1.8133132439097814,False,False,False,1.3174182139699384,526.64,136.0,0.26665185267485136,31456.8
Spain,-1.086144410736332,2.0296651919724384,0.47856906071270194,-1.760538224114426,1.583918492407126,1.5665107485865297,1.1754590403063307,-0.45818833944203813,1.914037749496351,1.618098897673408,1.485959122061865,1.1590613932908693,1.3137242514667546,1.8546694430792807,2.215134508826478,2.1122297764917333,1.7115428479206283,1.9840518716240767,0.6671357750417829,-0.25929878350055285,0.15764071634893284,-0.8637211094415254,False,False,True,2.119071644803229,1157.0,198.8,1.3140979860019995,84291.2
Ivory Coast,1.2806382570221302,-0.43541238310590824,-0.825433829512644,0.8593103236748986,0.13277924146152273,-0.8520346632080257,-1.4447661578343818,0.4311796382255031,-0.3531079413491937,-0.8944321861864943,-0.19393761743342586,-1.241332974443039,-0.874600431709405,-0.8828128820551171,-0.6844730836982708,-1.0521594017730356,-0.5624961894418059,-0.7733222331246713,-1.0892259504736825,-0.25929878350055285,0.7823242077083397,-1.7560658938919607,True,False,False,0.5032822757111597,425.87999999999994,143.5,0.11463135045486697,20778.800000000003
Japan,-0.39003186139560786,0.2928907216596762,-0.825433829512644,0.8593103236748986,0.13277924146152273,-0.7058253687922338,-0.5527746010205222,0.5482017405501791,0.7804649040735786,-0.8944321861864943,0.40048738269567763,-0.7380244779827042,-0.14515887065068514,-0.04259553473663854,-0.6016271524832779,0.1784363897743746,-1.0678381977445692,0.6053648192497026,0.00435776541330591,-0.25929878350055285,1.3702616113407233,-1.9619916133805229,False,False,False,0.8233638282899367,508.68999999999994,168.0,0.21763425680842302,37800.0
France,-1.1557556656704044,2.1727727208608787,0.47856906071270194,-1.760538224114426,1.583918492407126,0.8781086540455103,2.2718653288900326,-0.5986148622316497,0.21367848136219245,1.9935345768708648,1.2921248828893315,1.0429132787231006,0.5842826904080348,1.2583861643371346,1.800904852751514,0.8816339849443233,1.4083376429389707,0.9689745913044824,1.3464832349109708,-0.25929878350055285,-0.5772810381915461,-0.04001823148727724,False,False,True,2.8893662728249194,1113.53,210.0,1.4330944842526245,70728.0
Portugal,-0.8773106459341148,1.0541152767329292,0.9132366907878172,-1.2365685145565612,0.13277924146152273,0.5430456876759873,0.6179643172976685,-0.7390413850212616,0.21367848136219245,-0.02804215726928675,0.10327488263112587,0.6751109159251617,0.5842826904080348,0.03484385211299082,1.4695211278915428,1.584831580114272,1.00406403629676,0.48416156189810977,1.0150942300967323,-0.25929878350055285,0.2311328918029808,-0.04001823148727724,False,False,True,2.066590126291619,666.71,131.0,0.77992200779922,43125.2
Turkey,0.584525707681406,-1.7146458807753462,-1.6947690896628744,0.33534061411703364,2.3094881178799276,-0.9860598497558349,-1.3518503706662712,0.08011333125147345,-1.486680786771966,-0.4612371717278905,-0.6720620740590084,-0.6799504206988198,-0.14515887065068514,-1.04930756378182,-0.4359352900532923,-1.2279588005655229,-0.8657013944234642,-1.4853913700652812,-1.1389343011958177,-0.25929878350055285,0.6353398568002444,0.5091170204822221,False,False,True,0.6060606060606061,446.26,81.33333333333333,0.1322537982645721,18373.2
USA,0.584525707681406,0.381577077590541,-0.39076619943752866,0.33534061411703364,0.13277924146152273,0.3602840696562474,0.2834674834924713,0.688628263339791,-0.9198943640605799,-0.02804215726928675,-0.4394609870519679,-0.19599994333311216,-0.14515887065068514,-0.6892144149310436,-0.2702434276233066,-0.8763600029805485,-0.5624961894418059,0.408409526053364,0.020927215654016892,3.856554922857429,-1.973632371818456,1.8819551504059688,False,False,False,1.0938555030384878,660.66,112.33333333333333,0.1516080126447534,26218.6
Qatar,1.3502495119562026,-1.0958569882577243,-1.2601014595877593,1.9072497427906285,-0.5927903840112789,-1.8206712387126462,-1.2775177409317828,1.0162901498488852,-1.486680786771966,-1.3853865359062452,-0.9821968567350624,-1.7059254327141196,-0.874600431709405,-0.9989719623295611,-1.430086464633206,-0.17316240781059977,-0.20875678362987152,-1.561143405910027,-0.22761453795666198,-0.25929878350055285,0.3781172427110764,-0.3832277639682135,False,False,False,0.48118445404071564,307.84000000000003,128.5,0.12856836741982336,17990.0
Austria,-0.6684768811318975,-0.7128931785562641,-0.39076619943752866,-0.1886290954408313,0.8583488669343243,0.33591585392028206,-0.7571893327903648,0.2205398540410853,0.21367848136219245,-0.17244049542215467,0.18080857830013938,-0.09920984785997063,-0.14515887065068514,0.08130748422276844,-0.6844730836982708,0.1784363897743746,-0.8151671935931876,-0.44001327540778934,-0.012211684827407426,-0.25929878350055285,0.3781172427110764,0.5091170204822221,False,False,True,0.8274785323965653,568.4,178.66666666666666,0.3230520729174679,41968.799999999996
Honduras,1.419860766890275,-1.182527745190159,-0.825433829512644,1.3832800332327635,-0.5927903840112789,-0.8093902856700864,-0.8129388050912311,2.3503421163501965,-1.486680786771966,-1.5586645416896867,-0.23270446526793262,-0.7960985352665886,-0.14515887065068514,-0.8557090966577467,-1.430086464633206,-0.7005606041880613,-1.0678381977445692,-0.31881001805619646,-1.2549204528808018,-0.25929878350055285,-2.3778393368157196,2.156522776390718,False,False,False,0.47010497489730724,338.64,98.0,0.08604451059277692,21961.8
Australia,-0.39003186139560786,-0.9460307960411884,-0.825433829512644,-0.1886290954408313,1.583918492407126,0.3785602314582214,-0.5713577584541444,0.5950105814800497,-0.3531079413491937,-0.3168388335750226,-0.4653055522749724,0.3073085531272255,-0.874600431709405,-0.5730553346565996,-0.4359352900532923,0.530035187359349,-0.2592909844601481,-0.1218547248598567,0.2860384195054091,-0.25929878350055285,1.2600233481596512,-0.10866013798346465,False,False,False,0.8049965301873699,567.21,183.5,0.311746367860714,29506.800000000003
Ivory Coast,1.2110270020880578,-1.6131940645211003,-1.2601014595877593,1.3832800332327635,0.13277924146152273,-1.723198375768785,-0.44127565641878974,2.373746536815132,-0.3531079413491937,-0.547876174619611,-1.7316892482021922,-0.9316046689289873,-0.874600431709405,-0.9021727287675244,-1.5957783270631918,-1.5795575981504972,-1.168906599405122,-1.0611799693347053,-0.9898092490294095,-0.25929878350055285,0.708832032254292,-1.2069306419224621,True,False,False,0.558836892321672,462.47,141.0,0.08749781255468614,20868.0
Chile,0.5149144527473336,-0.896312687413279,-1.2601014595877593,0.8593103236748986,0.8583488669343243,-1.796303022976681,-0.8501051199584753,2.0928934912359085,-0.3531079413491937,-0.40347783646674307,-0.40069413921746116,-1.7059254327141196,-0.874600431709405,-0.9060446981100059,-0.7673190149132636,-1.0521594017730356,-0.8657013944234642,-0.8793750833073148,-0.3601701398823569,-0.25929878350055285,-0.39355059955642635,0.5091170204822221,False,True,False,0.4853435848149928,497.88000000000005,140.5,0.13666211126295788,19670.0
Serbia,0.027635668208826642,-0.9876865086753811,0.043901430637586634,0.8593103236748986,-1.3183600094840806,-0.4194988338946417,0.24630116862522713,0.5716061610151144,0.21367848136219245,0.26075451903644914,-0.7108289218935151,-0.5057282488471639,0.5842826904080348,0.003868097373139078,-0.35308935883829945,-0.5247612053955741,0.04391422052151012,-0.13700513202880607,0.21976061854256046,-0.25929878350055285,-0.026089722286186903,0.3031913009936598,False,False,True,1.1180992313067786,668.1,129.0,0.2565105864962393,39319.200000000004
Ghana,1.1414157471539854,-0.9151249447319468,-0.825433829512644,1.3832800332327635,-0.5927903840112789,-0.46823526536657234,-1.5748482598697362,0.6652238428748557,-0.9198943640605799,-1.7319425474731283,-1.6412332699216763,-0.5250862679417939,-0.14515887065068514,-0.6737265375611178,-0.8501649461282564,-1.5795575981504972,-1.4215776035565035,-0.3794116467319929,-0.6915591446965954,-0.25929878350055285,0.08414854089488487,-1.4814982679072113,True,False,False,0.42148198504418766,306.28,113.66666666666667,0.07692110458706188,25950.1
Japan,-0.18119809659339062,-0.6282380206222563,-0.825433829512644,0.8593103236748986,0.13277924146152273,0.29327147638234274,-0.7386061753567428,0.4779884791553732,0.7804649040735786,0.3473935219281701,0.6201661870912152,-0.021777771481456296,-0.874600431709405,0.027099913428027884,0.06114029723666467,0.0026369909818874074,-0.46142778778125315,-0.2127571678735519,-0.45958684132662747,-0.25929878350055285,1.884706839519058,-0.17730204447965206,False,False,False,0.7692307692307694,676.7,261.0,0.24498775061246938,41081.4
Jamaica,0.7933594724836233,-1.2026837351744464,-0.39076619943752866,0.8593103236748986,-0.5927903840112789,-1.8754997241185682,-1.797846149073201,1.4375697182177203,-0.3531079413491937,-0.576755842250185,-0.3360827261599506,-0.6025183443203055,-0.874600431709405,-1.029947717069413,-1.430086464633206,-0.17316240781059977,-1.6237144068776088,-1.1672328195173487,-1.8182817610650057,-0.25929878350055285,-2.4145854245427434,1.607387524421219,False,False,False,0.27762354247640203,450.84,124.5,0.0764683391664951,18849.3
Morocco,0.16685817807697148,0.13029906911975772,0.043901430637586634,-0.1886290954408313,0.13277924146152273,-0.16972462260099758,0.32063379835971506,-0.3645706575822969,0.21367848136219245,-0.23019983068330166,-0.3748495739944566,-0.8735306116451029,-0.14515887065068514,-0.7318060776983398,-0.1873974964083138,-0.5247612053955741,-0.8657013944234642,0.36295830454651584,0.534580173116088,-0.25929878350055285,0.8925624708894118,-1.6874239873957735,True,False,False,1.5906886517943744,619.02,108.66666666666667,0.1639934402623895,24221.8
Peru,1.3502495119562026,-1.0481544786282433,-1.2601014595877593,0.33534061411703364,1.583918492407126,-1.4917003262771145,-1.7420966767723347,0.12692217218134408,-0.3531079413491937,-1.7030628798425547,-1.008041421958067,-1.6284933563356052,-1.604041992768125,-0.9176606061374503,-1.1815486709882277,-0.5247612053955741,-0.8151671935931876,-1.6974970704305694,-0.5092951920487652,-0.25929878350055285,-0.8712497400077376,0.8523265529631584,False,True,False,0.4270749395648671,256.41,278.0,0.09999761910430705,19571.2
Cameroon,1.2110270020880578,-0.7841110098340789,-0.39076619943752866,1.3832800332327635,-1.3183600094840806,-0.4377749956966157,-1.6677640470378465,0.33756195636576186,-0.9198943640605799,-0.692274512772479,-0.9046631610660488,-1.609135337240978,-1.604041992768125,-0.6156469974238958,-1.430086464633206,-0.8763600029805485,0.4987220279939968,-0.5157653112525351,-1.3543371543250724,-0.25929878350055285,1.1497850849785791,-1.6874239873957735,True,False,False,0.4282494365138993,475.3,356.0,0.16999575010624735,25098.0
Switzerland,0.027635668208826642,-0.1559159886571224,0.47856906071270194,-0.7125988049986962,0.13277924146152273,-0.3524862406207371,-0.45985881385241184,0.1737310131112147,-0.9198943640605799,0.3185138542975966,-0.4653055522749724,-0.718666458888077,0.5842826904080348,-0.3949447449024521,0.4753699533116288,-0.17316240781059977,-0.0066199803087664795,0.19630382568807592,-0.8572536471037145,-0.25929878350055285,0.4883555058921485,-0.3832277639682135,False,False,True,0.9674861221252974,707.5600000000001,103.25,0.252162949436981,31016.3
Netherlands,-0.8773106459341148,0.6610734720393253,0.47856906071270194,-0.7125988049986962,0.13277924146152273,0.6587947124218225,0.1533853814571167,-1.0667032715303557,1.3472513267849648,1.2426632184759512,1.3567362959468425,1.2558514887640109,0.5842826904080348,1.0221960344457652,-0.1873974964083138,1.0574333837368104,1.3578034421086944,0.575064004911805,0.6837052252824939,-0.25929878350055285,-0.2833123363753546,-0.8637211094415254,False,False,True,2.1203830369357046,919.0500000000001,194.75,0.8499150084991501,66448.7
Portugal,-0.8773106459341148,0.6281520217316569,0.043901430637586634,-0.1886290954408313,0.13277924146152273,0.44557282473212595,1.1568758828727082,-0.3879750780472322,1.3472513267849648,0.20299518377530215,0.8527672740982556,0.1137283621809424,-0.14515887065068514,0.0735635455378055,0.4753699533116288,1.4090321813217848,0.3471194255031679,0.3023566758707194,0.5014412726346636,-0.25929878350055285,0.6720859445272682,-0.9323630159377124,False,False,True,2.0470127326150833,695.31,178.0,0.6499350064993501,42399.600000000006
Poland,-0.4596431163296803,-0.48513049173381617,0.47856906071270194,-0.7125988049986962,0.13277924146152273,-0.47432731930056365,0.32063379835971506,0.618415001944985,0.21367848136219245,-0.40347783646674307,-0.47822783488647463,-0.09920984785997063,0.5842826904080348,-0.5653113959716367,0.30967809088164316,-0.34896180660308695,-0.10768838196931922,-0.6975701972799255,-0.09505893603096705,-0.25929878350055285,0.34137115498405257,-0.5205115769605884,False,False,True,1.1302549965541007,510.84,92.25,0.349978126367102,28892.7
Tunisia,0.932581982351768,-0.48042742740414884,-0.825433829512644,0.33534061411703364,0.8583488669343243,-1.5465288116830365,-0.9430209071265857,2.116297911700843,-1.486680786771966,-0.43235750409731705,-1.5766218568641652,-1.609135337240978,-1.604041992768125,-0.89055682074008,-0.4359352900532923,-0.8763600029805485,-1.2194408002353982,-1.2581352625310438,-0.37673959012306785,-0.25929878350055285,0.708832032254292,-1.1382887354262747,True,False,False,0.4591104734576758,466.52,285.0,0.0944418210605261,20092.5
South Korea,-0.11158684165931819,0.018769257873368198,-0.39076619943752866,-0.1886290954408313,0.8583488669343243,-0.01133122031722302,-0.6828567030558765,-0.9028723282758085,0.7804649040735786,-0.8366728509253468,-0.2843935957139416,-0.6412343825095627,-1.604041992768125,-0.7743977404656359,0.30967809088164316,-0.7005606041880613,-0.5624961894418059,0.19630382568807592,0.1534828175797118,-0.25929878350055285,1.5907381377028669,0.23454939449747242,False,False,False,1.373283395755306,494.76000000000005,315.0,0.22379886672063234,23782.5
Poland,0.3756919428791887,-0.41122519512476247,-0.39076619943752866,-0.1886290954408313,0.8583488669343243,-0.4560511574985897,0.22771801119160504,-0.3879750780472322,0.7804649040735786,0.11635618088358118,-0.8271294653970354,0.36538261041110986,-0.14515887065068514,-0.08518719750393468,0.6410618157416145,-0.5247612053955741,-1.5226460052170563,-0.9854279334899594,-0.8075452963815793,-0.25929878350055285,-0.5772810381915461,-0.9323630159377124,False,False,True,1.557296767874633,572.04,164.33333333333334,0.09999642869897503,39785.1
Netherlands,-1.086144410736332,0.7477442289717616,1.3479043208629324,-0.7125988049986962,-1.3183600094840806,0.5125854180060306,0.9896274659701099,-1.183725373855032,-0.3531079413491937,1.358181888998245,-0.21978218265643037,0.42345666769499424,1.3137242514667546,0.3136256447716565,1.2209833342465641,1.4090321813217848,0.3471194255031679,-0.1218547248598567,0.2528995190239848,-0.25929878350055285,0.4883555058921485,-0.6577953899529632,False,False,True,2.936857562408223,863.5899999999999,119.2,0.9284387944579345,48276.0
France,-1.086144410736332,1.3584707254956683,0.47856906071270194,-1.2365685145565612,0.8583488669343243,1.5360504789165732,1.2869579849080632,-1.5347916808290614,1.3472513267849648,0.7805885363867738,1.3179694481123359,1.3526415842371524,2.0431658125254746,2.22250653061502,0.9724455406015857,0.8816339849443233,0.7008588313151023,1.7567957640898393,2.0092612445394478,-0.25929878350055285,-0.5037888627374981,0.028623675008910172,False,False,True,4.067796610169491,946.15,181.5,1.0284245107841736,93436.2
Belgium,-1.2253669206044768,0.7289319716530938,0.043901430637586634,-1.2365685145565612,1.583918492407126,0.7014390899597618,-0.05102935031272628,-1.1135121124602263,-0.3531079413491937,0.5206715277116115,0.9044564045442647,0.3460245913164799,1.3137242514667546,0.15100293238743487,1.1381374030315714,-0.8763600029805485,1.2062008396178652,1.4386372135419065,1.4624693865959548,-0.25929878350055285,-0.026089722286186903,0.5777589269784095,False,False,True,2.0253164556962027,859.6,110.8,1.6396720655868824,44652.399999999994
Netherlands,-0.39003186139560786,0.8525553768900553,0.043901430637586634,-0.7125988049986962,0.8583488669343243,1.1766192968110847,0.6179643172976685,-0.08371761200307372,0.7804649040735786,0.46291219245046455,0.8398449914867534,0.8880491259660747,-0.14515887065068514,-0.23619400186071193,1.4695211278915428,0.7058345861518361,0.3471194255031679,1.1356290701629232,1.1642192822631405,-0.25929878350055285,-0.5772810381915461,-0.6577953899529632,False,False,True,1.5638575152041705,819.72,151.33333333333334,0.3823304511499323,37863.600000000006
Italy,-0.5988656261978251,0.44338878020902256,1.3479043208629324,-0.1886290954408313,-1.3183600094840806,0.798911952903623,0.8595453639347552,-1.2773430557147731,0.7804649040735786,0.49179186008103803,1.020756948047785,0.8493330877768175,-0.14515887065068514,0.24393019660699009,-0.021705633978328157,-0.5247612053955741,1.1051324379573129,0.999275405642381,1.2802054339481246,-0.25929878350055285,0.2678789795300046,-0.5891534834567758,False,False,True,3.0109204368174725,813.15,192.66666666666666,0.5713877580172845,48089.6
South Korea,-0.5292543712637527,-0.9030313507413747,-0.825433829512644,0.8593103236748986,0.13277924146152273,-0.1148961371950756,-0.8315219625248532,0.618415001944985,-0.9198943640605799,-0.7789135156641999,0.5684770566452061,-0.6605924016041899,0.5842826904080348,-0.6040310893964513,0.6410618157416145,-1.0521594017730356,-0.15822258279959536,0.5599135977428557,0.45173292191252834,-0.25929878350055285,1.7744685763379866,-0.8637211094415254,False,False,False,0.7029634734665748,528.2,89.75,0.3666422238517432,27068.600000000002
England,-1.2949781755385492,1.0158188957627827,1.3479043208629324,-1.2365685145565612,-0.5927903840112789,1.93812603856,0.710880104465779,-1.1369165329251616,0.21367848136219245,1.9935345768708648,0.5684770566452061,1.4107156415210367,0.5842826904080348,1.7927179335995773,1.5523670591065355,0.1784363897743746,1.8126112495811815,1.665893321076144,1.197358182744565,-0.25929878350055285,-0.6140271259185699,0.028623675008910172,False,False,True,2.639087018544936,1201.39,244.5,2.3494126468382905,84205.79999999999
Portugal,-0.39003186139560786,0.7275882389874743,1.3479043208629324,-0.7125988049986962,-1.3183600094840806,0.9390291933854236,1.3612906146425516,0.009900069856667524,0.21367848136219245,1.2715428861065252,0.23249770874614836,0.6363948777359045,1.3137242514667546,-0.09680310553137908,0.06114029723666467,1.2332327825292977,-0.2592909844601481,-0.13700513202880607,0.7996913769674778,-0.25929878350055285,0.010656365440836913,0.4404751139860346,False,False,True,1.8471872376154497,846.6,98.0,0.311746367860714,40229.0
Ecuador,0.3756919428791887,-0.329929368854804,-0.39076619943752866,0.33534061411703364,0.13277924146152273,-0.3524862406207371,-0.1996946097817026,0.05670891078653814,0.21367848136219245,0.23187485140587563,-0.16809305221042137,-0.5250862679417939,-0.874600431709405,-0.47625610109456296,-0.4359352900532923,-0.5247612053955741,0.3471194255031679,-0.6672693829420268,0.05406611613544121,-0.25929878350055285,-0.8345036522807138,1.1955360854440955,False,True,False,1.1230388109000828,617.5,196.0,0.2321345666226206,29831.199999999997
Canada,0.7933594724836233,-1.623272059513244,-0.39076619943752866,0.8593103236748986,-0.5927903840112789,-0.858126717142017,-0.9058545922593415,0.7822459451995322,-1.486680786771966,-1.1832288624922302,-1.7704560960366988,-0.44765419156327957,-1.604041992768125,-0.8169894032329321,-0.35308935883829945,-1.0521594017730356,-0.410893586950977,-1.2429848553620946,-0.5590035427709005,3.856554922857429,-2.01037845954548,1.0582522724517205,False,False,False,0.6443129520052597,353.97,304.0,0.14705449839710596,23256.0
France,-1.4342006854066942,2.168069656531211,0.9132366907878172,-0.7125988049986962,-0.5927903840112789,0.8659245461775277,2.346197958624521,-1.5347916808290614,1.3472513267849648,1.1271445479536573,0.8656895567097579,1.5462217751834355,0.5842826904080348,2.4083610590541307,0.22683215966665032,0.3542357885668618,1.6610086470903522,1.5598404708935005,1.1642192822631405,-0.25929878350055285,0.010656365440836913,0.028623675008910172,False,False,True,5.141242937853107,1001.4200000000002,284.25,4.5477261369315345,98691.59999999999
Colombia,-0.5988656261978251,1.0507559450688813,0.47856906071270194,-0.1886290954408313,-0.5927903840112789,0.32982379998629074,0.4507159003950697,-0.7858502259511322,-0.3531079413491937,0.8961072069090683,0.9561455349902737,0.6363948777359045,0.5842826904080348,1.118995268007802,0.06114029723666467,1.0574333837368104,0.9029956346362074,0.16600301135017717,0.7334135760046292,-0.25929878350055285,-0.6875193013726179,0.3718332074898472,False,True,False,2.009400705052879,810.9000000000001,201.0,0.5428183701164202,66008.4
Morocco,-0.39003186139560786,-0.08469815737930761,0.043901430637586634,0.8593103236748986,-1.3183600094840806,-0.516971696838503,-0.08819566517997046,0.4545840586904379,0.7804649040735786,0.40515285718931704,0.15496401307713487,-0.5831603252256783,-0.14515887065068514,-0.34460914345019306,0.30967809088164316,0.3542357885668618,-0.15822258279959536,-0.6824197901109761,-0.7909758461408659,-0.25929878350055285,1.2600233481596512,-1.0010049224339,True,False,False,1.0282404055032586,644.64,142.0,0.32351038174225044,32290.8
Colombia,-0.8773106459341148,1.1078645833576954,0.9132366907878172,-0.1886290954408313,-1.3183600094840806,1.0730543799332322,0.6551306321649126,-1.090107691995291,1.3472513267849648,0.5206715277116115,1.3179694481123359,0.9848392214392162,1.3137242514667546,0.7782619658694326,1.1381374030315714,1.0574333837368104,0.9029956346362074,-0.22790757504250128,0.5842885238382233,-0.25929878350055285,-0.9814880031888094,0.9209684594593458,False,True,False,2.5242718446601944,705.6,143.2,0.7599240075992401,60072.4
Germany,-0.39003186139560786,1.0897241923718366,0.47856906071270194,-0.7125988049986962,0.13277924146152273,1.1888034046790674,1.1940421977399525,-0.9964900101355497,-0.3531079413491937,0.9827462098007888,0.33587596963816635,1.0041972405338435,-0.14515887065068514,0.3484733688539897,0.9724455406015857,1.7606309789067591,0.09444842135178627,-0.24305798221145064,0.8825386281710375,-0.25929878350055285,0.4148633304381002,1.0582522724517205,False,False,True,2.7726675427069645,784.68,201.66666666666666,0.3529204164460914,50820.0
Mexico,-0.4596431163296803,-0.5106614123805799,-0.825433829512644,0.33534061411703364,0.8583488669343243,-0.6205366137163556,0.24630116862522713,0.4311796382255031,-0.9198943640605799,0.02971717799186073,-0.5816060957784926,-0.8154565543612186,0.5842826904080348,-0.4336644383272668,0.30967809088164316,-0.5247612053955741,0.44818782716372063,-0.42486286823883995,-0.5258646422894762,3.856554922857429,-1.9368862840914323,1.4014618049326577,False,False,False,1.1670313639679066,603.9300000000001,100.75,0.41872382976063993,30063.8
Peru,1.9071395514287819,-1.1415438988887754,-1.6947690896628744,1.9072497427906285,0.13277924146152273,-1.0957168205676786,-1.1288524814628065,1.554591820542397,-1.486680786771966,-0.7211541804030529,-0.6332952262245016,-1.067110802591386,-0.14515887065068514,-0.89055682074008,-0.35308935883829945,-0.34896180660308695,-0.6635645911023587,-0.5460661255904339,-0.21104508771594863,-0.25929878350055285,-0.724265389099642,1.1955360854440955,False,True,False,0.46461372231226367,468.50999999999993,95.0,0.08999820003599929,20890.5
Australia,0.2364694330110439,-0.45489650675738513,0.043901430637586634,0.33534061411703364,-0.5927903840112789,-0.3768544563567024,-0.013863035445482107,0.15032659264627937,-0.3531079413491937,0.3185138542975966,0.5426324914222016,-0.3508640960901381,-0.874600431709405,-0.07744325881897175,0.22683215966665032,0.8816339849443233,-0.2592909844601481,0.19630382568807592,-0.40987849060449216,-0.25929878350055285,1.7377224886109628,-1.9619916133805229,False,False,False,1.167066346922462,707.5600000000001,247.5,0.2038383139110034,38115.0
Ecuador,0.7237482175495508,0.2189854250506225,0.043901430637586634,0.33534061411703364,-0.5927903840112789,0.0983257504946209,-0.14394513748083673,-0.6454237031615203,-0.3531079413491937,-0.547876174619611,0.09035260001962363,-0.42829617246865237,0.5842826904080348,-0.13552279895619376,0.30967809088164316,-0.5247612053955741,0.04391422052151012,-0.803623047462569,-1.006378699270123,-0.25929878350055285,0.010656365440836913,1.0582522724517205,False,True,False,1.5257958287596047,479.9800000000001,120.0,0.17878246113754132,36768.0
Wales,1.6286945316924923,-0.6148006939660646,-0.825433829512644,0.33534061411703364,0.8583488669343243,-0.7972061778021038,-1.7235135193387126,2.280128854955391,-0.3531079413491937,-1.3276272006450982,-0.45238326966347014,-0.6799504206988198,-0.874600431709405,-0.8479651579727838,-0.5187812212682851,-0.8763600029805485,-1.825851210198714,-0.8490742689694172,-0.8241147466222902,-0.25929878350055285,-0.4670427750104743,-0.3145858574720261,False,False,True,0.24988431281813978,351.87999999999994,148.0,0.047825047281580844,22288.8
Tunisia,0.932581982351768,-1.691130559127011,-0.825433829512644,1.3832800332327635,-0.5927903840112789,-0.9860598497558349,-0.9430209071265857,0.922672467989144,-0.3531079413491937,-1.6453035445814075,-0.7625180523395241,-1.3187650508215534,-1.604041992768125,-0.7008303229584881,-0.9330108773432493,-1.0521594017730356,-0.8151671935931876,-1.6065946274168752,-0.45958684132662747,-0.25929878350055285,0.4516094181651247,-1.3442144549148365,True,False,False,0.6072106261859582,268.45,334.0,0.11666342601594401,24048.0
Uruguay,-0.3204206064615354,0.8673364362118664,0.47856906071270194,-0.7125988049986962,0.13277924146152273,1.1339749192731454,1.026793780837354,-1.0432988510654204,0.7804649040735786,1.2715428861065252,1.3955031437813494,0.2879505340325955,0.5842826904080348,0.7705180271844697,1.4695211278915428,1.7606309789067591,0.801927232975655,0.16600301135017717,0.9156775286524618,-0.25929878350055285,-0.5037888627374981,0.4404751139860346,False,True,False,2.7260458839406208,879.8000000000001,178.5,0.41108827287372923,57334.2
Brazil,-1.2253669206044768,2.064602241278537,0.9132366907878172,-1.760538224114426,0.8583488669343243,1.328920645160868,2.1046169119874345,-0.9730855896706144,2.480824172207737,1.618098897673408,0.7235444479832331,1.5075057369941782,2.0431658125254746,1.6107353745029482,1.9665967151814996,2.639627972869195,1.6104744462600762,0.5144623762360074,1.611594438762363,-0.25929878350055285,-0.6140271259185699,0.8523265529631584,False,True,False,3.372243839169909,984.34,155.16666666666666,1.7996400719856027,80624.59999999999
Croatia,-0.5292543712637527,0.3835926765889694,0.47856906071270194,-0.7125988049986962,0.13277924146152273,1.1888034046790674,1.3427074572089293,-0.5518060213017794,0.7804649040735786,0.40515285718931704,1.3179694481123359,0.07501232399168524,1.3137242514667546,1.1344831453777278,0.14398622845165748,1.4090321813217848,0.24605102384261515,0.25690545436387235,0.534580173116088,-0.25929878350055285,0.30462506725702876,0.8523265529631584,False,False,True,2.302839116719243,728.96,161.6,0.4199720018665422,63993.600000000006
Cameroon,1.419860766890275,-0.975592914684809,-0.39076619943752866,1.3832800332327635,-1.3183600094840806,-0.6266286676503469,-1.1474356388964284,0.12692217218134408,-0.3531079413491937,-0.692274512772479,-1.8350675090942097,-1.5123452417678365,-0.874600431709405,-0.5459515492592294,-1.430086464633206,-0.34896180660308695,-1.5226460052170563,-1.727797884768468,-1.7685734103428703,-0.25929878350055285,0.8925624708894118,-1.8933497068843355,True,False,False,0.6849315068493151,396.90000000000003,187.0,0.06511476477291225,26554.0
Wales,1.5590832767584197,-1.6756776334723908,-0.39076619943752866,1.3832800332327635,-1.3183600094840806,-0.6753650991222775,-1.333267213232649,0.99288572938395,-0.9198943640605799,-1.1543491948616567,-1.6024664220871696,-0.9703207071182445,-0.874600431709405,-0.7705257711231545,-0.7673190149132636,-1.0521594017730356,-1.4215776035565035,-0.3642612395630435,-1.072656500232969,-0.25929878350055285,0.4148633304381002,0.5091170204822221,False,False,True,0.4655493482309125,405.9,158.0,0.06666518521810627,23320.8
Ivory Coast,1.6983057866265647,-1.121387908904488,-1.6947690896628744,1.3832800332327635,0.8583488669343243,-0.7728379620661384,-0.5156082861532781,0.05670891078653814,-1.486680786771966,-1.7608222151037018,-0.6849843566705106,-0.854172592550473,-0.14515887065068514,-1.1383628586588939,-0.7673190149132636,-0.7005606041880613,-0.46142778778125315,-1.591444220247926,-0.6418507939744601,-0.25929878350055285,0.2311328918029808,-1.2069306419224621,True,False,False,0.9826589595375723,252.53999999999996,73.66666666666667,0.10425310099785112,16442.4
Mexico,0.30608068794511634,-0.4716931650776246,0.47856906071270194,0.8593103236748986,-1.3183600094840806,0.14706218196655152,0.1719685388907388,-0.08371761200307372,0.21367848136219245,0.4340325248198905,-0.7108289218935151,-0.699308439793447,-0.14515887065068514,-0.18585840040845286,-0.2702434276233066,-1.2279588005655229,0.5492562288242734,-0.3794116467319929,-0.9898092490294095,3.856554922857429,-2.3043471613616715,2.087880869894531,False,False,False,1.3553431798436146,676.78,155.66666666666666,0.25554609088552277,35118.4
Cameroon,1.0718044922199128,-1.2329177201508776,-0.825433829512644,1.3832800332327635,-0.5927903840112789,-1.814579184778655,-0.9616040645602079,0.618415001944985,-1.486680786771966,-0.4612371717278905,-0.2714713131024394,-1.3768391081054379,-0.874600431709405,-0.9176606061374503,-0.9330108773432493,-1.0521594017730356,-1.1183723985748455,-0.6824197901109761,-1.4703233060100562,-0.25929878350055285,0.2678789795300046,-1.4814982679072113,True,False,False,0.6547208821502413,502.43999999999994,139.0,0.09473434909607643,19932.600000000002
Morocco,0.6541369626154784,-0.5442547290210589,-0.825433829512644,0.8593103236748986,0.13277924146152273,0.26890326064637743,0.4135495855278255,-0.24754855525762037,0.21367848136219245,-0.02804215726928675,-0.45238326966347014,0.404098648600367,-0.14515887065068514,-0.11229098290130496,0.5582158845266216,-0.17316240781059977,0.24605102384261515,0.10540138267438073,-0.11162838627167802,-0.25929878350055285,0.19438680407595665,-1.4128563614110239,True,False,False,1.5633672525439408,636.46,162.0,0.19686884784850475,39317.4
Serbia,-0.18119809659339062,-0.31313271053456454,0.47856906071270194,-0.1886290954408313,-0.5927903840112789,0.23235093704243012,-0.7386061753567428,0.4545840586904379,-0.9198943640605799,-0.3168388335750226,-0.45238326966347014,0.3266665722218527,0.5842826904080348,-0.3368652047652301,-0.10455156519332098,-0.5247612053955741,-0.5119619886115298,0.2266046400259736,-0.2773228886787973,-0.25929878350055285,0.2678789795300046,-0.8637211094415254,False,False,True,0.7748008689355541,592.74,107.0,0.23998800059996997,34454.0
Germany,-0.39003186139560786,0.5219971411477421,1.3479043208629324,-1.2365685145565612,-0.5927903840112789,0.31763969211830806,1.305541142341685,-0.4815927599069735,1.3472513267849648,0.6650698658644795,1.2792026002778292,1.2364934696693837,-0.14515887065068514,-0.09680310553137908,1.303829265461557,-0.17316240781059977,1.3072692412784184,0.5144623762360074,1.1807887325038515,-0.25929878350055285,0.5618476813461961,-0.17730204447965206,False,False,True,2.2120285423037718,801.8499999999999,163.33333333333334,0.49408858302452796,41748.0
Germany,-0.7380881360659699,0.7309475706515222,1.3479043208629324,-0.7125988049986962,-1.3183600094840806,0.762359629299675,0.07905275172262834,-0.5986148622316497,1.3472513267849648,0.8383478716479209,0.28418683919215737,0.946123183249959,-0.14515887065068514,0.8053657512668029,0.8067536781716,0.1784363897743746,0.801927232975655,1.2568323275145172,1.1807887325038515,-0.25929878350055285,-0.5405349504645223,0.7150427399707835,False,False,True,1.6219119226638024,909.02,241.0,0.6166152820598284,60515.1
Mexico,0.3756919428791887,0.012050594545272407,-0.39076619943752866,-0.7125988049986962,1.583918492407126,-0.590076344046399,-0.3297767118170572,-0.4815927599069735,-0.9198943640605799,-0.08580149253043372,-0.6720620740590084,-0.38958013427939525,0.5842826904080348,-0.5614394266291552,-0.021705633978328157,-0.7005606041880613,-0.20875678362987152,0.5144623762360074,-0.32703123940093254,3.856554922857429,-1.6796636700022645,1.6760294309174064,False,False,False,1.3149847094801224,658.0699999999999,92.5,0.1928502553480233,28416.0
Brazil,-1.5038119403407666,2.295052393432222,1.7825719509380478,-0.7125988049986962,-1.3183600094840806,1.456853777774686,2.1789495417219227,-0.5986148622316497,0.21367848136219245,1.358181888998245,1.3308917307238382,1.643011870656577,2.0431658125254746,1.8740292897916881,0.6410618157416145,1.9364303776992462,0.7008588313151023,1.2113811060076691,1.810427841650904,-0.25929878350055285,0.12089462862190901,0.8523265529631584,False,True,False,2.8356605800214822,1012.31,166.5,7.1928071928071935,87212.7
Italy,-0.5988656261978251,0.3540305579453473,0.9132366907878172,-0.1886290954408313,-1.3183600094840806,0.390744339326204,0.02330327942176207,-1.2071297943199673,-0.3531079413491937,0.11635618088358118,0.37464281747267314,1.1977774314801264,0.5842826904080348,0.5962794067728037,0.06114029723666467,0.1784363897743746,1.0545982371270366,0.5902144120807533,0.5014412726346636,-0.25929878350055285,-0.026089722286186903,0.9209684594593458,False,False,True,2.2056631892697465,703.0799999999999,167.25,0.5642454110420685,56865.0
Austria,0.16685817807697148,0.06378430217161031,-0.825433829512644,0.33534061411703364,0.8583488669343243,0.31763969211830806,0.20913485375798296,-0.692232544091391,0.21367848136219245,-0.43235750409731705,-0.4136164218289634,-0.7573824970773314,0.5842826904080348,-0.5227197332043405,-0.7673190149132636,0.530035187359349,-0.5119619886115298,-1.0460295621657558,-0.8572536471037145,-0.25929878350055285,0.34137115498405257,-0.45186967046440096,False,False,True,1.7732884399551068,481.49999999999994,95.0,0.19199232030718769,28462.000000000004
Colombia,-1.086144410736332,1.0406779500767376,0.47856906071270194,-1.2365685145565612,0.8583488669343243,1.1339749192731454,0.8781285213683774,-0.22414413479268505,1.3472513267849648,0.6650698658644795,-0.24562674787943486,0.5202467631681358,-0.14515887065068514,0.739542272444618,0.9724455406015857,1.584831580114272,0.44818782716372063,-0.2127571678735519,0.9322469788931727,-0.25929878350055285,-0.43029668728345016,1.1955360854440955,False,True,False,1.778185151237397,732.25,235.33333333333334,0.9570061419797171,57539.0
Spain,-1.5038119403407666,1.8563236781075674,0.9132366907878172,-0.7125988049986962,-0.5927903840112789,1.2619080518869634,2.1789495417219227,-0.5049971803719088,0.7804649040735786,1.733617568195702,2.0933064048024708,1.1397033741962421,1.3137242514667546,1.0415558811581724,0.39252402209663595,0.0026369909818874074,1.96421385207201,0.9386737769665847,2.2412335479094154,-0.25929878350055285,-0.724265389099642,0.6464008334745961,False,False,True,2.718846549948507,1057.42,156.8,9.690309690309691,66404.8
Switzerland,-0.25080935152746303,0.14978319277123614,-0.825433829512644,0.8593103236748986,0.13277924146152273,-0.6692730451882862,-0.7200230179231206,-0.7858502259511322,0.21367848136219245,-0.5189965069890375,-0.2068599000449281,-0.3121480579008809,-0.14515887065068514,-0.7008303229584881,0.22683215966665032,-0.17316240781059977,-0.7140987919326348,0.1205517898433301,0.40202457119039064,-0.25929878350055285,0.2678789795300046,0.5777589269784095,False,False,True,1.2690951821386605,548.08,111.33333333333333,0.23156675964422926,25784.8
England,-1.1557556656704044,1.2187225282712761,1.3479043208629324,-0.7125988049986962,-1.3183600094840806,1.4324855620387205,1.8816190227839693,-1.4411739989693204,0.21367848136219245,1.1560242155842302,1.485959122061865,0.9074071450607019,1.3137242514667546,2.1915307758751683,1.8837507839665069,2.639627972869195,0.7008588313151023,0.8023201124460424,1.9761223440580233,-0.25929878350055285,-0.20982016092130662,0.09726558150509758,False,False,True,4.343257443082312,926.64,216.2,1.1998000333277787,90263.5
Poland,-0.39003186139560786,-0.21235276061312766,0.47856906071270194,-0.7125988049986962,0.13277924146152273,-0.6388127755183296,-0.8315219625248532,0.5482017405501791,0.21367848136219245,-0.576755842250185,0.4780210783646904,-0.8735306116451029,-0.14515887065068514,-0.824733341917895,0.30967809088164316,-0.8763600029805485,-0.10768838196931922,-0.6824197901109761,-0.6252813437337468,-0.25929878350055285,-0.026089722286186903,-0.45186967046440096,False,False,True,0.7178043631245603,483.47999999999996,100.66666666666667,0.3293923886830186,22438.6
Brazil,-1.2949781755385492,1.9053699204026662,0.47856906071270194,-1.760538224114426,1.583918492407126,1.8711134452860956,0.6922969470321568,-1.6050049422238672,1.3472513267849648,2.137932915023733,2.106228687413973,0.9267651641553291,2.0431658125254746,1.6765588533251332,1.9665967151814996,1.2332327825292977,1.1051324379573129,0.7568688909391943,2.208094647427991,-0.25929878350055285,0.34137115498405257,0.3031913009936598,False,True,False,3.6726546906187627,1115.24,158.0,1.9995001249687576,79252.79999999999
Colombia,-0.3204206064615354,0.6254645564004179,0.9132366907878172,-1.2365685145565612,0.13277924146152273,0.5978741730819092,-0.013863035445482107,-0.3879750780472322,-0.3531079413491937,1.0405055450619363,-0.01302566087239437,1.0622712978177278,1.3137242514667546,-0.15875461501108257,1.3866751966765498,-0.7005606041880613,1.3072692412784184,0.0599501611675326,0.7334135760046292,-0.25929878350055285,-0.724265389099642,-0.10866013798346465,False,True,False,1.4299706170421156,826.34,94.8,0.46664074218098994,39958.2
Senegal,0.09724692314289907,-0.13911933033688292,-0.825433829512644,-0.7125988049986962,2.3094881178799276,0.4029284471941867,-0.27402723951619096,0.36096637683069716,-0.9198943640605799,-0.49011683935846406,0.5943216218682107,0.17180241946482677,-0.874600431709405,-0.8363492499453394,0.14398622845165748,-1.0521594017730356,-0.8151671935931876,0.43871034039126167,-0.9566703485479852,-0.25929878350055285,0.5985937690732199,-0.795079202945338,True,False,False,0.9843400447427294,575.4,149.5,0.17499270863714012,23830.3
Brazil,-1.1557556656704044,2.0605710432816786,0.9132366907878172,-1.2365685145565612,0.13277924146152273,1.420301454170738,0.7480464193330231,-0.692232544091391,1.3472513267849648,0.9538665421702153,1.2016689046088163,1.4107156415210367,-0.14515887065068514,2.0831156342856874,1.3866751966765498,2.463828574076708,1.3578034421086944,2.0446535002998742,0.8825386281710375,-0.25929878350055285,-1.0917262663698815,1.1955360854440955,False,True,False,2.0987654320987654,1013.7,351.0,1.4164305949008498,90663.29999999999
Sweden,0.3756919428791887,-0.004074197442158104,0.47856906071270194,0.8593103236748986,-1.3183600094840806,-0.6144445597823642,0.07905275172262834,0.31415753590082657,0.7804649040735786,-0.3168388335750226,0.06450803479661912,0.17180241946482677,-0.874600431709405,-0.24780990988815632,0.4753699533116288,-0.17316240781059977,-0.0066199803087664795,-0.3036596108872471,-0.9069619978258499,-0.25929878350055285,0.2311328918029808,1.0582522724517205,False,False,True,1.1430734292202878,553.89,225.5,0.20713545944787684,35944.700000000004
England,-1.1557556656704044,2.288333730104126,1.7825719509380478,-1.2365685145565612,-1.3183600094840806,1.4324855620387205,0.9152948362356215,-0.8326590668810029,1.3472513267849648,0.693949533495053,2.2354515135289956,2.0882463098330275,2.0431658125254746,1.5565278037082078,1.800904852751514,0.8816339849443233,1.8126112495811815,0.9083729626286859,1.9098445430951771,-0.25929878350055285,0.08414854089488487,-0.795079202945338,False,False,True,2.358604091456077,845.3399999999999,152.83333333333334,1.5664055990668222,82163.2
Switzerland,0.16685817807697148,-0.8177043264745579,0.043901430637586634,0.33534061411703364,-0.5927903840112789,0.2262588831084388,-0.27402723951619096,0.7354371042696616,-0.3531079413491937,-0.1435608277915812,-0.7754403349510264,-0.699308439793447,-1.604041992768125,-0.04646750407912,-0.021705633978328157,0.1784363897743746,-0.7646329927629114,-0.015801874677213213,-0.3104617891602216,-0.25929878350055285,0.010656365440836913,-0.2459439509758387,False,False,True,0.8794137241838775,606.06,503.0,0.17199312027518898,37825.6
France,-1.0165331558022597,1.2455971815836593,1.7825719509380478,-0.7125988049986962,-1.3183600094840806,1.718812096936313,1.6586211335805043,-1.6752182036186731,1.914037749496351,1.9068955739791438,0.8915341219327624,1.662369889751207,0.5842826904080348,0.7434142417870995,1.2209833342465641,-0.34896180660308695,1.8126112495811815,0.7265680766012966,0.6671357750417829,-0.25929878350055285,0.15764071634893284,0.3031913009936598,False,False,True,5.010615711252654,1065.96,176.75,1.1748531433570806,61791.8
Uruguay,-0.4596431163296803,0.13365840078380564,0.043901430637586634,-0.1886290954408313,0.13277924146152273,0.32982379998629074,0.06046959428900625,-0.3879750780472322,1.3472513267849648,0.17411551614472867,-0.2843935957139416,1.0041972405338435,1.3137242514667546,1.2312823789397644,1.3866751966765498,-0.34896180660308695,0.4987220279939968,0.8780721482907883,0.3854551209496797,-0.25929878350055285,-0.4670427750104743,-0.17730204447965206,False,True,False,1.4691478942213518,738.5600000000001,166.6,0.4249734391600525,69972.0
Germany,-1.0165331558022597,1.029928088751785,1.3479043208629324,-0.1886290954408313,-1.3183600094840806,0.9024768697814757,0.8595453639347552,-0.622019282696585,-0.3531079413491937,0.549551195342185,0.8915341219327624,1.0622712978177278,0.5842826904080348,0.10066733093517577,0.8895996093865929,1.0574333837368104,1.3578034421086944,1.0295762199802798,0.8328302774489021,-0.25929878350055285,-0.5772810381915461,-0.795079202945338,False,False,True,2.0955483170466884,827.6700000000001,135.25,1.0623672040994876,45606.299999999996
Italy,-0.3204206064615354,1.1313799050060307,0.47856906071270194,-1.2365685145565612,0.8583488669343243,0.6527026584878312,0.35780011322695926,-0.17733529386281444,0.7804649040735786,0.2896341866670226,0.8786118393212601,0.8106170495875603,1.3137242514667546,0.42978472504610055,1.0552914718165787,-0.17316240781059977,1.0545982371270366,0.46901115472916044,0.6008579740789343,-0.25929878350055285,-0.6140271259185699,-0.7264372964491506,False,False,True,1.494149414941494,726.0,125.2,0.43886450752735956,51958.0
Tunisia,0.7933594724836233,-1.4996486542762808,-0.825433829512644,0.33534061411703364,0.8583488669343243,-1.1139929823696526,-0.7200230179231206,2.3503421163501965,-1.486680786771966,-1.7608222151037018,-1.7575338134251965,-0.5638023061310483,-0.14515887065068514,-0.6311348747938217,-1.512932395848199,0.0026369909818874074,-0.2592909844601481,-1.0308791549968064,-0.24418398819737294,-0.25929878350055285,1.2232772604326274,-1.7560658938919607,True,False,False,0.49292560474669106,275.11,117.33333333333333,0.15587776830093233,26716.800000000003
Uruguay,-1.2253669206044768,0.48370076017759733,0.043901430637586634,-1.2365685145565612,1.583918492407126,0.5186774719400219,0.4507159003950697,-0.5049971803719088,0.7804649040735786,0.5784308629727585,0.3875651000841754,0.07501232399168524,-0.14515887065068514,0.9989642183908763,0.39252402209663595,1.584831580114272,0.6503246304848257,-0.09155391052195902,0.7831219267267668,-0.25929878350055285,-0.724265389099642,-0.04001823148727724,False,True,False,1.761071060762101,728.4599999999999,257.6666666666667,1.4197160567886422,61221.600000000006
Cameroon,1.3502495119562026,-0.442802912766813,-1.6947690896628744,0.8593103236748986,1.583918492407126,-1.8998679398545335,-0.3669430266843014,2.3503421163501965,-0.9198943640605799,-0.43235750409731705,-1.3957099003031337,-0.8154565543612186,-0.14515887065068514,-0.7472939550682657,-1.8443161207081704,0.0026369909818874074,-0.9667697960840167,-0.3945620539009423,-0.40987849060449216,-0.25929878350055285,0.6353398568002444,-0.3832277639682135,True,False,False,0.5796439981743496,527.51,107.33333333333333,0.09285493202542797,24021.199999999997
Jamaica,1.0718044922199128,-0.5099895460477709,-1.2601014595877593,0.8593103236748986,0.8583488669343243,-1.3393989779273316,-0.9430209071265857,2.022680229841102,-1.486680786771966,-1.3565068682756716,-1.0468082697925736,-0.7960985352665886,-0.874600431709405,-0.824733341917895,-1.015856808558242,-0.7005606041880613,-1.3710434027262273,-1.0460295621657558,-0.5921424432523248,-0.25929878350055285,-1.900140196364408,2.2251646828869056,False,False,False,0.46806435884934183,337.5,151.0,0.08157680061051026,22559.4
Portugal,-0.8076993910000424,0.1968138360679067,0.47856906071270194,-1.2365685145565612,0.8583488669343243,1.0608702720652494,0.5436316875631801,-0.3411662371173616,1.3472513267849648,1.0116258774313622,1.3825808611698471,0.9654812023445862,0.5842826904080348,-0.0038758413118238576,0.9724455406015857,0.3542357885668618,0.3471194255031679,0.8932225554597365,1.0482331305781567,-0.25929878350055285,-0.026089722286186903,0.6464008334745961,False,False,True,1.6906820365033624,907.4599999999999,128.5,0.5908553767839287,43073.2
Argentina,-1.4342006854066942,1.005740900770639,1.3479043208629324,-0.7125988049986962,-1.3183600094840806,1.3167365372928852,1.2312085126071965,-0.45818833944203813,0.21367848136219245,2.1956922502848797,0.4909433609761926,1.3719996033317823,2.0431658125254746,2.5709837714383523,0.39252402209663595,1.584831580114272,1.7115428479206283,1.7719461712587885,1.744150040688058,-0.25929878350055285,-1.0917262663698815,0.7150427399707835,False,True,False,2.1493440968718467,1259.28,196.5,4.597701149425287,101276.1
Brazil,-1.3645894304726216,1.2476127805820876,1.3479043208629324,-1.760538224114426,0.13277924146152273,1.328920645160868,1.08254325313822,-0.7858502259511322,1.3472513267849648,0.7517088687562004,2.002850426521955,1.643011870656577,2.0431658125254746,1.3861611526390232,1.0552914718165787,1.2332327825292977,1.96421385207201,0.5599135977428557,0.8328302774489021,-0.25929878350055285,-1.0917262663698815,-0.10866013798346465,False,True,False,2.408930669800235,822.8800000000001,145.5,3.2322559146951013,76212.9
South Korea,-0.11158684165931819,-0.7861266088325074,0.47856906071270194,-0.1886290954408313,-0.5927903840112789,0.4029284471941867,0.04188643685538416,0.5716061610151144,-0.3531079413491937,-0.8077931832947733,-0.19393761743342586,0.15244440037019683,-0.14515887065068514,-0.05421144276408294,0.5582158845266216,-0.34896180660308695,-0.46142778778125315,0.3326574902086182,-0.4761562915673408,-0.25929878350055285,1.4804998745217948,-1.4814982679072113,False,False,False,1.0412299091544375,508.54,167.0,0.23332222275129755,39879.6
Honduras,0.44530319781326116,-0.8842190934227069,-1.6947690896628744,0.8593103236748986,1.583918492407126,-1.778026861174707,-1.6305977321706024,0.8524592065943382,-0.9198943640605799,-1.7319425474731283,-0.5040724001094792,-0.8735306116451029,-1.604041992768125,-0.8015015258630063,-1.098702739773235,-1.40375819935801,-0.5624961894418059,-1.4853913700652812,-1.5863094576950403,-0.25929878350055285,-1.5326793190941685,2.0192389633983434,False,False,False,0.3803997421018698,261.02000000000004,308.0,0.16206337712492672,22884.399999999998
Croatia,-0.8773106459341148,0.6677921353674211,0.043901430637586634,-0.1886290954408313,0.13277924146152273,0.2628112067123861,0.4507159003950697,-1.1603209533900969,0.21367848136219245,0.5206715277116115,1.3050471655008336,0.36538261041110986,0.5842826904080348,0.28264989003180474,0.8067536781716,1.7606309789067591,2.1158164545628395,1.0750274414871268,0.40202457119039064,-0.25929878350055285,-0.20982016092130662,0.7836846464669709,False,False,True,2.474674384949349,826.0,147.0,0.9999000099990002,47451.6
Sweden,0.5149144527473336,-0.4817711600697683,0.043901430637586634,0.33534061411703364,-0.5927903840112789,-0.6022604519143816,-0.5156082861532781,0.5482017405501791,0.21367848136219245,-0.05692182489986023,-0.25854903049093714,0.19116043855945397,-0.874600431709405,-0.20909021646334167,-1.015856808558242,-0.17316240781059977,-0.15822258279959536,-0.31881001805619646,-0.6418507939744601,-0.25929878350055285,0.6353398568002444,0.23454939449747242,False,False,True,0.8374384236453203,597.5999999999999,230.5,0.18332722242591912,36787.799999999996
Iran,1.0718044922199128,-1.3088386157583611,-1.6947690896628744,0.33534061411703364,2.3094881178799276,-0.9434154722178957,-0.3483598692506793,2.0694890707709725,-0.3531079413491937,-0.49011683935846406,-0.9175854436775511,-1.2219749553484118,-1.604041992768125,-0.7898856178355619,-1.6786242582781847,-1.2279588005655229,-0.20875678362987152,-0.8339238618004677,-1.039517599751545,-0.25929878350055285,1.8479607517920342,-1.7560658938919607,False,False,False,0.6180589087397393,487.2,311.0,0.14210152364411466,22547.5
Sweden,0.44530319781326116,-0.9124374794007095,0.47856906071270194,0.33534061411703364,-1.3183600094840806,-0.13926435293104092,-0.44127565641878974,-0.7624458054861969,-0.9198943640605799,0.3185138542975966,-0.3748495739944566,-0.6218763634149355,0.5842826904080348,-0.898300759425043,-0.1873974964083138,0.7058345861518361,-0.0066199803087664795,-0.015801874677213213,0.23633006878327142,-0.25929878350055285,-0.6875193013726179,0.9209684594593458,False,False,True,1.4285714285714286,688.94,70.75,0.19999310368607978,21394.8
Cameroon,1.6286945316924923,-0.4293655861106214,-1.6947690896628744,1.3832800332327635,0.8583488669343243,-1.6257255128249237,-1.2403514260645387,0.05670891078653814,-1.486680786771966,-0.9233118538170678,-1.3957099003031337,-0.9509626880236145,-0.14515887065068514,-1.0105878703570055,-0.9330108773432493,-1.5795575981504972,-1.2194408002353982,-0.6521189757730774,-0.5590035427709005,-0.25929878350055285,0.5251015936191723,-2.3052011458614596,True,False,False,0.6606110652353429,428.40000000000003,84.66666666666667,0.07391143670789765,18770.600000000002
Ivory Coast,1.8375282964947095,-1.507711050269996,-1.6947690896628744,0.33534061411703364,2.3094881178799276,-0.8703108250099997,-1.3146840557990271,0.9460768884540793,-1.486680786771966,-0.6056355098807585,-0.8400517480085377,-0.42829617246865237,-0.14515887065068514,-1.0686674104942275,-1.6786242582781847,-1.0521594017730356,-0.7646329927629114,-0.3036596108872471,-0.8572536471037145,-0.25929878350055285,1.1130389972515553,-1.6874239873957735,True,False,False,0.4776869893148963,503.98999999999995,79.66666666666667,0.08775331115691516,18307.399999999998
Spain,-1.4342006854066942,1.1992384046197992,0.9132366907878172,-0.7125988049986962,-0.5927903840112789,1.3959332384347727,1.4170400869434174,-0.5049971803719088,2.480824172207737,2.166812582654306,1.4988814046733674,1.2752095078586407,2.0431658125254746,1.6223512825303927,1.1381374030315714,-0.17316240781059977,1.96421385207201,1.120478662993974,1.744150040688058,-0.25929878350055285,-0.724265389099642,0.7150427399707835,False,False,True,2.296601441812564,1168.2099999999998,155.66666666666666,4.847576211894053,79763.6
Brazil,-1.0165331558022597,1.138770434666937,1.3479043208629324,-0.7125988049986962,-1.3183600094840806,1.3532888608968332,2.309031643757277,-0.5752104417667147,2.480824172207737,0.7517088687562004,1.4988814046733674,1.0816293169123576,1.3137242514667546,1.8353095963668733,2.0494426463964923,2.639627972869195,1.6104744462600762,0.5599135977428557,0.849399727689613,-0.25929878350055285,-0.9814880031888094,-0.04001823148727724,False,True,False,2.879914984059511,822.8800000000001,197.8,1.124859392575928,83471.6
England,-1.2253669206044768,1.7951838418218946,0.47856906071270194,-0.7125988049986962,0.13277924146152273,1.9442180924939916,2.216115856589167,-1.7454314650134792,0.21367848136219245,0.7805885363867738,1.8865498830184348,0.8880491259660747,0.5842826904080348,2.4896724152462415,1.0552914718165787,-0.34896180660308695,0.953529835466484,1.544690063724551,1.4624693865959548,-0.25929878350055285,-0.1730740731942828,-0.04001823148727724,False,False,True,6.031746031746032,925.2900000000001,289.5,1.5396920615876823,96577.20000000001
England,-1.3645894304726216,1.318830611859904,1.7825719509380478,-0.7125988049986962,-1.3183600094840806,1.5360504789165732,0.8967116788019994,-0.6688281236264557,0.21367848136219245,1.2426632184759512,1.8477830351839282,2.1076043289276574,0.5842826904080348,1.4829603862010599,1.8837507839665069,0.1784363897743746,1.0545982371270366,2.2719096078341114,0.7334135760046292,-0.25929878350055285,0.30462506725702876,0.09726558150509758,False,False,True,2.164261931187569,1103.8500000000001,224.5,2.63245584805065,80550.6
Austria,0.8629707274176956,-0.39308480413890357,0.47856906071270194,-0.7125988049986962,0.13277924146152273,-0.18190873046898023,0.37638327066058136,-0.4815927599069735,-0.3531079413491937,0.46291219245046455,-0.7495957697280219,0.07501232399168524,-0.874600431709405,-0.06582735079152735,-0.10455156519332098,0.0026369909818874074,-0.6635645911023587,-0.15215553919775546,0.20319116830184947,-0.25929878350055285,0.010656365440836913,-0.17730204447965206,False,False,True,1.7023445463812437,702.4200000000001,249.0,0.1285677552069941,39441.6
Senegal,0.5149144527473336,-0.20899342894907977,0.043901430637586634,0.33534061411703364,-0.5927903840112789,0.46384898653409995,-0.013863035445482107,0.5482017405501791,0.7804649040735786,-0.3457185012055961,-0.3102381609369461,-0.699308439793447,0.5842826904080348,-0.0348515960516756,-1.015856808558242,-1.2279588005655229,0.14498262218206243,-0.13700513202880607,0.534580173116088,-0.25929878350055285,0.9660546463434594,-1.824707800388148,True,False,False,1.027445460942998,561.0,126.5,0.20332655578147393,38051.200000000004
Germany,-0.7380881360659699,1.139442300999746,0.47856906071270194,-1.2365685145565612,0.8583488669343243,0.7684516832336664,0.24630116862522713,-0.036908771073203096,0.7804649040735786,0.49179186008103803,1.3567362959468425,0.44281468678962144,-0.14515887065068514,1.037683911815691,0.06114029723666467,0.1784363897743746,0.09444842135178627,0.8326209267839401,0.7665524764860535,-0.25929878350055285,0.4516094181651247,-0.9323630159377124,False,False,True,1.366353543979505,797.86,261.0,0.49995833680526625,63501.299999999996
Ecuador,-0.39003186139560786,-1.0380764836360996,-0.825433829512644,-0.1886290954408313,1.583918492407126,-0.047883543921170994,-0.40410934155154554,-0.7624458054861969,-0.3531079413491937,-0.3168388335750226,-0.47822783488647463,-0.699308439793447,-0.874600431709405,-0.10067507487386056,-0.8501649461282564,-0.34896180660308695,-0.2592909844601481,-0.06125309618406027,-0.4761562915673408,-0.25929878350055285,-0.026089722286186903,0.4404751139860346,False,True,False,1.4518002322880372,571.65,244.5,0.311746367860714,36772.8
Tunisia,0.3756919428791887,-1.447243080317134,-0.825433829512644,0.8593103236748986,0.13277924146152273,-1.2541102228514531,-0.6085240733213886,0.9460768884540793,-0.9198943640605799,-1.4720255387979662,-1.847989791705712,-0.699308439793447,-0.874600431709405,-0.9447643915348205,-1.6786242582781847,0.0026369909818874074,-0.0066199803087664795,-0.6066677542662303,-1.5034622064914807,-0.25929878350055285,0.4516094181651247,-2.099275426372898,True,False,False,0.7165304839723444,340.09,135.5,0.20713545944787684,20379.2
Spain,-1.2949781755385492,1.5768272836587813,1.3479043208629324,-0.7125988049986962,-1.3183600094840806,0.8110960607716057,0.9710443085364878,-0.9262767487407438,1.3472513267849648,2.166812582654306,0.7493890132062376,1.9720981952652588,2.0431658125254746,2.6329352809180557,2.215134508826478,0.7058345861518361,2.1158164545628395,2.0143526859619754,2.075539045502296,-0.25929878350055285,0.15764071634893284,0.8523265529631584,False,False,True,2.5158027812895067,1284.44,199.16666666666666,2.499375156210947,106355.0
Serbia,0.027635668208826642,-1.042107681632958,-0.39076619943752866,-0.7125988049986962,1.583918492407126,-0.443867049630607,-0.44127565641878974,0.6652238428748557,-0.9198943640605799,-0.8366728509253468,-0.4394609870519679,-0.7380244779827042,-0.874600431709405,-0.8015015258630063,-0.4359352900532923,0.8816339849443233,-0.5119619886115298,-0.8945254904762642,-0.3104617891602216,-0.25929878350055285,0.6353398568002444,-0.5205115769605884,False,False,True,0.8361658735554045,427.8,154.0,0.20868657884439806,23100.0
Cameroon,1.2110270020880578,-0.8687661677680868,-0.39076619943752866,1.3832800332327635,-1.3183600094840806,-1.3150307621913664,-1.0173535368610738,0.2907531154358912,-0.3531079413491937,-1.3565068682756716,-0.8142071827855332,-0.9122466498343601,-1.604041992768125,-0.6040310893964513,-0.35308935883829945,-1.40375819935801,-1.2699750010656747,-1.1823832266862981,-0.5590035427709005,-0.25929878350055285,0.9660546463434594,-0.5205115769605884,True,False,False,0.7017543859649124,330.75,359.0,0.0824979375515612,26601.899999999998
Argentina,-1.0165331558022597,0.9822255791223039,1.3479043208629324,-0.7125988049986962,-1.3183600094840806,1.2131716204150327,0.6737137895985348,-1.090107691995291,1.3472513267849648,0.693949533495053,0.6718553175372242,0.9267651641553291,2.0431658125254746,2.179914867847724,1.800904852751514,0.0026369909818874074,0.7008588313151023,1.711344542582992,1.51217773731809,-0.25929878350055285,-0.1363279854672587,0.09726558150509758,False,True,False,2.5381414701803053,922.72,179.66666666666666,0.8998875140607425,90120.79999999999
Costa Rica,1.5590832767584197,-1.6313344555069593,-1.6947690896628744,1.3832800332327635,0.8583488669343243,-1.2297420071154879,-0.6456903881886323,1.905658127516426,-1.486680786771966,-1.3853865359062452,-1.0984974002385826,-1.067110802591386,-0.874600431709405,-0.9525083302197835,-0.35308935883829945,-1.5795575981504972,-0.8657013944234642,-0.3794116467319929,-1.6028789079357513,-0.25929878350055285,-2.2676010736346477,0.9209684594593458,False,False,False,0.5597201399300351,365.56,134.5,0.09110908646474522,19717.7
New Zealand,1.7679170415606371,-1.5238358422574265,-1.6947690896628744,1.9072497427906285,0.13277924146152273,-0.9677836879538609,-0.9616040645602079,1.7184227637969436,-0.9198943640605799,-1.6453035445814075,-1.8867566395402187,-1.047752783496756,-1.604041992768125,-0.8169894032329321,-1.430086464633206,-1.2279588005655229,-1.0678381977445692,-1.758098699106367,-0.9566703485479852,-0.25929878350055285,2.3991520676973934,-1.3442144549148365,False,False,False,0.49453409682457056,261.95,304.0,0.07708172746401118,22313.600000000002
Argentina,-1.5038119403407666,1.6594668425943608,0.9132366907878172,-1.2365685145565612,0.13277924146152273,0.853740438309545,1.0639600957045983,-0.8794679078108733,0.7804649040735786,0.8672275392784944,1.7056379264574033,2.049530271643773,0.5842826904080348,0.8092377206092844,1.8837507839665069,-0.34896180660308695,2.014748052902287,2.1355559433135682,2.158386296705856,-0.25929878350055285,-0.39355059955642635,0.09726558150509758,False,True,False,2.5154130702836004,1003.1999999999999,181.0,9.790209790209792,64725.600000000006
Brazil,-1.1557556656704044,1.3322679385160956,0.47856906071270194,-0.7125988049986962,0.13277924146152273,0.9877656248573542,1.5099558741115275,-1.5347916808290614,0.7804649040735786,0.693949533495053,1.485959122061865,0.8880491259660747,1.3137242514667546,1.9940603394086136,0.39252402209663595,0.530035187359349,0.8524614338059312,2.211307979158314,0.9985247798560213,-0.25929878350055285,-0.9447419154617855,0.4404751139860346,False,True,False,4.293785310734463,970.9,206.0,1.2497917013831028,85902.0
Italy,-0.8773106459341148,0.720197709326568,0.47856906071270194,-0.1886290954408313,-0.5927903840112789,0.4029284471941867,0.9338779936692436,-1.0432988510654204,0.21367848136219245,0.693949533495053,1.0853683611052962,1.0235552596284707,-0.14515887065068514,0.135515055017509,0.8067536781716,-0.34896180660308695,0.44818782716372063,0.2266046400259736,-0.012211684827407426,-0.25929878350055285,0.34137115498405257,-0.9323630159377124,False,False,True,2.658569500674764,779.64,183.33333333333334,0.6699330066993301,46255.0
Austria,0.16685817807697148,-0.4595995710870525,0.043901430637586634,-0.1886290954408313,0.13277924146152273,0.07395753475865559,-0.14394513748083673,-0.692232544091391,-0.9198943640605799,0.20299518377530215,-0.8400517480085377,-0.21535796242773936,-0.14515887065068514,-0.05421144276408294,-0.35308935883829945,-0.5247612053955741,0.44818782716372063,0.46901115472916044,0.5180107228753746,-0.25929878350055285,0.4148633304381002,0.7150427399707835,False,False,True,1.5600448933782265,709.5,167.0,0.26798928042878284,38927.700000000004
Ivory Coast,0.5149144527473336,-0.9809678453472853,-0.825433829512644,0.8593103236748986,0.13277924146152273,-1.552620865617028,-1.1102693240291843,0.5716061610151144,-1.486680786771966,-0.4612371717278905,-0.6074506610014971,-0.7960985352665886,-0.874600431709405,-0.8286053112603765,-1.8443161207081704,0.0026369909818874074,-1.2699750010656747,-0.97027752632101,-1.7022956093800217,-0.25929878350055285,0.4516094181651247,-2.3052011458614596,True,False,False,0.6079664570230608,482.3,150.5,0.10999633345555147,22484.7
Colombia,-1.0165331558022597,0.9593821238067791,1.3479043208629324,-0.7125988049986962,-1.3183600094840806,0.8720166001115189,0.6365474747312906,-0.8560634873459382,1.3472513267849648,0.8383478716479209,0.4263319479186821,0.8686911068714447,1.3137242514667546,0.7201824257322106,-0.1873974964083138,0.1784363897743746,0.2965852246728918,0.36295830454651584,0.8162608272081887,-0.25929878350055285,-0.8712497400077376,0.3031913009936598,False,True,False,2.2046285018270404,819.93,140.2,0.7999000124984378,58393.299999999996
Canada,0.6541369626154784,-0.9077344150710421,-0.825433829512644,0.33534061411703364,0.8583488669343243,-0.912955202547939,-0.45985881385241184,0.36096637683069716,-1.486680786771966,-1.0099508567087887,-0.5169946827209814,-1.647851375430235,-0.874600431709405,-0.9215325754799317,-0.4359352900532923,-1.40375819935801,-1.4215776035565035,-1.5459929987410777,-0.2607534384380863,3.856554922857429,-2.047124547272504,2.36244849587928,False,False,False,0.9097688292319165,362.79,138.5,0.09374707040404988,19473.1
France,-1.0165331558022597,1.5197186453699671,0.9132366907878172,-1.760538224114426,0.8583488669343243,1.785824690210217,2.1417832268546784,-1.511387260364126,1.3472513267849648,1.358181888998245,1.5118036872848697,1.1977774314801264,1.3137242514667546,0.9099089235138026,0.4753699533116288,2.463828574076708,1.3578034421086944,2.423413679523603,2.2578029981501264,-0.25929878350055285,-0.20982016092130662,-0.5891534834567758,False,False,True,4.842883548983364,1147.51,150.0,1.0623672040994876,63750.0
Ecuador,0.16685817807697148,-0.15725972132274185,-0.825433829512644,0.33534061411703364,0.8583488669343243,-0.34030213275275445,-0.6828567030558765,0.4077752177605678,0.7804649040735786,-0.7500338480336264,-0.38777185660595886,-0.699308439793447,-0.14515887065068514,-0.2981455113404154,-0.10455156519332098,-0.7005606041880613,0.09444842135178627,0.48416156189810977,-0.7081285949373063,-0.25929878350055285,-0.724265389099642,1.1268941789479079,False,True,False,0.8082292432035268,528.96,146.0,0.23999040038398464,32937.6
Poland,-0.7380881360659699,-0.8338291184619884,0.043901430637586634,-0.1886290954408313,0.13277924146152273,-0.10271202932709295,-0.5713577584541444,-0.22414413479268505,0.7804649040735786,-0.7500338480336264,-0.38777185660595886,-0.4670122106579068,-0.14515887065068514,-0.09680310553137908,-0.1873974964083138,0.530035187359349,0.09444842135178627,0.37810871171546523,0.5842885238382233,-0.25929878350055285,0.3781172427110764,-0.7264372964491506,False,False,True,1.063244729605866,522.24,163.33333333333334,0.49995833680526625,37436.0
Argentina,-1.2253669206044768,1.6849977632411246,1.3479043208629324,-0.7125988049986962,-1.3183600094840806,0.8659245461775277,1.6586211335805043,-1.6050049422238672,1.914037749496351,2.1956922502848797,1.2016689046088163,1.662369889751207,0.5842826904080348,1.77335808688717,1.6352129903215284,2.288029175284221,1.7620770487509054,2.0446535002998742,1.4458999363552438,-0.25929878350055285,-0.9447419154617855,-0.17730204447965206,False,True,False,4.710578842315369,1294.92,243.25,1.859628074385123,85040.20000000001
Iran,0.7237482175495508,-1.0783884636046743,-0.825433829512644,0.8593103236748986,0.13277924146152273,-1.1992817374455311,-0.497025128719656,2.116297911700843,-0.9198943640605799,-1.2987475330145244,-1.6024664220871696,-0.5444442870364211,-0.874600431709405,-0.6272629054513402,-0.9330108773432493,-0.5247612053955741,-0.8657013944234642,-0.9399767119831113,-0.5424340925301872,-0.25929878350055285,2.288913804516322,-0.7264372964491506,False,False,False,0.5738880918220948,351.89000000000004,176.5,0.12423865943456258,26828.0
Turkey,0.5149144527473336,-0.6053945653067315,-0.825433829512644,1.3832800332327635,-0.5927903840112789,-1.8633156162505857,-1.035936694294696,2.0694890707709725,-0.9198943640605799,-0.7500338480336264,-0.29731587832544387,-1.3768391081054379,-0.874600431709405,-0.9137886367949688,-0.2702434276233066,-1.0521594017730356,-0.5119619886115298,-1.1217815980105017,-0.9732397987886985,-0.25929878350055285,-0.24656624864833046,0.3718332074898472,False,False,True,0.43940125543215847,427.2,139.5,0.1599946668444385,20004.3
Australia,-0.39003186139560786,-0.7558926238560764,0.47856906071270194,-0.7125988049986962,0.13277924146152273,-0.08443586752511896,-0.5899409158877664,0.5482017405501791,0.21367848136219245,-0.05692182489986023,-0.8788185958430443,-0.7767405161719614,-0.874600431709405,-0.5382076105742665,0.14398622845165748,0.0026369909818874074,0.195516823012339,-0.09155391052195902,-0.2773228886787973,-0.25929878350055285,2.5093903308784653,-1.8933497068843355,False,False,False,0.8092892329345531,615.5999999999999,188.0,0.36468443032762776,28124.8
Argentina,-1.086144410736332,1.4498445467577719,1.3479043208629324,-1.2365685145565612,-0.5927903840112789,1.8711134452860956,2.3833642734917655,-1.6752182036186731,2.480824172207737,1.935775241609717,0.9819901002132781,2.1463203671169144,1.3137242514667546,1.0260680037882466,1.8837507839665069,0.1784363897743746,0.8524614338059312,1.9082998357793308,1.4790388368366658,-0.25929878350055285,-0.9814880031888094,1.264177991940283,False,True,False,5.83864118895966,1219.05,156.0,1.0712755320668474,70122.0
China,1.8375282964947095,-1.6320063218397682,-0.825433829512644,0.33534061411703364,0.8583488669343243,-0.5230637507724943,-1.5748482598697362,0.10351775171640876,-1.486680786771966,-1.0965898596005093,-0.9305077262890533,-0.8735306116451029,-0.14515887065068514,-0.5575674572866738,-1.098702739773235,-0.34896180660308695,-1.9269196118592669,-0.758171825955722,-0.24418398819737294,-0.25929878350055285,0.708832032254292,-1.618782080899586,False,False,False,0.503655564581641,393.96,123.66666666666667,0.040815493561355894,27565.3
Iran,1.2110270020880578,-1.6844118957989151,-1.6947690896628744,0.33534061411703364,2.3094881178799276,-0.6570889373203035,-0.9987703794274518,0.99288572938395,-1.486680786771966,-0.9521915214476413,-0.40069413921746116,-0.40893815337402245,-0.874600431709405,-0.7782697098081174,-1.015856808558242,-0.7005606041880613,-1.168906599405122,-1.4096393342205356,-1.6691567088986,-0.25929878350055285,1.8479607517920342,-1.4128563614110239,False,False,False,0.5772811918063315,379.14000000000004,157.0,0.08749781255468614,24083.8
Croatia,-0.9469219008681872,0.48370076017759733,1.3479043208629324,-0.1886290954408313,-1.3183600094840806,0.7501755214316924,0.6737137895985348,0.009900069856667524,0.21367848136219245,1.1560242155842302,0.4263319479186821,0.9074071450607019,1.3137242514667546,1.0415558811581724,0.22683215966665032,0.7058345861518361,0.8524614338059312,-0.015801874677213213,0.7499830262453425,-0.25929878350055285,-0.2833123363753546,-0.7264372964491506,False,False,True,1.5365239294710331,839.16,156.8,0.8332407510276636,65464.0
Mexico,-0.5292543712637527,-0.2076496962834603,-0.39076619943752866,0.8593103236748986,-0.5927903840112789,-0.3768544563567024,-0.6085240733213886,0.688628263339791,-0.3531079413491937,-0.576755842250185,0.2712645565806551,-0.8154565543612186,0.5842826904080348,0.03484385211299082,0.6410618157416145,-1.2279588005655229,-0.10768838196931922,0.42355993322231333,-0.8572536471037145,3.856554922857429,-2.157362810453576,2.36244849587928,False,False,False,0.7697501688048616,557.9399999999999,131.0,0.3733084461035931,39090.399999999994
Uruguay,-0.5988656261978251,0.5320751361398858,0.9132366907878172,-0.7125988049986962,-0.5927903840112789,0.18970655950449083,0.37638327066058136,-0.013504350608267785,0.21367848136219245,0.8094682040173473,0.18080857830013938,0.38474062950573706,-0.14515887065068514,1.0841475439254686,-0.021705633978328157,1.2332327825292977,0.04391422052151012,1.0901778486560763,1.4293304861145304,-0.25929878350055285,-1.0549801786428574,0.3031913009936598,False,True,False,1.4140558848433533,886.5,265.0,0.42139847153774734,64236.0
Japan,0.3756919428791887,-0.007433529106206001,-0.39076619943752866,-0.7125988049986962,1.583918492407126,-0.7058253687922338,0.1719685388907388,0.6418194224099204,-0.9198943640605799,-0.6056355098807585,-0.11640392176441236,-0.8154565543612186,-0.874600431709405,-0.3484811127926745,-0.021705633978328157,-0.7005606041880613,-0.2592909844601481,-0.13700513202880607,-0.6749896944558844,-0.25929878350055285,1.7744685763379866,-1.8933497068843355,False,False,False,1.0677618069815196,515.1,212.5,0.18927895432305988,31704.999999999996
Croatia,-0.3204206064615354,0.4024049339076373,1.3479043208629324,-0.7125988049986962,-1.3183600094840806,0.6100582809498919,0.8409622065011332,0.033304490321602834,0.21367848136219245,0.46291219245046455,1.072446078493794,0.36538261041110986,1.3137242514667546,0.4801203264983596,0.22683215966665032,0.1784363897743746,1.3072692412784184,0.9841249984734317,0.6505663248010696,-0.25929878350055285,-0.5405349504645223,-0.2459439509758387,False,False,True,1.598667776852623,805.9200000000001,127.8,0.46664074218098994,51567.3
Turkey,1.1414157471539854,-1.730098806429966,-0.825433829512644,0.8593103236748986,0.13277924146152273,-1.7902109690426897,-1.0916861665955622,1.2737387749631732,-0.9198943640605799,-0.4612371717278905,-1.7058446829791876,-0.9703207071182445,-0.14515887065068514,-1.0764113491791905,-0.5187812212682851,-0.8763600029805485,-0.5119619886115298,-0.9854279334899594,-1.7520039601021595,-0.25929878350055285,0.12089462862190901,0.165907488001285,False,False,True,0.5083766608896592,481.23999999999995,79.0,0.12307376733929899,17490.6
Costa Rica,1.8375282964947095,-0.7149087775546926,-0.825433829512644,1.3832800332327635,-0.5927903840112789,-0.48651142716854634,-1.51909878756887,0.8524592065943382,-1.486680786771966,-1.6164238769508341,-1.6283109873101742,-1.0283947644021287,-1.604041992768125,-1.1732105827412271,-0.5187812212682851,-1.2279588005655229,-1.2194408002353982,-0.3036596108872471,-1.3377677040843614,-0.25929878350055285,-2.0838706349995277,1.4014618049326577,False,False,False,0.41908446163765317,329.34,212.0,0.06938633905430501,15582.0
Argentina,-1.086144410736332,1.5714523529963051,1.3479043208629324,-0.7125988049986962,-1.3183600094840806,1.2253557282830154,1.6957874484477484,-1.6986226240836084,0.21367848136219245,1.3870615566288191,0.8140004262637489,1.5462217751834355,1.3137242514667546,2.3425375802319457,2.0494426463964923,1.9364303776992462,1.9136796512417338,1.8022469855966863,0.9488164291338861,-0.25929878350055285,0.2311328918029808,-0.2459439509758387,False,True,False,5.162689804772234,1084.6,224.0,1.3712326810455648,97216.0
New Zealand,1.7679170415606371,-0.4132407941231909,-1.2601014595877593,0.8593103236748986,0.8583488669343243,-1.9425123173924725,-1.2217682686309166,0.688628263339791,-0.3531079413491937,-1.4142662035368188,-1.3957099003031337,-0.5444442870364211,-1.604041992768125,-0.9176606061374503,-1.7614701894931775,-0.17316240781059977,-1.5731802060473326,-1.1520824123484004,-1.4040455050472076,-0.25929878350055285,1.7744685763379866,-0.45186967046440096,False,False,False,0.5469277515192439,323.39,278.0,0.05624882814941356,21128.0
Poland,0.3756919428791887,-0.4716931650776246,-0.825433829512644,0.33534061411703364,0.8583488669343243,-0.32202597095078045,-0.6456903881886323,0.05670891078653814,0.21367848136219245,-0.20132016305272818,-0.4394609870519679,0.404098648600367,0.5842826904080348,-0.6853424455885622,-0.6016271524832779,-0.34896180660308695,-0.5119619886115298,-0.8945254904762642,-0.9566703485479852,-0.25929878350055285,-0.5037888627374981,0.5091170204822221,False,False,True,0.92485549132948,529.0,84.5,0.1714224491982429,27344.2
Jamaica,1.6286945316924923,-1.4815082632904217,-1.2601014595877593,1.9072497427906285,-0.5927903840112789,-0.6327207215843382,-1.556265102436114,0.8056503656644676,-1.486680786771966,-1.5875442093202603,-1.2018756611305998,-0.5444442870364211,-0.14515887065068514,-0.8440931886303024,-1.5957783270631918,-0.7005606041880613,-0.5624961894418059,-1.7126474775995189,-1.453753855769343,-0.25929878350055285,-1.900140196364408,2.36244849587928,False,False,False,0.4114957544088831,272.02000000000004,99.0,0.10217169191974089,22572.0
Canada,1.8375282964947095,-1.1354971018934885,-0.825433829512644,1.9072497427906285,-1.3183600094840806,-1.1139929823696526,-1.797846149073201,0.7822459451995322,-1.486680786771966,-0.4612371717278905,-1.2794093567996134,-0.5638023061310483,-0.874600431709405,-1.1538507360288197,-1.430086464633206,-0.7005606041880613,-1.47211180438678,-1.4550905557273837,-0.6915591446965954,3.856554922857429,-2.2676010736346477,1.5387456179250316,False,False,False,0.3287310979618672,448.37999999999994,108.5,0.059182465663966045,16470.300000000003
Mexico,0.8629707274176956,-0.4199594574512867,-0.825433829512644,0.33534061411703364,0.8583488669343243,0.35419201572225606,-0.12536198004721463,0.2205398540410853,-0.9198943640605799,0.05859684562243422,0.5038656435876949,-0.4670122106579068,-0.14515887065068514,-0.9679962075897094,-0.8501649461282564,0.530035187359349,-0.46142778778125315,-0.5006149040835858,-0.7246980451780197,3.856554922857429,-2.120616722726552,1.607387524421219,False,False,False,1.092896174863388,602.64,88.33333333333333,0.13999600011428248,20246.0
Nigeria,1.419860766890275,-1.316229145419266,-1.2601014595877593,0.8593103236748986,0.8583488669343243,-1.570897027419002,-1.2217682686309166,0.1737310131112147,-1.486680786771966,-0.8077931832947733,-0.9434300089005556,-1.6865674136194924,-0.874600431709405,-1.014459839699487,-0.5187812212682851,-1.0521594017730356,-1.017303996914293,-0.44001327540778934,-0.40987849060449216,-0.25929878350055285,0.9293085586164356,-2.3052011458614596,True,False,False,0.6423473433782713,460.6,126.5,0.08837003790609521,17735.3
New Zealand,0.6541369626154784,-1.1872308095198265,-1.2601014595877593,0.8593103236748986,0.8583488669343243,-1.461240056607158,-0.8686882773920974,0.4077752177605678,-0.9198943640605799,-1.7897018827342754,-0.8271294653970354,-0.9122466498343601,-0.874600431709405,-1.04930756378182,-1.1815486709882277,-1.40375819935801,-0.410893586950977,-1.4550905557273837,-1.5531705572136159,-0.25929878350055285,2.582882506332513,-0.04001823148727724,False,False,False,0.7347538574577517,253.79999999999998,122.0,0.15624511734008315,18080.399999999998
Netherlands,-0.5988656261978251,0.46824783452297575,1.3479043208629324,-1.2365685145565612,-0.5927903840112789,1.085238487801215,1.1754590403063307,-0.3879750780472322,1.3472513267849648,0.20299518377530215,-0.1810153348219236,0.48153072497887855,0.5842826904080348,0.6040233454577666,0.7239077469566073,1.2332327825292977,0.953529835466484,0.7114176694323472,0.418594021431104,-0.25929878350055285,0.30462506725702876,-0.17730204447965206,False,False,True,2.0568070519098924,730.14,167.75,0.5499607170916363,54552.299999999996
Qatar,0.44530319781326116,-0.8607037717743716,-0.825433829512644,0.8593103236748986,0.13277924146152273,-1.4064115712012364,-0.3855261841179235,1.5311874000774617,-1.486680786771966,-0.7789135156641999,-1.5895441394756673,-1.609135337240978,-1.604041992768125,-1.1654666440562642,-1.512932395848199,0.0026369909818874074,-1.0678381977445692,-1.3338872983757897,-0.6418507939744601,-0.25929878350055285,0.9660546463434594,-0.3145858574720261,False,False,False,0.6844106463878327,409.45,214.0,0.1275818075238785,15087.0
South Korea,0.2364694330110439,-0.047073642741970255,-0.39076619943752866,-0.1886290954408313,0.8583488669343243,0.409020501128178,-0.497025128719656,-0.060313191538138404,-0.3531079413491937,-0.634515177511332,-0.32316044354844836,-0.27343201971162373,-0.14515887065068514,-0.030979626709194134,-0.35308935883829945,0.8816339849443233,-0.36035938612070084,0.19630382568807592,0.21976061854256046,-0.25929878350055285,0.855816383162388,0.09726558150509758,False,False,False,1.03359173126615,532.0,169.0,0.19614630206530514,39241.8
Denmark,-0.3204206064615354,-0.330601235187613,-0.825433829512644,0.33534061411703364,0.8583488669343243,0.28717942244835143,-0.8501051199584753,-0.7156369645563263,0.7804649040735786,-0.49011683935846406,-0.01302566087239437,-0.8928886307397301,-0.14515887065068514,-0.6079030587389328,0.06114029723666467,-0.5247612053955741,0.09444842135178627,-0.07640350335300965,0.3688856707089687,-0.25929878350055285,-0.43029668728345016,-0.10866013798346465,False,False,True,1.1464245175936436,539.6999999999999,119.33333333333333,0.3333148158435642,26563.600000000002
Mexico,-0.3204206064615354,-0.4891616897306746,-0.825433829512644,-0.7125988049986962,2.3094881178799276,-0.6205366137163556,0.02330327942176207,-0.20073971432774973,0.21367848136219245,0.23187485140587563,-0.8788185958430443,0.404098648600367,-0.14515887065068514,-0.9176606061374503,0.22683215966665032,-1.2279588005655229,0.5997904296545495,-0.16730594636670484,-0.6252813437337468,3.856554922857429,-2.01037845954548,2.156522776390718,False,False,False,1.3442325158946413,660.4,92.66666666666667,0.3888672851508249,22490.2
Nigeria,1.1414157471539854,-0.6786279955829747,-0.39076619943752866,0.33534061411703364,0.13277924146152273,-0.8703108250099997,-1.4633493152680035,1.5779962410073323,-0.3531079413491937,-1.7030628798425547,-1.7446115308136945,-0.44765419156327957,-0.874600431709405,-0.5730553346565996,-1.3472405334182134,-0.7005606041880613,-1.0678381977445692,-0.3642612395630435,-0.6418507939744601,-0.25929878350055285,0.047402453167861056,-1.2755725484186495,True,False,False,0.3653949489521763,311.84999999999997,183.5,0.09486936232404299,28075.5
Netherlands,-1.0165331558022597,0.4440606465418315,0.9132366907878172,-0.7125988049986962,-0.5927903840112789,1.1583431350091107,0.8781285213683774,-0.3879750780472322,0.7804649040735786,1.1560242155842302,0.19373086091164163,0.7719010113983031,0.5842826904080348,1.1654589001175795,0.06114029723666467,0.530035187359349,0.44818782716372063,0.25690545436387235,0.21976061854256046,-0.25929878350055285,-0.20982016092130662,0.6464008334745961,False,False,True,1.9000979431929481,868.3199999999999,204.0,0.8373953255843021,67564.8
Wales,0.3756919428791887,-0.843907113454132,-1.2601014595877593,1.3832800332327635,0.13277924146152273,-1.0591644969637308,-0.9801872219938299,2.046084650306038,-0.3531079413491937,-1.2987475330145244,-1.7575338134251965,-0.7573824970773314,-1.604041992768125,-1.0686674104942275,-1.1815486709882277,-0.5247612053955741,-1.674248607707885,-0.8945254904762642,-1.8017123108242947,-0.25929878350055285,-0.1730740731942828,0.23454939449747242,False,False,True,0.4560892770499757,354.2,239.0,0.08928252562408485,17901.100000000002
Jamaica,1.9071395514287819,-1.1563249582105863,-1.2601014595877593,1.3832800332327635,0.13277924146152273,-1.5648049734850105,-0.40410934155154554,0.9694813089190147,-0.3531079413491937,-0.8944321861864943,-1.4473990307491427,-0.8154565543612186,-0.14515887065068514,-0.8053734952054877,-1.2643946022032206,-1.2279588005655229,-0.15822258279959536,-1.1975336338552474,-0.37673959012306785,-0.25929878350055285,-2.01037845954548,2.0192389633983434,False,False,False,0.7807620237351656,400.4,102.33333333333333,0.10999780004399913,22902.199999999997
Argentina,-1.3645894304726216,1.1710200186417965,1.7825719509380478,-0.7125988049986962,-1.3183600094840806,1.9807704160979396,0.729463261899401,-1.6284093626888025,1.914037749496351,1.2426632184759512,1.434269991615856,1.1397033741962421,2.0431658125254746,0.8285975673216918,0.6410618157416145,-0.34896180660308695,0.9029956346362074,1.3931859920350596,0.6671357750417829,-0.25929878350055285,-0.9079958277347617,0.3031913009936598,False,True,False,3.788187372708758,1008.15,121.5,2.5324891702765746,61746.3
Chile,1.419860766890275,-1.331682071073886,-0.825433829512644,1.3832800332327635,-0.5927903840112789,-1.7475665915047505,-1.0731030091619402,1.7886360251917495,-1.486680786771966,-1.2409881977533772,-1.512010443806654,-1.5510612799570935,-1.604041992768125,-1.0105878703570055,-1.5957783270631918,-0.7005606041880613,-0.36035938612070084,-0.6066677542662303,-0.8406841968630037,-0.25929878350055285,-1.0549801786428574,1.1955360854440955,False,True,False,0.4561763198359816,378.41,254.0,0.11860189297923304,17983.2
Portugal,-0.5988656261978251,0.266687934680102,0.043901430637586634,-1.2365685145565612,1.583918492407126,0.7136231978277444,0.5807980024304243,-0.45818833944203813,0.7804649040735786,0.49179186008103803,0.02574118696211238,0.5202467631681358,1.3137242514667546,0.5536877440055075,0.8895996093865929,0.3542357885668618,0.4987220279939968,0.15085260418122778,0.7334135760046292,-0.25929878350055285,0.12089462862190901,0.9896103659555332,False,False,True,1.7961654894046417,735.31,131.6,0.4856795943146918,53627.0
Switzerland,-0.041975586725245775,-0.7357366338717889,-0.39076619943752866,-0.7125988049986962,1.583918492407126,0.11050985836260356,-0.25544408208256886,0.5247973200852438,-0.3531079413491937,-0.547876174619611,-0.8142071827855332,0.07501232399168524,-0.874600431709405,-0.8363492499453394,-0.5187812212682851,0.1784363897743746,-0.7646329927629114,-0.5612165327593822,-0.09505893603096705,-0.25929878350055285,-0.20982016092130662,0.8523265529631584,False,False,True,0.9425939050318924,496.46000000000004,149.5,0.19544566156083812,23680.8
Serbia,0.7933594724836233,-0.48513049173381617,0.47856906071270194,-0.7125988049986962,0.13277924146152273,-0.3768544563567024,0.1719685388907388,-0.10712203246800903,0.7804649040735786,-0.40347783646674307,0.6072439044797129,-0.15728390514385499,-0.14515887065068514,-0.9254045448224132,-0.6016271524832779,-1.2279588005655229,-0.410893586950977,-0.3945620539009423,-0.9069619978258499,-0.25929878350055285,0.5251015936191723,-0.10866013798346465,False,False,True,1.3672217353198952,532.44,92.0,0.14705449839710596,21528.0
Uruguay,-0.8076993910000424,1.1313799050060307,0.9132366907878172,-0.7125988049986962,-0.5927903840112789,0.3420079078542734,1.0453769382709757,-1.2071297943199673,-0.3531079413491937,0.26075451903644914,0.2454199913576506,0.3266665722218527,0.5842826904080348,1.1422270840626907,1.1381374030315714,1.7606309789067591,1.155666638787589,0.43871034039126167,0.6505663248010696,-0.25929878350055285,-0.5037888627374981,0.028623675008910172,False,True,False,3.025335320417287,717.88,202.5,0.7362967002999727,65205.0
Brazil,-1.4342006854066942,1.0950991230343143,1.7825719509380478,-0.7125988049986962,-1.3183600094840806,1.2984603754909114,0.8967116788019994,-0.9262767487407438,2.480824172207737,1.4737005595205401,1.679793361234399,2.0882463098330275,2.0431658125254746,1.3319535818442825,1.800904852751514,1.584831580114272,1.6104744462600762,1.9082998357793308,0.7665524764860535,-0.25929878350055285,-0.724265389099642,0.09726558150509758,False,True,False,2.4652338811630847,1115.8500000000001,143.16666666666666,4.497751124437781,76966.4
Turkey,0.3756919428791887,-1.6037879358617655,-1.2601014595877593,1.3832800332327635,0.13277924146152273,-1.9303282095244898,-1.0731030091619402,0.1737310131112147,-1.486680786771966,-1.2409881977533772,-1.460321313360645,-0.5444442870364211,-0.874600431709405,-0.6892144149310436,-1.3472405334182134,-1.5795575981504972,-0.5119619886115298,-0.636968568604128,-0.3933090403637812,-0.25929878350055285,0.6353398568002444,-0.17730204447965206,False,False,True,0.7057890563045203,376.83000000000004,168.5,0.1714224491982429,25612.0
Spain,-1.086144410736332,1.9806189496773394,1.3479043208629324,-1.760538224114426,0.13277924146152273,1.6396153957944257,1.08254325313822,-1.4879828398991908,1.914037749496351,2.253451585546027,0.6072439044797129,1.643011870656577,0.5842826904080348,2.5825996794657966,1.800904852751514,1.9364303776992462,2.0652822537325632,1.6355925067382464,0.6505663248010696,-0.25929878350055285,-0.724265389099642,0.23454939449747242,False,False,True,3.720508166969146,1254.0,295.5,1.4140837023282389,103188.59999999999
Germany,-0.5292543712637527,0.5851525764318432,1.3479043208629324,-0.1886290954408313,-1.3183600094840806,0.5064933640720393,0.1348022240234946,-0.5518060213017794,0.21367848136219245,1.1271445479536573,-0.07763707392990561,0.2879505340325955,0.5842826904080348,-0.061955381449045874,0.06114029723666467,0.530035187359349,0.801927232975655,1.423486806372957,-0.09505893603096705,-0.25929878350055285,0.010656365440836913,-0.7264372964491506,False,False,True,1.619348054679285,986.9300000000001,124.75,0.49330044663689093,40069.7
Qatar,0.3756919428791887,-0.8936252220820401,-0.39076619943752866,1.3832800332327635,-1.3183600094840806,-0.7972061778021038,-1.4633493152680035,0.10351775171640876,-0.3531079413491937,-0.3745981688361696,-1.2794093567996134,-1.6672093945248623,-0.14515887065068514,-1.1267469506314496,-1.2643946022032206,-0.8763600029805485,-1.674248607707885,-0.5612165327593822,-0.5424340925301872,-0.25929878350055285,0.7823242077083397,-1.0696468289300873,False,False,False,0.552396425670187,525.38,74.66666666666667,0.08928252562408485,15724.800000000001
Croatia,-0.7380881360659699,1.0064127671034495,0.47856906071270194,-0.1886290954408313,-0.5927903840112789,0.5064933640720393,0.32063379835971506,-0.9496811692056791,1.3472513267849648,0.3185138542975966,0.2712645565806551,0.7138269541144188,0.5842826904080348,0.14713096304495338,0.7239077469566073,1.7606309789067591,0.5997904296545495,1.1356290701629232,0.8659691779303265,-0.25929878350055285,0.5251015936191723,-0.17730204447965206,False,False,True,2.0998719590268884,790.02,138.25,0.5832847262728106,45622.5
Chile,1.1414157471539854,-1.0508419439594823,-0.825433829512644,1.3832800332327635,-0.5927903840112789,-1.5648049734850105,-0.42269249898516764,1.6014006614722676,-0.9198943640605799,-1.7319425474731283,-1.9384457699862276,-1.105826840780643,-1.604041992768125,-0.6350068441363032,-0.6016271524832779,-1.0521594017730356,-0.9667697960840167,-0.7430214187867725,-1.6525872586578865,-0.25929878350055285,0.30462506725702876,-0.10866013798346465,False,True,False,0.6627471940138963,291.40000000000003,351.0,0.09999743596318043,25658.1
Ecuador,-0.25080935152746303,-0.28894552255341877,-0.825433829512644,0.8593103236748986,0.13277924146152273,0.31154763818431674,-0.5713577584541444,0.4779884791553732,-0.3531079413491937,-0.634515177511332,-0.8529740306200398,-0.7767405161719614,-0.874600431709405,-0.15875461501108257,-0.7673190149132636,-1.2279588005655229,0.195516823012339,0.49931196906705916,-0.7412674954187307,-0.25929878350055285,-1.0549801786428574,0.09726558150509758,False,True,False,0.8339324227174695,552.0,237.0,0.326298615862323,35455.2
Netherlands,-0.8076993910000424,0.7893999416059558,0.043901430637586634,-0.1886290954408313,0.13277924146152273,0.37246817752423,0.8781285213683774,-0.29435739618749096,1.3472513267849648,1.2715428861065252,1.033679230659287,0.36538261041110986,0.5842826904080348,-0.1084190135588235,0.8067536781716,1.4090321813217848,0.195516823012339,1.37803558486611,0.5180107228753746,-0.25929878350055285,0.010656365440836913,0.8523265529631584,False,False,True,1.8284637134778512,1012.6000000000001,121.75,0.5635851286246706,39300.9
Brazil,-1.2253669206044768,1.8771515344246636,1.7825719509380478,-1.760538224114426,-0.5927903840112789,0.8902927619134929,1.3612906146425516,-0.9262767487407438,0.7804649040735786,1.3870615566288191,1.0595237958822916,1.8753080997921172,1.3137242514667546,0.7821339352119141,1.1381374030315714,-0.34896180660308695,0.953529835466484,1.7567957640898393,1.7772889411694823,-0.25929878350055285,-1.0917262663698815,1.1955360854440955,False,True,False,2.781289506953224,1079.5,143.4,1.5396920615876823,63454.5
Ivory Coast,1.3502495119562026,-1.286667026775644,-0.825433829512644,0.8593103236748986,0.13277924146152273,-1.796303022976681,-1.2031851111972949,0.2673486949709559,-0.3531079413491937,-0.40347783646674307,-1.2794093567996134,-1.6865674136194924,-0.14515887065068514,-1.1267469506314496,-1.8443161207081704,-1.2279588005655229,-1.8763854110289904,-1.5005417772342307,-1.735434509861446,-0.25929878350055285,0.4883555058921485,-2.3052011458614596,True,False,False,0.6302843966179862,453.6,74.66666666666667,0.04999880955215352,15702.399999999998
Argentina,-1.0165331558022597,0.9284762724975375,1.3479043208629324,-0.7125988049986962,-1.3183600094840806,1.5238663710485905,0.9896274659701099,-1.7454314650134792,2.480824172207737,1.3870615566288191,2.2612960787520002,1.9333821570760017,2.0431658125254746,2.141195174422909,0.6410618157416145,1.0574333837368104,1.00406403629676,0.8780721482907883,0.6671357750417829,-0.25929878350055285,0.30462506725702876,-0.04001823148727724,False,True,False,4.535147392290249,980.9000000000001,178.0,0.974878140232471,94838.4
Ghana,1.0021932372858404,-0.8492820441166085,-1.6947690896628744,0.8593103236748986,1.583918492407126,-1.0287042272937743,-1.0731030091619402,1.180121093103432,-0.3531079413491937,-0.5189965069890375,-1.524932726418156,-0.9316046689289873,-0.874600431709405,-0.8053734952054877,-1.512932395848199,0.0026369909818874074,-1.8763854110289904,-1.1217815980105017,-0.9401008983072742,-0.25929878350055285,1.1865311727056036,-0.7264372964491506,True,False,False,0.5263157894736843,462.8,153.5,0.05675522283181536,22718.0
Denmark,0.3756919428791887,0.28617205833158044,-0.39076619943752866,0.33534061411703364,0.13277924146152273,-0.4073147260266591,-0.44127565641878974,-0.013504350608267785,0.21367848136219245,-0.6056355098807585,0.3875651000841754,-0.27343201971162373,-0.14515887065068514,-0.2632977872580822,0.39252402209663595,-0.17316240781059977,0.24605102384261515,0.5599135977428557,-0.24418398819737294,-0.25929878350055285,0.34137115498405257,0.7836846464669709,False,False,True,1.0414902624894158,561.56,149.0,0.22499196457269383,34597.8
Tunisia,1.1414157471539854,-0.571129382333442,-0.825433829512644,0.33534061411703364,0.8583488669343243,-1.723198375768785,-0.8501051199584753,1.414165297752785,-0.3531079413491937,-1.2409881977533772,-0.8271294653970354,-1.105826840780643,-1.604041992768125,-0.6621106295336734,-0.6844730836982708,-1.2279588005655229,-1.5226460052170563,-1.51569218440318,-0.6087118934930358,-0.25929878350055285,0.3781172427110764,-2.3052011458614596,True,False,False,0.5639307649357901,331.01,344.0,0.07179303094792441,25146.399999999998
Ecuador,0.44530319781326116,-0.5926291049833489,0.47856906071270194,0.8593103236748986,-1.3183600094840806,0.14706218196655152,-0.14394513748083673,0.688628263339791,-0.9198943640605799,-0.28795916594444915,-0.29731587832544387,-0.42829617246865237,-0.14515887065068514,-0.6892144149310436,0.22683215966665032,0.3542357885668618,0.24605102384261515,-0.5460661255904339,-0.6087118934930358,-0.25929878350055285,0.08414854089488487,-0.10866013798346465,False,True,False,0.9385550303848751,540.9599999999999,112.33333333333333,0.21723388848660388,25814.199999999997
Sweden,0.5149144527473336,0.04698764385137083,-0.39076619943752866,-0.7125988049986962,1.583918492407126,0.46994104046809126,-0.8315219625248532,0.1737310131112147,0.7804649040735786,-0.2590794983138751,-0.1293262043759146,-0.7573824970773314,0.5842826904080348,-0.22457809383326752,0.30967809088164316,-0.5247612053955741,-0.15822258279959536,0.21145423285702422,-0.5424340925301872,-0.25929878350055285,-0.39355059955642635,0.5777589269784095,False,False,True,0.808881839809675,602.29,114.25,0.18332722242591912,34229.3
Denmark,-0.39003186139560786,-0.04572991007635232,0.47856906071270194,0.33534061411703364,-1.3183600094840806,0.15924628983453418,-0.14394513748083673,-0.5284016008368441,-0.9198943640605799,-0.17244049542215467,0.05158575218511688,-0.041135790576086254,-0.874600431709405,0.10453930027765725,-0.35308935883829945,0.0026369909818874074,0.04391422052151012,0.408409526053364,-0.7412674954187307,-0.25929878350055285,0.34137115498405257,0.7150427399707835,False,False,True,1.4464099895941727,633.36,271.0,0.3470384095053232,42601.2
Saudi Arabia,1.6286945316924923,-0.4629589027511004,-1.6947690896628744,0.8593103236748986,1.583918492407126,-1.686646052164837,-1.2775177409317828,1.83544486612162,-0.3531079413491937,-0.8077931832947733,-0.4911501174979769,-0.44765419156327957,-0.14515887065068514,-1.122874981288968,-0.1873974964083138,-0.34896180660308695,-1.8763854110289904,-0.2885092037182977,-0.22761453795666198,-0.25929878350055285,1.1497850849785791,-0.9323630159377124,False,False,False,0.3957382039573821,470.0,75.0,0.04565118149605444,17212.5
Argentina,-1.2949781755385492,1.2583626419070417,0.47856906071270194,-0.7125988049986962,0.13277924146152273,0.8659245461775277,1.5285390315451501,-0.692232544091391,1.3472513267849648,0.6650698658644795,1.6151819481768876,1.643011870656577,0.5842826904080348,2.1179633583680206,1.2209833342465641,2.1122297764917333,0.801927232975655,1.6052916924003475,1.0316636803374457,-0.25929878350055285,-0.6140271259185699,0.09726558150509758,False,True,False,2.570145903479237,906.25,265.5,1.849537615596101,92712.59999999999
Germany,-1.0165331558022597,0.24921941002705356,0.043901430637586634,-1.2365685145565612,1.583918492407126,1.2070795664810414,0.5250485301295581,-0.6454237031615203,0.7804649040735786,1.2137835508453771,0.7235444479832331,0.9654812023445862,-0.14515887065068514,-0.24780990988815632,0.22683215966665032,0.3542357885668618,-0.0066199803087664795,0.999275405642381,1.2802054339481246,-0.25929878350055285,0.5985937690732199,0.9896103659555332,False,False,True,1.920965971459934,959.3999999999999,150.33333333333334,0.7249093863267092,37793.799999999996
Ecuador,0.09724692314289907,-0.3715850814889982,0.47856906071270194,0.33534061411703364,-1.3183600094840806,0.30545558425032543,-0.3111935543834351,0.33756195636576186,0.21367848136219245,-0.28795916594444915,0.11619716524262813,-0.699308439793447,-0.14515887065068514,0.13164308567502753,-0.8501649461282564,0.3542357885668618,-0.20875678362987152,0.3326574902086182,0.5014412726346636,-0.25929878350055285,-0.6875193013726179,1.3328198984364703,False,True,False,0.9767092411720512,605.92,183.0,0.22499062539060874,41284.8
Belgium,-1.0165331558022597,0.816274594918339,0.9132366907878172,-0.1886290954408313,-1.3183600094840806,1.1644351889431022,-0.0324461928791042,-0.10712203246800903,1.3472513267849648,-0.02804215726928675,0.36172053486117084,1.0816293169123576,1.3137242514667546,0.8324695366641732,1.3866751966765498,0.1784363897743746,-0.5119619886115298,0.6962672622633979,0.21976061854256046,-0.25929878350055285,-0.43029668728345016,0.9209684594593458,False,False,True,1.2708150744960562,683.65,146.0,0.5999250093738283,61612.00000000001
Australia,0.2364694330110439,0.21025116272409827,0.043901430637586634,-0.7125988049986962,0.8583488669343243,0.2810873685143601,-0.8129388050912311,-0.5049971803719088,0.21367848136219245,-0.8366728509253468,0.28418683919215737,0.09437034308631245,-0.14515887065068514,-0.4065606529298965,-0.8501649461282564,-1.2279588005655229,0.24605102384261515,-0.97027752632101,-0.8241147466222902,-0.25929878350055285,1.296769435886675,-1.0010049224339,False,False,False,1.0607621009268795,423.15000000000003,136.66666666666666,0.24229837313949462,32513.0
Switzerland,0.027635668208826642,0.14911132643842565,-0.825433829512644,0.8593103236748986,0.13277924146152273,-0.1940928383369629,0.1348022240234946,0.2673486949709559,0.7804649040735786,0.4340325248198905,0.18080857830013938,-0.8735306116451029,-0.874600431709405,-0.8518371273152653,0.06114029723666467,-0.5247612053955741,0.04391422052151012,-0.07640350335300965,0.45173292191252834,-0.25929878350055285,-0.1730740731942828,-0.2459439509758387,False,False,True,1.183704842428901,704.18,147.5,0.2565105864962393,21918.5
South Korea,0.6541369626154784,0.033550317195179244,0.043901430637586634,-0.7125988049986962,0.8583488669343243,-0.35857829455472845,0.37638327066058136,0.033304490321602834,-0.9198943640605799,-0.8655525185559209,-0.16809305221042137,0.2879505340325955,0.5842826904080348,-0.8595810660002282,0.4753699533116288,0.0026369909818874074,0.5997904296545495,-0.97027752632101,-0.32703123940093254,-0.25929878350055285,0.7455781199813158,-1.1382887354262747,False,False,False,1.3905079100749376,418.59999999999997,73.25,0.2187431642761164,23527.899999999998
Mexico,-0.7380881360659699,-0.6772842629173568,-0.39076619943752866,0.8593103236748986,-0.5927903840112789,0.33591585392028206,0.22771801119160504,0.6652238428748557,0.21367848136219245,-0.05692182489986023,-0.11640392176441236,0.3460245913164799,0.5842826904080348,-0.48787200912200734,-0.8501649461282564,0.7058345861518361,-0.30982518529042424,0.5447631905739062,-1.006378699270123,3.856554922857429,-2.2676010736346477,2.156522776390718,False,False,False,1.0808973487423523,666.0,97.25,0.43329722523123076,31353.399999999998
Cameroon,1.6983057866265647,-1.0709979339437696,-1.2601014595877593,0.33534061411703364,1.583918492407126,-1.0530724430297396,-1.3518503706662712,0.38437079729563245,-1.486680786771966,-0.4612371717278905,-0.29731587832544387,-1.3187650508215534,-0.14515887065068514,-1.0067159010145241,-0.35308935883829945,-1.0521594017730356,0.3471194255031679,-1.6671962560926716,-1.022948149510834,-0.25929878350055285,0.7455781199813158,-0.45186967046440096,True,False,False,0.5477424130273871,433.53999999999996,85.0,0.1382949298951086,18360.0
Italy,-0.8773106459341148,0.19748570240071567,0.9132366907878172,-1.2365685145565612,0.13277924146152273,0.2262588831084388,0.7852127342002669,-0.24754855525762037,1.3472513267849648,0.5206715277116115,0.9303009697672692,0.19116043855945397,-0.14515887065068514,0.0967953615926943,1.0552914718165787,-0.17316240781059977,0.801927232975655,1.0447266271492281,1.4127610358738194,-0.25929878350055285,-0.4670427750104743,0.9896103659555332,False,False,True,1.7483811285846438,823.1999999999999,180.0,0.7399260073992602,43092.0
Canada,1.7679170415606371,-1.4868831939528997,-0.39076619943752866,1.9072497427906285,-1.3183600094840806,-1.887683831986551,-0.9801872219938299,0.24394427450602063,-0.9198943640605799,-0.49011683935846406,-1.9255234873747256,-0.5444442870364211,-0.874600431709405,-1.188698460111153,-1.015856808558242,-1.2279588005655229,-1.168906599405122,-0.803623047462569,-1.321198253843648,3.856554922857429,-2.01037845954548,0.9896103659555332,False,False,False,0.7281177381874516,489.3,104.0,0.07291514760109165,15808.0
Netherlands,-0.8076993910000424,0.1504550591040451,0.9132366907878172,-1.2365685145565612,0.13277924146152273,0.8476483843755537,0.1348022240234946,-0.15393087339787911,1.3472513267849648,0.49179186008103803,0.03866346957361463,-0.2927900388062537,-0.14515887065068514,-0.18585840040845286,0.39252402209663595,-0.7005606041880613,-0.05715418113904263,1.2568323275145172,1.1642192822631405,-0.25929878350055285,0.4883555058921485,0.3031913009936598,False,False,True,1.3737734165923283,836.7800000000001,155.66666666666666,0.5181347150259068,36099.1
Portugal,-0.7380881360659699,0.05169070818103666,0.47856906071270194,-0.7125988049986962,0.13277924146152273,0.725807305695727,1.2312085126071965,-0.013504350608267785,0.7804649040735786,0.549551195342185,1.2016689046088163,0.7912590304929331,0.5842826904080348,-0.1781144617234899,-0.021705633978328157,-0.17316240781059977,0.44818782716372063,-0.2127571678735519,0.1534828175797118,-0.25929878350055285,-0.2833123363753546,0.7836846464669709,False,False,True,1.8035563082133788,712.05,117.25,0.5582868094325474,38880.100000000006
Argentina,-1.4342006854066942,2.2211470968231684,1.7825719509380478,-0.7125988049986962,-1.3183600094840806,1.8893896070880696,0.710880104465779,-1.1135121124602263,0.21367848136219245,1.7047379005651289,2.1191509700254754,2.1076043289276574,2.0431658125254746,2.6329352809180557,1.3866751966765498,1.0574333837368104,1.8631454504114577,0.8174705196149907,1.2636359837074111,-0.25929878350055285,0.12089462862190901,0.09726558150509758,False,True,False,2.6019690576652605,1037.13,199.16666666666666,4.747626186906547,107191.5
Spain,-1.2253669206044768,1.9812908160101483,0.47856906071270194,-0.7125988049986962,0.13277924146152273,1.365472968764816,1.4170400869434174,-1.1135121124602263,1.3472513267849648,1.1560242155842302,1.9640835786874484,1.4300736606156668,0.5842826904080348,2.61744740354813,1.4695211278915428,1.9364303776992462,1.3578034421086944,1.999202278793025,1.6447333392437848,-0.25929878350055285,-0.39355059955642635,0.7836846464669709,False,False,True,3.136427566807314,1054.62,297.75,1.6996600679864027,102664.2
Argentina,-1.1557556656704044,1.316143146528665,1.3479043208629324,-1.760538224114426,0.13277924146152273,1.7127200430023217,0.9338779936692436,-1.0432988510654204,0.21367848136219245,2.1956922502848797,1.62810423078839,2.1463203671169144,1.3137242514667546,1.5061922022559486,1.9665967151814996,2.288029175284221,0.7513930321453784,1.2568323275145172,2.042400145020872,-0.25929878350055285,-0.026089722286186903,0.7150427399707835,False,True,False,2.658569500674764,1191.96,180.8,1.2164639226795533,81269.6
South Korea,-0.5988656261978251,0.2532506080239104,0.47856906071270194,-0.7125988049986962,0.13277924146152273,-0.2611054316108675,0.1348022240234946,0.5482017405501791,-0.9198943640605799,0.3185138542975966,-0.40069413921746116,-0.48637022975253674,0.5842826904080348,-0.4181765609573409,-0.021705633978328157,0.530035187359349,-0.5624961894418059,-0.24305798221145064,-0.2607534384380863,-0.25929878350055285,1.2600233481596512,-0.17730204447965206,False,False,False,1.0837438423645323,668.99,101.75,0.33569030783515463,31054.1
Tunisia,0.584525707681406,-0.9366246673818537,-0.39076619943752866,0.8593103236748986,-0.5927903840112789,-1.1018088745016699,-1.0731030091619402,1.9992758093761673,-0.9198943640605799,-1.6164238769508341,-1.2147979437421021,-1.4542711844839522,-0.14515887065068514,-1.0105878703570055,-0.6016271524832779,-0.17316240781059977,-1.4215776035565035,-0.636968568604128,-0.5590035427709005,-0.25929878350055285,0.8925624708894118,-1.3442144549148365,True,False,False,0.43606075453209214,314.82,84.66666666666667,0.09677107190090642,18110.2
Spain,-1.4342006854066942,2.05855544428325,1.7825719509380478,-1.760538224114426,-0.5927903840112789,1.0974225956691974,1.3241242997753075,-0.7390413850212616,2.480824172207737,2.051293912132012,1.033679230659287,1.3139255460478951,2.0431658125254746,1.6146073438454298,0.22683215966665032,0.8816339849443233,1.1051324379573129,1.0144258128113304,0.8328302774489021,-0.25929878350055285,0.5251015936191723,0.5777589269784095,False,False,True,2.502870264064294,1130.98,155.33333333333334,3.99800099950025,79779.2
Germany,-1.1557556656704044,0.32648403830015515,1.3479043208629324,-0.7125988049986962,-1.3183600094840806,0.7318993596297184,1.0082106234037316,-0.3177618166524263,1.3472513267849648,1.2137835508453771,1.3179694481123359,1.0041972405338435,1.3137242514667546,0.7008225790198033,1.0552914718165787,1.4090321813217848,0.6503246304848257,0.10540138267438073,0.418594021431104,-0.25929878350055285,0.2678789795300046,-0.04001823148727724,False,False,True,1.912464319695528,862.64,139.2,1.183136143976004,58464.0
Denmark,0.027635668208826642,-0.34538229450942404,0.47856906071270194,-0.1886290954408313,-0.5927903840112789,0.23235093704243012,-0.44127565641878974,-0.036908771073203096,-0.3531079413491937,-0.3457185012055961,-0.6720620740590084,-0.6605924016041899,-0.14515887065068514,-0.030979626709194134,-0.9330108773432493,-1.0521594017730356,0.39765362633344403,-0.6975701972799255,-0.890392547585139,-0.25929878350055285,0.5251015936191723,-0.8637211094415254,False,False,True,1.0503842869342443,520.3,169.0,0.28694404591104733,38227.8
Ghana,1.0021932372858404,-0.7700018168450784,-0.39076619943752866,0.8593103236748986,-0.5927903840112789,-0.5291558047064856,-1.3518503706662712,0.15032659264627937,-0.3531079413491937,-0.6633948451419055,-0.23270446526793262,-1.4929872226732093,-0.874600431709405,-0.6582386601911919,-1.6786242582781847,-0.8763600029805485,-1.2699750010656747,-1.6065946274168752,-1.5200316567321916,-0.25929878350055285,0.9293085586164356,-0.3145858574720261,True,False,False,0.5915267785771383,408.87,172.5,0.08918677873570985,24529.499999999996
China,0.3756919428791887,-1.2107461311681618,-0.39076619943752866,0.33534061411703364,0.13277924146152273,-1.5404367577490452,-1.7235135193387126,0.99288572938395,-1.486680786771966,-0.6633948451419055,-0.9951191393465646,-0.854172592550473,-0.874600431709405,-0.9137886367949688,-0.5187812212682851,-1.40375819935801,-0.5119619886115298,-1.1975336338552474,-1.2714899031215128,-0.25929878350055285,1.1497850849785791,-0.5891534834567758,False,False,False,0.335195530726257,435.6,139.5,0.1714224491982429,20757.600000000002
South Korea,0.6541369626154784,-0.8237511234698447,-0.39076619943752866,-0.7125988049986962,1.583918492407126,-0.3524862406207371,0.1719685388907388,-0.036908771073203096,-0.3531079413491937,0.3185138542975966,-0.3748495739944566,0.2685925149379683,-0.874600431709405,-0.2632977872580822,-0.2702434276233066,0.3542357885668618,-0.5624961894418059,0.37810871171546523,0.46830237215323933,-0.25929878350055285,2.4358981554244172,-0.04001823148727724,False,False,False,1.3321947053800174,723.52,223.5,0.14687041029967815,35849.4
Netherlands,-0.7380881360659699,0.5965743040896063,0.9132366907878172,-0.7125988049986962,-0.5927903840112789,1.0425941102632754,1.0082106234037316,-0.6688281236264557,-0.3531079413491937,0.7805885363867738,1.2016689046088163,0.05565430489705528,0.5842826904080348,1.1809467774875053,0.30967809088164316,-0.5247612053955741,0.5492562288242734,1.499238842217703,-0.07848948579025371,-0.25929878350055285,0.4883555058921485,0.7836846464669709,False,False,True,2.2308546059933403,920.8199999999999,205.0,0.5749520873260562,64861.99999999999
Argentina,-1.086144410736332,1.9080573857339052,1.7825719509380478,-1.760538224114426,-0.5927903840112789,1.974678362163948,1.7887032356158592,-1.3007474761797084,1.3472513267849648,1.1849038832148042,2.1837623830829864,2.010814233454516,0.5842826904080348,0.8866771074589137,0.5582158845266216,1.0574333837368104,1.155666638787589,1.711344542582992,0.981955329615308,-0.25929878350055285,0.08414854089488487,0.165907488001285,False,True,False,3.851030110935024,1030.16,186.0,1.1569775746321953,66364.8
Spain,-1.5038119403407666,1.0998021873639803,1.3479043208629324,-1.760538224114426,0.13277924146152273,0.9633974091213889,0.7480464193330231,-1.0667032715303557,0.7804649040735786,1.589219230042834,0.6201661870912152,1.2752095078586407,1.3137242514667546,1.6571990066127258,1.7180589215365212,-0.17316240781059977,2.1158164545628395,1.2265315131766186,1.1145109315410053,-0.25929878350055285,0.34137115498405257,-0.5205115769605884,False,False,True,2.558139534883721,1062.0,188.6,9.990009990009991,80532.20000000001
Germany,-0.3204206064615354,0.1061118811386135,1.3479043208629324,-0.7125988049986962,-1.3183600094840806,0.835464276507571,1.0639600957045983,-0.7390413850212616,0.21367848136219245,0.8961072069090683,0.1678862956886371,0.59767883954665,0.5842826904080348,0.5420718359780631,-0.021705633978328157,0.8816339849443233,0.7008588313151023,1.3174339561903137,0.8825386281710375,-0.25929878350055285,-0.39355059955642635,-0.17730204447965206,False,False,True,2.342135476463835,927.1800000000001,163.75,0.3999777790122771,53644.50000000001
Spain,-1.3645894304726216,1.6977632235645057,1.3479043208629324,-0.7125988049986962,-1.3183600094840806,1.682259773332365,2.0117011248193237,-1.5581961012939967,1.3472513267849648,2.0224142445014377,1.3438140133353405,1.7398019661297186,0.5842826904080348,2.3851292429992417,1.5523670591065355,0.0026369909818874074,1.2062008396178652,1.0901778486560763,1.1145109315410053,-0.25929878350055285,-0.43029668728345016,0.9209684594593458,False,False,True,4.894433781190019,1134.72,282.75,2.732422525824725,99301.8
Brazil,-1.086144410736332,1.9644941576899089,1.3479043208629324,-1.760538224114426,0.13277924146152273,0.8110960607716057,1.9745348099520794,-0.9964900101355497,0.21367848136219245,0.8672275392784944,1.485959122061865,1.449431679710294,1.3137242514667546,2.4393368137939824,0.7239077469566073,1.584831580114272,0.7008588313151023,2.28706001500306,1.4127610358738194,-0.25929878350055285,-0.9814880031888094,1.0582522724517205,False,True,False,3.324572930354796,1018.4,229.0,1.0284245107841736,98813.5
South Korea,0.8629707274176956,-0.43541238310590824,0.47856906071270194,0.8593103236748986,-1.3183600094840806,-0.3037498091488068,-0.6271072307550106,0.1737310131112147,0.7804649040735786,0.23187485140587563,-0.23270446526793262,-0.25407400061699653,-0.14515887065068514,-0.3872008062174892,0.06114029723666467,-0.7005606041880613,0.4987220279939968,-0.5612165327593822,-0.4761562915673408,-0.25929878350055285,2.0684372781541778,-1.4128563614110239,False,False,False,0.8961141950832673,626.6,138.33333333333334,0.19428016342390217,32162.5
Netherlands,-0.7380881360659699,1.060833940061025,1.3479043208629324,-0.1886290954408313,-1.3183600094840806,0.7745437371676577,-0.10677882261359255,-1.0198944306004851,0.21367848136219245,0.11635618088358118,0.43925423053018436,0.21051845765408395,-0.14515887065068514,1.1577149614326165,0.8895996093865929,-0.7005606041880613,1.256735040448142,0.8932225554597365,1.1807887325038515,-0.25929878350055285,0.2678789795300046,-0.2459439509758387,False,False,True,1.877496671105193,728.28,271.3333333333333,0.6916090325806183,65038.600000000006
China,1.419860766890275,-1.2691985021225953,-1.2601014595877593,1.9072497427906285,-0.5927903840112789,-0.5474319665084596,-1.035936694294696,1.5077829796125264,-0.3531079413491937,-1.3565068682756716,-0.9305077262890533,-1.5123452417678365,-0.14515887065068514,-0.7511659244107471,-0.1873974964083138,-0.7005606041880613,-0.6635645911023587,-0.4551636825767387,-0.8406841968630037,-0.25929878350055285,1.1865311727056036,-0.795079202945338,False,False,False,0.496996176952485,366.75,107.0,0.10464872909932328,22791.0
Morocco,0.7933594724836233,0.21428236072095513,-0.825433829512644,0.33534061411703364,0.8583488669343243,0.006944941484750967,0.4321327429614476,-0.08371761200307372,-0.9198943640605799,0.11635618088358118,-0.38777185660595886,0.2685925149379683,-0.14515887065068514,-0.3949447449024521,-0.6844730836982708,0.8816339849443233,0.14498262218206243,0.19630382568807592,-0.45958684132662747,-0.25929878350055285,1.443753786794771,-1.618782080899586,True,False,False,1.4769765421372723,670.32,137.66666666666666,0.1794064880444693,33122.6
Ecuador,-0.4596431163296803,0.25257874169110145,0.47856906071270194,-0.7125988049986962,0.13277924146152273,0.4151125550621693,-0.10677882261359255,-0.5049971803719088,-0.3531079413491937,-0.1435608277915812,0.6201661870912152,-0.15728390514385499,-0.14515887065068514,-0.9679962075897094,-0.9330108773432493,0.0026369909818874074,-0.6635645911023587,0.3932591188844146,0.5014412726346636,-0.25929878350055285,-0.4670427750104743,0.9896103659555332,False,True,False,1.4521112255406796,637.65,88.33333333333333,0.28123242297356416,20670.0
England,-1.3645894304726216,1.0735994003844076,1.3479043208629324,-1.2365685145565612,-0.5927903840112789,1.8467452295501303,2.1975326991555444,-1.1135121124602263,1.3472513267849648,1.618098897673408,2.1191509700254754,1.7591599852243485,0.5842826904080348,1.0686596665555428,0.30967809088164316,2.639627972869195,0.7513930321453784,1.544690063724551,1.081372031059581,-0.25929878350055285,0.19438680407595665,-0.5205115769605884,False,False,True,3.727144866385373,1105.38,197.75,2.4325224925024993,69528.90000000001
Ukraine,0.584525707681406,-0.8150168611433205,-1.6947690896628744,1.3832800332327635,0.8583488669343243,-1.363767193663297,-1.0916861665955622,2.0694890707709725,-0.3531079413491937,-0.3745981688361696,-1.421554465526138,-0.7573824970773314,-0.874600431709405,-0.7705257711231545,-1.6786242582781847,-0.8763600029805485,-1.825851210198714,-1.0914807836726028,-0.5755729930116115,-0.25929878350055285,-0.09958189774023486,0.3031913009936598,False,False,True,0.4249154997585708,487.2300000000001,158.0,0.07096545272733137,23668.4
Denmark,0.30608068794511634,-0.06924523172468759,0.47856906071270194,-0.1886290954408313,-0.5927903840112789,-0.7119174227262252,-0.7200230179231206,-0.3177618166524263,-0.9198943640605799,-0.576755842250185,-0.7754403349510264,-0.0024197523868290886,-0.874600431709405,-0.2168341551483046,-0.35308935883829945,-1.2279588005655229,-0.36035938612070084,-0.42486286823883995,-0.890392547585139,-0.25929878350055285,0.2311328918029808,-0.2459439509758387,False,False,True,1.027592768791627,500.82,229.5,0.18888189326321245,36169.2
Ukraine,1.5590832767584197,-1.6293188565085293,-1.6947690896628744,0.33534061411703364,2.3094881178799276,-1.0774406587657046,-0.5156082861532781,1.1333122521735612,-0.9198943640605799,-1.4431458711673923,-1.7833783786482007,-0.6025183443203055,-0.874600431709405,-0.9099166674524873,-0.6844730836982708,-0.34896180660308695,-0.8657013944234642,-1.2429848553620946,-0.757836945659444,-0.25929878350055285,-0.026089722286186903,-0.7264372964491506,False,False,True,0.7121484141232796,314.64000000000004,140.0,0.09110908646474522,21196.0
Senegal,0.2364694330110439,-0.975592914684809,-0.825433829512644,0.33534061411703364,0.8583488669343243,0.25671915277839547,-0.5713577584541444,-0.036908771073203096,0.7804649040735786,-0.3168388335750226,-0.025947943483896622,-0.7380244779827042,-0.14515887065068514,-0.9447643915348205,0.30967809088164316,-0.8763600029805485,-0.20875678362987152,-0.6066677542662303,-0.32703123940093254,-0.25929878350055285,1.2600233481596512,-2.167917332869085,True,False,False,0.990606319385141,531.6899999999999,90.33333333333333,0.20768431983385255,20325.0
Switzerland,-0.041975586725245775,-0.30171098287680137,-0.39076619943752866,-0.1886290954408313,0.8583488669343243,-0.4560511574985897,-0.0324461928791042,0.6652238428748557,0.21367848136219245,0.3185138542975966,-0.40069413921746116,-0.5638023061310483,-0.14515887065068514,0.030971882770509353,-0.4359352900532923,-0.8763600029805485,0.24605102384261515,-0.8642246761383654,-0.5755729930116115,-0.25929878350055285,-0.35680451182940254,0.7150427399707835,False,False,True,0.9857239972807614,614.46,174.33333333333334,0.28635062042634424,39695.700000000004
USA,0.8629707274176956,-0.7256586388796452,0.47856906071270194,-0.1886290954408313,-0.5927903840112789,0.4151125550621693,-0.7200230179231206,0.24394427450602063,0.21367848136219245,0.0008375103612867341,-0.34900500877145285,0.07501232399168524,-0.874600431709405,-0.23619400186071193,-1.015856808558242,-1.2279588005655229,-0.0066199803087664795,-0.6218181614351798,-0.2938923389195082,3.856554922857429,-1.9368862840914323,1.470103711428845,False,False,False,0.8365608055770721,583.16,227.0,0.16570955115568128,35956.8
Spain,-1.2253669206044768,1.3786267154799556,1.3479043208629324,-1.2365685145565612,-0.5927903840112789,1.7492723666062697,0.9338779936692436,-1.6752182036186731,0.7804649040735786,1.762497235826276,0.9949123828247803,1.1977774314801264,2.0431658125254746,1.8043338416270216,2.1322885776114853,1.7606309789067591,1.00406403629676,1.499238842217703,0.981955329615308,-0.25929878350055285,-0.6140271259185699,-0.6577953899529632,False,False,True,4.182590233545648,1130.94,163.5,1.5596880623875224,83385.0
France,-1.5038119403407666,1.379970448145575,0.9132366907878172,-1.760538224114426,0.8583488669343243,1.456853777774686,1.807286393049481,-1.1135121124602263,1.3472513267849648,0.8672275392784944,1.3050471655008336,1.3526415842371524,0.5842826904080348,2.6445511889455,1.7180589215365212,0.0026369909818874074,1.4083376429389707,0.7114176694323472,1.1145109315410053,-0.25929878350055285,0.5251015936191723,-0.45186967046440096,False,False,True,3.4317862165963433,860.3199999999999,299.5,8.591408591408593,102788.4
Algeria,0.584525707681406,-1.377368981704937,-0.39076619943752866,0.33534061411703364,0.13277924146152273,-0.516971696838503,-0.3297767118170572,2.280128854955391,-0.9198943640605799,-1.2987475330145244,-0.4653055522749724,-0.5057282488471639,-0.14515887065068514,-0.8518371273152653,-0.1873974964083138,-1.0521594017730356,0.39765362633344403,-1.6520458489237224,-1.2217815523993774,-0.25929878350055285,0.8190702954353641,-1.4814982679072113,True,False,False,0.5969458583988894,315.7,98.33333333333333,0.21289635818199412,22479.0
Switzerland,-0.4596431163296803,0.13365840078380564,-0.39076619943752866,0.8593103236748986,-0.5927903840112789,-0.29156570128082415,-0.6642735456222544,-0.3645706575822969,-0.9198943640605799,-0.634515177511332,0.2454199913576506,-0.06049380967071346,-0.14515887065068514,-0.24780990988815632,0.14398622845165748,0.530035187359349,0.4987220279939968,-0.10670431769090732,-0.19447563747523763,-0.25929878350055285,0.19438680407595665,0.7150427399707835,False,False,True,1.0766246362754608,512.0,150.33333333333334,0.4249734391600525,35403.5
Costa Rica,1.2806382570221302,-0.9043750834069942,-0.39076619943752866,0.8593103236748986,-0.5927903840112789,-1.3272148700593491,-1.2031851111972949,2.2567244344904553,-0.3531079413491937,-0.692274512772479,-1.2794093567996134,-1.047752783496756,-0.874600431709405,-0.766653801780673,-1.1815486709882277,0.0026369909818874074,-1.4215776035565035,-0.8642246761383654,-1.2052121021586641,-0.25929878350055285,-1.9368862840914323,0.8523265529631584,False,False,False,0.3812180381218038,452.76000000000005,158.5,0.07316894709885126,23267.800000000003
Colombia,-0.9469219008681872,0.9540071931443027,1.3479043208629324,-1.2365685145565612,-0.5927903840112789,1.0608702720652494,0.22771801119160504,-0.3879750780472322,1.3472513267849648,0.26075451903644914,0.7623112958177399,0.558962801357393,-0.14515887065068514,0.24005822726450862,0.06114029723666467,0.530035187359349,1.3578034421086944,1.3022835490213645,0.7168441257639182,-0.25929878350055285,-0.6140271259185699,0.4404751139860346,False,True,False,1.557296767874633,792.55,192.33333333333334,0.9443395178313522,47140.9
France,-1.3645894304726216,1.060162073728216,1.3479043208629324,-1.2365685145565612,-0.5927903840112789,1.1461590271411282,1.9931179673857018,-1.7922403059433498,1.3472513267849648,1.531459894781687,1.8736276004069325,1.817234042508233,0.5842826904080348,1.1306111760352462,1.7180589215365212,2.639627972869195,2.0652822537325632,0.5144623762360074,1.197358182744565,-0.25929878350055285,-0.35680451182940254,-0.3145858574720261,False,False,True,6.033254156769597,967.75,201.75,3.2989003665444856,71177.40000000001
Poland,-0.18119809659339062,-1.011873696656527,-0.825433829512644,0.8593103236748986,0.13277924146152273,-0.29765775521481547,-0.42269249898516764,-0.3411662371173616,0.21367848136219245,-0.5189965069890375,-0.9305077262890533,0.03629628580242807,0.5842826904080348,-0.5653113959716367,-0.4359352900532923,0.3542357885668618,-0.5624961894418059,-0.015801874677213213,-0.21104508771594863,-0.25929878350055285,0.19438680407595665,0.9209684594593458,False,False,True,1.1911623439000962,538.72,92.25,0.2349882505874706,29151.0
France,-1.086144410736332,1.7447938668611762,0.47856906071270194,-1.2365685145565612,0.8583488669343243,1.8711134452860956,0.710880104465779,-1.6518137831537378,0.21367848136219245,1.9935345768708648,0.3875651000841754,1.9720981952652588,1.3137242514667546,1.1306111760352462,1.7180589215365212,1.0574333837368104,0.801927232975655,1.408336399204009,1.097941481300292,-0.25929878350055285,0.4516094181651247,0.3031913009936598,False,False,True,3.8461538461538463,1168.92,161.4,1.0569918583059563,71823.0
England,-1.086144410736332,2.0666178402769653,1.3479043208629324,-1.2365685145565612,-0.5927903840112789,1.8041008520121908,1.9559516525184577,-1.7922403059433498,2.480824172207737,1.618098897673408,1.3696585785583448,1.2364934696693837,1.3137242514667546,1.7849739949146144,1.800904852751514,1.7606309789067591,0.953529835466484,1.2568323275145172,1.4458999363552438,-0.25929878350055285,-0.43029668728345016,-0.7264372964491506,False,False,True,5.985748218527316,1071.5600000000002,195.2,1.0998428795886301,83155.2
Senegal,-0.7380881360659699,-0.4152563931216209,0.043901430637586634,-0.1886290954408313,0.13277924146152273,-0.34030213275275445,-0.45985881385241184,0.31415753590082657,-0.9198943640605799,-0.8655525185559209,-0.06471479131840337,-0.9122466498343601,0.5842826904080348,-0.6233909361088588,0.14398622845165748,-0.7005606041880613,-0.30982518529042424,-0.8339238618004677,0.2860384195054091,-0.25929878350055285,0.8925624708894118,-1.4814982679072113,True,False,False,0.9235427706283119,426.87999999999994,88.5,0.43329722523123076,26231.399999999998
Belgium,-1.2253669206044768,1.1307080386732218,0.9132366907878172,-1.2365685145565612,0.13277924146152273,1.0791464338672234,0.4507159003950697,-0.8560634873459382,0.7804649040735786,0.0008375103612867341,0.8915341219327624,0.07501232399168524,0.5842826904080348,-0.007747810654305326,0.7239077469566073,0.0026369909818874074,0.7513930321453784,0.5447631905739062,0.5842885238382233,-0.25929878350055285,-0.3200584241023784,-0.10866013798346465,False,False,True,2.082825822168088,677.0999999999999,128.25,1.4597080583883222,40629.6
Honduras,1.4894720218243473,-0.9628274543614279,-1.6947690896628744,0.8593103236748986,1.583918492407126,-1.2236499531814964,-0.5156082861532781,0.08011333125147345,-0.9198943640605799,-0.4612371717278905,-0.6979066392820129,-0.6605924016041899,-0.14515887065068514,-0.584671242684044,-0.6844730836982708,0.0026369909818874074,-0.36035938612070084,-0.8490742689694172,-0.45958684132662747,-0.25929878350055285,-2.3778393368157196,2.0192389633983434,False,False,False,0.9746109746109747,490.78,121.33333333333333,0.11590645667143928,27445.600000000002
Argentina,-1.2949781755385492,1.3927359084689577,0.47856906071270194,-1.760538224114426,1.583918492407126,0.9024768697814757,1.3427074572089293,-1.6986226240836084,0.7804649040735786,0.5206715277116115,0.7106221653717308,1.0429132787231006,0.5842826904080348,1.3822891832965416,1.7180589215365212,0.0026369909818874074,1.3578034421086944,0.8477713339528895,1.3133443344295466,-0.25929878350055285,-0.5405349504645223,1.0582522724517205,False,True,False,4.750542299349241,805.0,218.0,2.124468882779305,73422.40000000001
Tunisia,1.4894720218243473,-1.4170090953407029,-1.2601014595877593,1.3832800332327635,0.13277924146152273,-0.516971696838503,-0.8129388050912311,1.9992758093761673,-0.9198943640605799,-1.4431458711673923,-0.9563522915120579,-0.6412343825095627,-0.874600431709405,-1.014459839699487,-0.6844730836982708,-0.17316240781059977,-1.8763854110289904,-0.758171825955722,-1.3709066045657834,-0.25929878350055285,1.1865311727056036,-1.7560658938919607,True,False,False,0.5046545810877021,337.68,126.5,0.04772618804118089,19101.5
Serbia,0.3756919428791887,-0.8680943014352763,0.47856906071270194,-0.1886290954408313,-0.5927903840112789,-0.4012226720926677,0.4135495855278255,0.5013928996203085,0.21367848136219245,0.02971717799186073,0.4780210783646904,-0.7960985352665886,-0.14515887065068514,-0.7860136484930804,0.22683215966665032,-0.7005606041880613,-0.10768838196931922,0.48416156189810977,-0.5424340925301872,-0.25929878350055285,0.2678789795300046,0.23454939449747242,False,False,True,1.206281227694504,677.73,104.0,0.19999285739795006,23306.4
Saudi Arabia,0.932581982351768,-0.8680943014352763,-0.39076619943752866,1.3832800332327635,-1.3183600094840806,-1.5769890813529932,-1.556265102436114,0.9460768884540793,-1.486680786771966,-1.6453035445814075,-1.847989791705712,-1.241332974443039,-0.14515887065068514,-0.5807992733415626,-1.5957783270631918,-0.5247612053955741,-0.5119619886115298,-1.5005417772342307,-1.039517599751545,-0.25929878350055285,0.7455781199813158,0.23454939449747242,False,False,False,0.39597737272155875,273.0,121.66666666666667,0.13332962973250742,26426.000000000004
Germany,-0.7380881360659699,1.009100232434687,0.9132366907878172,-1.2365685145565612,0.13277924146152273,1.1766192968110847,0.02330327942176207,-0.692232544091391,1.3472513267849648,1.0982648803230832,0.9819901002132781,1.3139255460478951,0.5842826904080348,0.36396124622391557,0.5582158845266216,0.530035187359349,1.155666638787589,1.499238842217703,0.56771907359751,-0.25929878350055285,-0.650773213645594,-1.0010049224339,False,False,True,1.6610549943883277,988.8,152.25,0.6749437546871094,52130.399999999994
South Korea,0.2364694330110439,-0.08469815737930761,-0.39076619943752866,0.33534061411703364,0.13277924146152273,-0.5778922361784162,-0.47844197128603394,0.033304490321602834,0.21367848136219245,-0.634515177511332,-0.40069413921746116,0.38474062950573706,-0.14515887065068514,-0.9292765141648947,0.22683215966665032,-1.0521594017730356,-0.6130303902720825,0.25690545436387235,0.1037744668575765,-0.25929878350055285,1.553992049975843,-0.6577953899529632,False,False,False,1.0074937552039969,536.0,91.66666666666667,0.17691627245105956,22220.0
USA,-0.5988656261978251,-0.38838173980923774,0.043901430637586634,-0.1886290954408313,0.13277924146152273,-0.2001848922709542,-0.3111935543834351,0.4779884791553732,-0.3531079413491937,-0.20132016305272818,0.37464281747267314,-0.699308439793447,-1.604041992768125,-0.31750535805282276,-0.021705633978328157,-0.8763600029805485,0.44818782716372063,-0.8642246761383654,-0.2607534384380863,3.856554922857429,-1.5326793190941685,1.8819551504059688,False,False,False,0.9345794392523367,531.3000000000001,433.0,0.4785372473394758,32561.600000000002
USA,-0.11158684165931819,-0.46228703641829144,0.043901430637586634,0.8593103236748986,-1.3183600094840806,-0.20627694620494555,0.302050640926093,-0.43478391897710283,-0.9198943640605799,-0.1435608277915812,-0.03887022609539887,-0.11856786695459783,-0.14515887065068514,-0.7976295565205248,-0.10455156519332098,0.1784363897743746,-0.8657013944234642,-0.6521189757730774,-0.6252813437337468,3.856554922857429,-1.7531558454563125,1.1268941789479079,False,False,False,1.6283716283716285,556.92,103.0,0.1952287986286367,24163.8
Wales,0.5149144527473336,-0.9305778703865669,-0.39076619943752866,0.8593103236748986,-0.5927903840112789,-0.8885869868119737,-0.5899409158877664,1.2971431954281085,-0.9198943640605799,-0.8944321861864943,-1.1243419654615872,-0.6412343825095627,-0.874600431709405,-0.9370204528498576,-0.5187812212682851,-0.17316240781059977,-0.30982518529042424,-0.5763669399283315,-0.8738230973444255,-0.25929878350055285,0.5985937690732199,-0.3145858574720261,False,False,True,0.6605399195864445,437.71,136.5,0.17332755574814174,20611.5
Honduras,0.7933594724836233,-0.6725811985876894,-0.825433829512644,1.3832800332327635,-0.5927903840112789,-1.5099764880790885,-0.8872714348257195,1.3205476158930438,-1.486680786771966,-0.8077931832947733,-1.008041421958067,-1.5897773181463508,-0.14515887065068514,-0.8092454645479692,-0.6016271524832779,-0.34896180660308695,-1.7247828085381616,-0.97027752632101,-1.022948149510834,-0.25929878350055285,-1.7899019331833363,0.8523265529631584,False,False,False,0.5653912050256996,427.7,102.0,0.07058615923061087,21603.6
Belgium,-0.9469219008681872,0.9063046835148217,1.3479043208629324,-1.2365685145565612,-0.5927903840112789,0.9694894630553802,0.4135495855278255,-0.3411662371173616,0.21367848136219245,0.9538665421702153,0.10327488263112587,1.2364934696693837,0.5842826904080348,1.1770748081450237,0.4753699533116288,0.1784363897743746,0.5492562288242734,1.0295762199802798,0.17005226782042515,-0.25929878350055285,0.34137115498405257,0.6464008334745961,False,False,True,1.6234390009606148,909.85,204.75,0.7665814909454506,69778.8
Serbia,0.2364694330110439,-0.21705582494279502,-0.825433829512644,-0.1886290954408313,1.583918492407126,-0.31593391701678913,-0.3111935543834351,-0.24754855525762037,-0.3531079413491937,-0.1435608277915812,0.1678862956886371,-0.0024197523868290886,0.5842826904080348,-0.1200349215862679,0.6410618157416145,0.1784363897743746,-0.8151671935931876,-0.8793750833073148,-0.2607534384380863,-0.25929878350055285,0.4516094181651247,-0.3832277639682135,False,False,True,1.20259019426457,539.37,121.0,0.1615322487596631,38139.2
Serbia,0.5149144527473336,0.2519068753582925,0.043901430637586634,-0.1886290954408313,0.13277924146152273,-0.3707624024227111,-0.14394513748083673,-0.8092546464160675,-0.3531079413491937,0.37627318955874356,-0.23270446526793262,-0.041135790576086254,-0.874600431709405,-0.3872008062174892,0.5582158845266216,-0.34896180660308695,-0.36035938612070084,-0.8793750833073148,0.46830237215323933,-0.25929878350055285,0.6720859445272682,0.3031913009936598,False,False,True,1.6527942925089179,622.35,207.5,0.1699943335222159,32618.999999999996
Nigeria,1.419860766890275,-1.0441232806313865,-0.39076619943752866,1.9072497427906285,-1.3183600094840806,-1.5648049734850105,-1.2217682686309166,1.554591820542397,-1.486680786771966,-1.4142662035368188,-1.3569430524686268,-1.241332974443039,-1.604041992768125,-0.6079030587389328,-1.7614701894931775,-0.17316240781059977,-1.5731802060473326,-0.5763669399283315,-1.5034622064914807,-0.25929878350055285,0.5251015936191723,-0.5891534834567758,True,False,False,0.4376012965964344,351.13,358.0,0.06278923745959397,25919.2
Ivory Coast,1.0718044922199128,-1.1482625622168712,-1.2601014595877593,1.3832800332327635,0.13277924146152273,-0.48651142716854634,-1.537681945002492,0.7588415247345969,-1.486680786771966,-1.7030628798425547,-0.8658963132315421,-0.7380244779827042,-1.604041992768125,-0.7124462309859325,-0.4359352900532923,-0.7005606041880613,-0.2592909844601481,-1.7126474775995189,-1.735434509861446,-0.25929878350055285,1.2600233481596512,-0.7264372964491506,True,False,False,0.42356055592322966,255.78,331.0,0.1394700139470014,24825.0
Germany,-0.8773106459341148,0.6563704077096579,0.043901430637586634,-0.1886290954408313,0.13277924146152273,0.25671915277839547,0.9524611511028657,-0.9496811692056791,-0.3531079413491937,0.2896341866670226,0.8786118393212601,1.2364934696693837,1.3137242514667546,1.146099053405172,0.8067536781716,1.584831580114272,1.2062008396178652,0.7568688909391943,0.3357467702275444,-0.25929878350055285,-0.20982016092130662,-0.9323630159377124,False,False,True,2.5352112676056335,751.0799999999999,162.2,0.81991800819918,69097.2
Germany,-0.3204206064615354,0.5441687301304594,0.47856906071270194,-0.1886290954408313,-0.5927903840112789,1.1217908114051627,0.20913485375798296,-0.9730855896706144,-0.3531079413491937,0.37627318955874356,1.3825808611698471,0.48153072497887855,-0.14515887065068514,-0.1200349215862679,0.5582158845266216,1.0574333837368104,0.7513930321453784,0.18115341851912656,-0.06192003554954273,-0.25929878350055285,0.4148633304381002,0.9209684594593458,False,False,True,2.0492866407263293,716.85,161.33333333333334,0.4055330259430031,39349.2
Sweden,0.16685817807697148,-0.0981354840354992,0.043901430637586634,-0.1886290954408313,0.13277924146152273,-0.33421007881876313,-0.3297767118170572,0.2205398540410853,0.7804649040735786,-0.8077931832947733,-0.5816060957784926,-0.8928886307397301,-0.874600431709405,-0.584671242684044,-1.015856808558242,0.530035187359349,-0.46142778778125315,-0.47031408974568806,-0.32703123940093254,-0.25929878350055285,-0.5772810381915461,-0.6577953899529632,False,False,True,1.0070257611241218,458.71999999999997,182.0,0.19599216031358746,27008.8
England,-1.2253669206044768,1.4081888341235778,0.9132366907878172,-0.7125988049986962,-0.5927903840112789,1.438577615972712,1.3241242997753075,-1.6518137831537378,0.7804649040735786,0.9249868745396418,0.8786118393212601,1.100987336006985,1.3137242514667546,0.9912202797059134,1.5523670591065355,2.288029175284221,0.801927232975655,0.8780721482907883,2.174955746946567,-0.25929878350055285,0.34137115498405257,0.6464008334745961,False,False,True,4.532224532224533,888.58,154.2,1.4797040591881623,65149.5
Spain,-1.2253669206044768,1.476719200070155,1.7825719509380478,-1.760538224114426,-0.5927903840112789,1.5482345867845557,0.6922969470321568,-1.4411739989693204,2.480824172207737,0.549551195342185,2.067461839579466,1.0235552596284707,1.3137242514667546,0.79762181258184,2.215134508826478,1.7606309789067591,0.6503246304848257,1.1053282558250257,0.6837052252824939,-0.25929878350055285,-0.1730740731942828,-0.9323630159377124,False,False,True,3.2224168126094574,834.72,144.2,1.4197160567886422,60636.1
France,-1.0165331558022597,1.3181587455270936,1.3479043208629324,-1.2365685145565612,-0.5927903840112789,1.1096067035371802,1.6400379761468826,-1.511387260364126,1.914037749496351,2.1090532473931587,0.46509879575318813,1.0429132787231006,0.5842826904080348,1.2622581336796161,2.215134508826478,0.0026369909818874074,1.8126112495811815,1.9689014644551284,1.5287471875588035,-0.25929878350055285,-0.6875193013726179,0.165907488001285,False,False,True,4.3438077634011085,1265.5500000000002,210.25,1.1748531433570806,70812.2
Brazil,-1.2253669206044768,1.4753754674045356,1.7825719509380478,-0.7125988049986962,-1.3183600094840806,1.3898411845007812,1.3241242997753075,-0.8326590668810029,0.7804649040735786,1.531459894781687,1.1112129263283006,0.8493330877768175,2.0431658125254746,2.497416353931204,0.8067536781716,0.530035187359349,1.1051324379573129,0.6053648192497026,2.042400145020872,-0.25929878350055285,-0.6140271259185699,0.09726558150509758,False,True,False,2.6233453670276776,978.25,193.33333333333334,1.5996800639872024,96512.0
USA,0.6541369626154784,0.038925247857655575,-0.39076619943752866,0.8593103236748986,-0.5927903840112789,-0.6388127755183296,-0.1996946097817026,0.4545840586904379,0.7804649040735786,0.4340325248198905,-0.9175854436775511,-0.15728390514385499,0.5842826904080348,0.007740066715620546,-0.5187812212682851,-0.8763600029805485,0.5492562288242734,0.5599135977428557,0.18662171806113612,3.856554922857429,-1.9368862840914323,1.0582522724517205,False,False,False,0.9847936278059379,761.72,129.25,0.21561826192931474,40326.0
Australia,-0.11158684165931819,-0.49923968472281827,-0.825433829512644,0.33534061411703364,0.8583488669343243,0.09223369656062957,-0.497025128719656,-0.15393087339787911,-0.9198943640605799,-0.1435608277915812,0.5943216218682107,0.1330863812755696,-0.874600431709405,-0.9834840849596352,-0.6016271524832779,-0.17316240781059977,-0.7646329927629114,-0.3794116467319929,-1.006378699270123,-0.25929878350055285,1.7744685763379866,-0.45186967046440096,False,False,False,1.0704727921498662,577.9799999999999,130.5,0.2047521546593019,20749.5
Belgium,-0.8076993910000424,0.4655603691917384,1.3479043208629324,-1.2365685145565612,-0.5927903840112789,0.5795980112799352,1.08254325313822,-0.5518060213017794,1.3472513267849648,0.0008375103612867341,-0.025947943483896622,0.7912590304929331,0.5842826904080348,0.8905490768013952,0.30967809088164316,0.3542357885668618,0.24605102384261515,0.9689745913044824,1.0150942300967323,-0.25929878350055285,0.708832032254292,0.6464008334745961,False,False,True,2.155625657202944,711.2599999999999,186.25,0.5726752113444232,61760.50000000001
Portugal,-1.2253669206044768,0.8680083025446754,0.043901430637586634,-1.2365685145565612,1.583918492407126,0.6344264966858572,-0.08819566517997046,-0.8560634873459382,-0.3531079413491937,1.1560242155842302,1.3438140133353405,0.6170368586412773,-0.14515887065068514,0.8131096899517659,-0.021705633978328157,-0.7005606041880613,0.14498262218206243,-0.1218547248598567,0.2528995190239848,-0.25929878350055285,0.08414854089488487,0.9896103659555332,False,False,True,1.7295980511571254,827.8199999999999,241.66666666666666,1.219756048790242,59450.0
Canada,1.0718044922199128,-0.5187238083742951,-0.39076619943752866,0.33534061411703364,0.13277924146152273,-1.570897027419002,-1.4447661578343818,2.3503421163501965,-0.3531079413491937,-0.576755842250185,-0.9305077262890533,-0.5250862679417939,-1.604041992768125,-0.7937575871780433,-1.098702739773235,-0.34896180660308695,-0.9667697960840167,-1.3035864840378921,-1.1223648509551045,3.856554922857429,-2.157362810453576,0.9896103659555332,False,False,False,0.314924691921497,441.65999999999997,310.0,0.10262887818741613,23591.0
Canada,0.8629707274176956,-0.9668586523582848,-1.6947690896628744,0.33534061411703364,2.3094881178799276,-1.4490559487391756,-1.0916861665955622,1.905658127516426,-0.3531079413491937,-0.7500338480336264,-0.6979066392820129,-1.4929872226732093,-0.874600431709405,-0.9834840849596352,-1.5957783270631918,-0.17316240781059977,-1.1183723985748455,-1.2278344481931462,-1.437184405528632,3.856554922857429,-2.120616722726552,2.36244849587928,False,False,False,0.43978010994502753,420.47999999999996,130.5,0.10285420416559528,18557.1
USA,-0.18119809659339062,-0.4985678183900078,-0.825433829512644,-0.1886290954408313,1.583918492407126,-0.535247858640477,-0.013863035445482107,-0.43478391897710283,-0.9198943640605799,-0.8366728509253468,-0.6074506610014971,-0.2927900388062537,-0.14515887065068514,-0.6698545682186363,-0.2702434276233066,0.0026369909818874074,-0.2592909844601481,0.5599135977428557,-0.4430173910859165,3.856554922857429,-2.01037845954548,0.7150427399707835,False,False,False,1.4585414585414587,517.08,114.0,0.26498675066246685,26436.6
Ecuador,-0.041975586725245775,0.25056314269267305,-0.825433829512644,-0.1886290954408313,1.583918492407126,-0.5047875889705203,0.33921695579333716,0.24394427450602063,0.21367848136219245,-0.28795916594444915,-0.4653055522749724,-0.8348145734558458,0.5842826904080348,-0.12390689092874936,0.06114029723666467,-0.7005606041880613,-0.0066199803087664795,-0.030952281846161514,-0.32703123940093254,-0.25929878350055285,0.08414854089488487,0.5091170204822221,False,True,False,1.2780790085205267,579.04,120.75,0.2636243807099677,35983.5
Egypt,0.3756919428791887,-1.440524416989038,-1.6947690896628744,0.33534061411703364,2.3094881178799276,-1.51606854201308,-0.9430209071265857,1.0865034112436907,-0.9198943640605799,-1.4431458711673923,-1.6412332699216763,-1.0864688216860132,-0.874600431709405,-0.9060446981100059,-1.430086464633206,-0.17316240781059977,-1.4215776035565035,-1.3944889270515861,-1.2217815523993774,-0.25929878350055285,1.1865311727056036,-1.6874239873957735,True,False,False,0.5814657783161721,307.44000000000005,140.5,0.10713903074890183,20569.2
Saudi Arabia,0.44530319781326116,-1.0105299639909073,-1.6947690896628744,0.33534061411703364,2.3094881178799276,-1.723198375768785,-1.2775177409317828,1.3907608772878497,-0.3531079413491937,-1.4142662035368188,-1.7446115308136945,-1.3768391081054379,-0.874600431709405,-1.1654666440562642,-1.098702739773235,-1.2279588005655229,-1.5226460052170563,-1.1975336338552474,-0.9401008983072742,-0.25929878350055285,0.8925624708894118,0.09726558150509758,False,False,False,0.43795620437956206,321.2,107.0,0.09654839488293505,15343.800000000001
Poland,-0.4596431163296803,0.21025116272409827,-0.39076619943752866,-0.7125988049986962,1.583918492407126,-0.5108796429045116,-0.3111935543834351,-0.3411662371173616,-0.3531079413491937,-0.7211541804030529,0.46509879575318813,-0.8154565543612186,-0.14515887065068514,-0.1084190135588235,-0.5187812212682851,-0.7005606041880613,0.195516823012339,-0.5763669399283315,-0.09505893603096705,-0.25929878350055285,-0.6140271259185699,0.9209684594593458,False,False,True,1.2487992315081653,466.57,162.33333333333334,0.38747578276357725,36330.2
Sweden,0.2364694330110439,-0.9722335830207611,-0.825433829512644,-0.7125988049986962,2.3094881178799276,-0.06615970572314497,-0.29261039694981306,-0.27095297572255567,-0.9198943640605799,0.3185138542975966,-0.4394609870519679,-0.11856786695459783,0.5842826904080348,-0.5459515492592294,-0.2702434276233066,-1.2279588005655229,-0.5624961894418059,-0.9551271191520606,0.20319116830184947,-0.25929878350055285,-0.650773213645594,-0.9323630159377124,False,False,True,1.223155929038282,606.48,93.5,0.1807622783739087,29246.8
Algeria,1.7679170415606371,-1.647459247494388,-1.6947690896628744,0.8593103236748986,1.583918492407126,-1.3698592475972884,-0.7014398604894986,2.2099155935605843,-1.486680786771966,-1.3853865359062452,-0.6203729436129993,-1.5897773181463508,-1.604041992768125,-0.8479651579727838,-0.7673190149132636,-0.34896180660308695,-0.30982518529042424,-0.7127206044488739,-0.8738230973444255,-0.25929878350055285,0.8925624708894118,-0.7264372964491506,True,False,False,0.5114969497888316,349.28000000000003,296.0,0.1083310764359076,20897.6
Mexico,-0.39003186139560786,-0.5872541743208726,-0.39076619943752866,0.33534061411703364,0.13277924146152273,0.2079827213064648,-0.5713577584541444,0.5716061610151144,0.7804649040735786,-0.576755842250185,0.4780210783646904,-0.25407400061699653,-0.14515887065068514,-0.6621106295336734,0.39252402209663595,0.8816339849443233,-0.30982518529042424,-0.4854644969146364,-0.04535058530882939,3.856554922857429,-2.157362810453576,0.9896103659555332,False,False,False,0.8106219426974144,496.74,114.66666666666667,0.3058643609199459,26660.0
Morocco,0.3756919428791887,-0.3138045768673735,-0.39076619943752866,-0.7125988049986962,1.583918492407126,-0.20627694620494555,0.07905275172262834,-0.5049971803719088,0.21367848136219245,0.46291219245046455,0.31003140441516186,-0.6799504206988198,-0.874600431709405,0.11615520830510165,-0.6016271524832779,-0.17316240781059977,-0.2592909844601481,0.3932591188844146,-0.9898092490294095,-0.25929878350055285,0.4148633304381002,-1.2069306419224621,True,False,False,1.5550978372811535,752.1,272.5,0.18927895432305988,41038.5
Sweden,-0.5292543712637527,-0.5516452586819651,0.47856906071270194,0.8593103236748986,-1.3183600094840806,-0.27938159341284147,-0.6456903881886323,-0.8794679078108733,0.21367848136219245,0.17411551614472867,0.23249770874614836,-0.4670122106579068,-0.874600431709405,-0.4840000397795259,-0.021705633978328157,-0.7005606041880613,-0.6635645911023587,-1.0308791549968064,0.08720501661686553,-0.25929878350055285,-0.026089722286186903,0.8523265529631584,False,False,True,1.3810110974106042,577.2800000000001,195.0,0.2999800013332445,29796.000000000004
Paraguay,1.8375282964947095,-0.6665344015924026,-0.39076619943752866,0.33534061411703364,0.13277924146152273,-0.6449048294523209,-1.2403514260645387,0.08011333125147345,-0.9198943640605799,-1.2409881977533772,-0.38777185660595886,-1.1639008980645276,-0.14515887065068514,-1.18095452142619,-0.1873974964083138,-1.0521594017730356,-0.6130303902720825,-1.1823832266862981,-1.7022956093800217,-0.25929878350055285,-0.8345036522807138,-0.04001823148727724,False,True,False,0.6552006552006553,348.39000000000004,70.0,0.09387563519111855,15288.0
Jamaica,1.5590832767584197,-1.5688508865556672,-0.39076619943752866,0.8593103236748986,-0.5927903840112789,-1.1627294138415831,-0.497025128719656,0.5247973200852438,-0.3531079413491937,-0.8077931832947733,-1.3440207698571247,-1.6865674136194924,-0.14515887065068514,-1.122874981288968,-0.1873974964083138,-0.7005606041880613,-1.6237144068776088,-1.1823832266862981,-1.0892259504736825,-0.25929878350055285,-1.5326793190941685,0.7836846464669709,False,False,False,0.8504606661941886,414.54,75.0,0.0577764938556921,15772.499999999998
France,-1.3645894304726216,2.103570488581492,1.3479043208629324,-1.760538224114426,0.13277924146152273,1.1156987574711714,1.714370605881371,-1.6284093626888025,2.480824172207737,1.0405055450619363,1.537648252507874,1.3139255460478951,1.3137242514667546,1.4945762942285041,0.22683215966665032,0.7058345861518361,1.5094060445995239,1.9082998357793308,1.744150040688058,-0.25929878350055285,-0.39355059955642635,-0.5205115769605884,False,False,True,4.867617107942974,1019.1,180.2,2.932355881372876,77125.59999999999
Spain,-1.3645894304726216,0.9150389458413459,0.47856906071270194,-0.7125988049986962,0.13277924146152273,1.5177743171145992,1.1568758828727082,-0.8326590668810029,0.21367848136219245,1.3004225537370981,1.5118036872848697,1.5268637560888083,1.3137242514667546,2.06375578757328,0.7239077469566073,0.3542357885668618,1.2062008396178652,0.9689745913044824,1.7772889411694823,-0.25929878350055285,-0.6140271259185699,0.9209684594593458,False,False,True,2.5150421179302045,973.6099999999999,209.6,2.732422525824725,90861.6
Belgium,-1.1557556656704044,0.6845887936876606,1.3479043208629324,-1.2365685145565612,-0.5927903840112789,0.3480999617882647,1.2497916700408191,-0.45818833944203813,0.21367848136219245,0.2896341866670226,0.8527672740982556,0.09437034308631245,1.3137242514667546,0.6582309162525072,0.7239077469566073,1.4090321813217848,1.155666638787589,1.3022835490213645,0.6671357750417829,-0.25929878350055285,0.4516094181651247,0.5091170204822221,False,False,True,2.1594349142280524,798.5999999999999,137.0,1.349775037493751,54320.5
Cameroon,0.7237482175495508,-0.636972282948782,-0.39076619943752866,1.3832800332327635,-1.3183600094840806,-1.0652565508977223,-0.47844197128603394,1.1567166726384968,-0.9198943640605799,-1.2409881977533772,-0.5299169653324837,-1.647851375430235,-1.604041992768125,-1.2196742148510047,-0.6016271524832779,-1.40375819935801,-1.674248607707885,-1.0460295621657558,-1.735434509861446,-0.25929878350055285,0.8925624708894118,-0.3832277639682135,True,False,False,0.7198096371207615,355.5,200.0,0.07575528014302597,14060.0
Senegal,-0.25080935152746303,-0.6235349562925905,0.043901430637586634,0.8593103236748986,-1.3183600094840806,-0.15754051473301492,0.1719685388907388,-0.15393087339787911,-0.9198943640605799,-0.576755842250185,-0.3619272913829551,-0.13792588604922779,-0.14515887065068514,-0.3600970208201189,0.39252402209663595,-0.17316240781059977,-0.05715418113904263,-0.09155391052195902,-0.24418398819737294,-0.25929878350055285,0.6353398568002444,-1.0696468289300873,True,False,False,1.3916146297948262,523.26,140.66666666666666,0.29998421135729697,32958.2
Belgium,-1.2253669206044768,0.08192469315746773,0.9132366907878172,-1.2365685145565612,0.13277924146152273,1.048686164197267,0.6922969470321568,-0.5986148622316497,-0.3531079413491937,0.693949533495053,0.6460107523142197,1.3139255460478951,1.3137242514667546,1.118995268007802,0.06114029723666467,-0.17316240781059977,0.801927232975655,1.1810802916697716,0.7665524764860535,-0.25929878350055285,-0.724265389099642,0.9896103659555332,False,False,True,1.9763694951664876,871.62,160.8,1.4797040591881623,68822.4
England,-1.0165331558022597,1.6278891249523104,0.9132366907878172,-1.2365685145565612,0.13277924146152273,1.8284690677481563,1.6028716612796383,-1.3943651580394498,0.21367848136219245,0.7517088687562004,1.7056379264574033,2.049530271643773,2.0431658125254746,1.3668013059266158,0.8067536781716,1.0574333837368104,0.5997904296545495,1.4689380278798054,2.075539045502296,-0.25929878350055285,-0.6140271259185699,-1.0010049224339,False,False,True,3.942470389170897,911.6800000000001,144.66666666666666,0.8748906386701663,77599.20000000001
Ecuador,-0.041975586725245775,-0.1619627856524092,0.043901430637586634,-0.1886290954408313,0.13277924146152273,0.48212514833607395,0.07905275172262834,0.6652238428748557,-0.3531079413491937,0.14523584851415466,-0.7625180523395241,0.404098648600367,-0.14515887065068514,-0.18585840040845286,-0.5187812212682851,0.1784363897743746,-0.10768838196931922,-0.591517347097281,-1.006378699270123,-0.25929878350055285,-0.7977575645536896,0.7150427399707835,False,True,False,1.026512576478586,609.5999999999999,155.66666666666666,0.2545338848234171,37780.3
Ecuador,0.6541369626154784,-0.49923968472281827,-0.825433829512644,0.8593103236748986,0.13277924146152273,0.06786548082466426,-0.1811114523480805,0.10351775171640876,0.7804649040735786,-0.6633948451419055,0.03866346957361463,-0.06049380967071346,-0.14515887065068514,-0.9602522689047465,-0.6016271524832779,-0.34896180660308695,0.5492562288242734,-0.6824197901109761,-0.02878113506811841,-0.25929878350055285,0.34137115498405257,0.028623675008910172,False,True,False,1.1129163281884649,469.26,89.0,0.21561826192931474,20959.5
Algeria,1.1414157471539854,-1.668958970144295,-1.2601014595877593,0.8593103236748986,0.8583488669343243,-1.6257255128249237,-0.9430209071265857,1.671613922867073,-0.3531079413491937,-0.40347783646674307,-0.9175854436775511,-0.6025183443203055,-0.14515887065068514,-1.115131042604005,-0.35308935883829945,-0.34896180660308695,-0.8657013944234642,-1.591444220247926,-0.42644794084520554,-0.25929878350055285,0.4148633304381002,-1.4128563614110239,True,False,False,0.5049973698053656,447.12,75.66666666666667,0.10512550960231788,17183.9
Japan,-0.5292543712637527,-0.5455984616866784,0.043901430637586634,0.33534061411703364,-0.5927903840112789,0.37246817752423,-0.6456903881886323,-0.13052645293294432,-0.9198943640605799,-0.20132016305272818,0.5813993392567084,0.3460245913164799,-0.874600431709405,-0.7318060776983398,0.30967809088164316,-0.17316240781059977,0.4987220279939968,-0.09155391052195902,-0.012211684827407426,-0.25929878350055285,1.7009764008839383,-1.618782080899586,False,False,False,0.9902740937223699,589.9499999999999,163.0,0.45330311312579163,26275.6
Denmark,-0.041975586725245775,0.06915923283408663,-0.39076619943752866,-0.1886290954408313,0.8583488669343243,0.055681372956681595,-0.5713577584541444,-0.6454237031615203,0.21367848136219245,-0.3457185012055961,0.2971091218036596,-0.2927900388062537,0.5842826904080348,-0.6659825988761549,0.06114029723666467,-1.2279588005655229,0.195516823012339,-0.015801874677213213,0.00435776541330591,-0.25929878350055285,-0.24656624864833046,-0.9323630159377124,False,False,True,1.2733260153677277,569.8,85.75,0.2818053724830689,26513.899999999998
France,-1.5038119403407666,1.4041576361267207,0.47856906071270194,-0.7125988049986962,0.13277924146152273,1.493406101378634,1.62145481871326,-1.1603209533900969,0.7804649040735786,1.531459894781687,0.6072439044797129,1.1203453551016123,2.0431658125254746,2.230250469299983,1.9665967151814996,-0.17316240781059977,1.9136796512417338,1.0447266271492281,0.981955329615308,-0.25929878350055285,-0.06283581001321072,0.028623675008910172,False,False,True,3.386396526772793,1029.0,181.83333333333334,9.59040959040959,92298.59999999999
Brazil,-1.1557556656704044,2.259443477793315,0.9132366907878172,-1.2365685145565612,0.13277924146152273,1.682259773332365,2.1046169119874345,-0.9262767487407438,1.3472513267849648,2.137932915023733,1.2404357524433232,1.1784194123854992,2.0431658125254746,1.2932338884194678,1.4695211278915428,1.4090321813217848,-0.30982518529042424,1.2113811060076691,1.8932750928544637,-0.25929878350055285,-0.06283581001321072,1.0582522724517205,False,True,False,3.2869785082174463,1174.04,141.5,0.8665222462922846,72080.1
Mexico,0.09724692314289907,-0.11761960768697607,0.043901430637586634,-0.7125988049986962,0.8583488669343243,-0.5047875889705203,0.1348022240234946,-0.5752104417667147,0.21367848136219245,-0.1435608277915812,-0.1293262043759146,0.2879505340325955,0.5842826904080348,-0.9176606061374503,-0.1873974964083138,-1.0521594017730356,0.3471194255031679,-0.8642246761383654,-0.7246980451780197,3.856554922857429,-1.6796636700022645,1.744671337413594,False,False,False,1.636556854410202,540.54,69.5,0.27082204908128826,22323.399999999998
Italy,-0.8076993910000424,0.24048514770052934,0.47856906071270194,-0.1886290954408313,-0.5927903840112789,0.9329371394514323,0.5807980024304243,-0.3177618166524263,1.3472513267849648,0.20299518377530215,0.6072439044797129,1.1203453551016123,0.5842826904080348,0.565303652032952,1.2209833342465641,0.7058345861518361,1.00406403629676,0.7417184837702449,1.2802054339481246,-0.25929878350055285,0.19438680407595665,0.5091170204822221,False,False,True,1.6936251189343483,732.72,165.25,0.7090264521407145,55920.6
Portugal,-1.0165331558022597,0.4312951862184489,0.9132366907878172,-0.1886290954408313,-1.3183600094840806,0.2628112067123861,0.6179643172976685,-0.6688281236264557,0.21367848136219245,0.8094682040173473,-0.01302566087239437,0.7719010113983031,-0.14515887065068514,1.2274104095972829,0.06114029723666467,-0.34896180660308695,-0.6130303902720825,0.5296127834049569,0.7996913769674778,-0.25929878350055285,-0.35680451182940254,-0.3832277639682135,False,False,True,1.997780244173141,831.0,277.3333333333333,0.574928133983252,68889.59999999999
Argentina,-1.5038119403407666,2.0444462512942496,1.7825719509380478,-1.2365685145565612,-1.3183600094840806,1.9685863082299568,1.43562324437704,-0.5049971803719088,1.3472513267849648,1.4737005595205401,2.1966846656944887,1.5075057369941782,1.3137242514667546,2.470312568533834,0.5582158845266216,1.584831580114272,1.5094060445995239,0.49931196906705916,0.7334135760046292,-0.25929878350055285,-0.35680451182940254,1.0582522724517205,False,True,False,2.306900102986612,954.96,230.6,8.791208791208794,99849.79999999999
New Zealand,1.7679170415606371,-1.6279751238429114,-0.39076619943752866,1.9072497427906285,-1.3183600094840806,-1.7841189151086982,-0.9801872219938299,1.414165297752785,-0.9198943640605799,-0.6633948451419055,-0.38777185660595886,-1.415555146294695,-0.14515887065068514,-0.8053734952054877,-1.512932395848199,-0.17316240781059977,-0.410893586950977,-0.42486286823883995,-0.4927257418080518,-0.25929878350055285,2.4358981554244172,-0.5891534834567758,False,False,False,0.5248464544946957,486.09000000000003,102.33333333333333,0.10416449657298807,21950.5
Jamaica,1.4894720218243473,-1.2275427894884012,-0.825433829512644,0.33534061411703364,0.8583488669343243,-1.2541102228514531,-0.7571893327903648,1.9758713889112314,-1.486680786771966,-0.3457185012055961,-0.7237512045050174,-1.7059254327141196,-0.874600431709405,-0.9757401462746723,-1.430086464633206,-0.5247612053955741,-1.2194408002353982,-0.47031408974568806,-1.2052121021586641,-0.25929878350055285,-1.6061714945482166,1.607387524421219,False,False,False,0.5219103889709503,536.8,131.5,0.07727097111429286,18410.0
Senegal,0.2364694330110439,0.2001731677319546,0.043901430637586634,0.33534061411703364,-0.5927903840112789,0.25671915277839547,-0.6642735456222544,-0.27095297572255567,-0.9198943640605799,-0.547876174619611,-0.15517076959891912,0.17180241946482677,-0.874600431709405,-0.34073717410771154,-0.8501649461282564,-0.5247612053955741,-0.46142778778125315,0.044799753998584296,0.5842885238382233,-0.25929878350055285,0.4883555058921485,-0.7264372964491506,True,False,False,1.0364145658263306,537.6600000000001,213.5,0.18845429021960694,34031.9
Ivory Coast,1.6983057866265647,-0.8432352471213216,-0.825433829512644,0.8593103236748986,0.13277924146152273,-1.004336011557809,-0.5341914435869002,0.4311796382255031,-1.486680786771966,-1.5586645416896867,-1.1501865306845915,-1.609135337240978,-1.604041992768125,-1.0376916557543758,-0.8501649461282564,-1.2279588005655229,-1.825851210198714,-0.44001327540778934,-0.2773228886787973,-0.25929878350055285,0.9660546463434594,-0.45186967046440096,True,False,False,0.8606856309263311,333.2,247.0,0.04680751473372908,17413.5
Honduras,1.8375282964947095,-0.8990001527445179,-0.825433829512644,0.8593103236748986,0.13277924146152273,-0.8276664474720604,-0.7200230179231206,1.03969457031382,-0.3531079413491937,-0.3745981688361696,-1.5378550090296583,-1.4736292035785794,-0.874600431709405,-0.7860136484930804,-0.5187812212682851,-0.17316240781059977,-1.6237144068776088,-1.7429482919374175,-1.1057954007143935,-0.25929878350055285,-2.1941088981806,1.1268941789479079,False,False,False,0.662170447578173,440.36,156.0,0.053060141629762664,22214.4
Austria,-0.5292543712637527,-0.40585026446228617,0.043901430637586634,0.8593103236748986,-1.3183600094840806,-0.5047875889705203,-0.7200230179231206,0.5247973200852438,0.7804649040735786,-0.05692182489986023,0.5684770566452061,-0.07985182876534067,-0.14515887065068514,-0.9292765141648947,0.6410618157416145,-1.0521594017730356,0.5492562288242734,0.5902144120807533,-0.757836945659444,-0.25929878350055285,-0.4670427750104743,0.8523265529631584,False,False,True,0.7654145995747699,669.5999999999999,91.66666666666667,0.4599693353776415,21560.0
Netherlands,-0.8076993910000424,0.32110910763767886,1.3479043208629324,-0.7125988049986962,-1.3183600094840806,0.6709788202898052,0.32063379835971506,-0.24754855525762037,1.3472513267849648,0.6650698658644795,0.6072439044797129,0.09437034308631245,-0.14515887065068514,0.12777111633254604,0.8895996093865929,-0.5247612053955741,0.3471194255031679,1.2719827346834656,0.07063556637615219,-0.25929878350055285,-0.43029668728345016,0.3031913009936598,False,False,True,1.517113783533765,874.3499999999999,182.66666666666666,0.5908553767839287,43456.4
Brazil,-1.2253669206044768,2.1358200725563514,0.47856906071270194,-1.760538224114426,1.583918492407126,1.8589293374181128,0.803795891633889,-1.7922403059433498,0.21367848136219245,1.1849038832148042,0.9819901002132781,1.5462217751834355,2.0431658125254746,1.3668013059266158,1.6352129903215284,2.1122297764917333,1.4588718437692467,1.5295396565556019,1.213927632985276,-0.25929878350055285,-1.1284723540969053,-0.2459439509758387,False,True,False,4.513064133016627,1010.6,144.66666666666666,1.7396520695860824,75342.4
Cameroon,1.2806382570221302,-0.6618313372627352,-1.6947690896628744,1.3832800332327635,0.8583488669343243,-1.1688214677755744,-0.8686882773920974,1.6014006614722676,-0.9198943640605799,-1.6453035445814075,-0.6849843566705106,-0.718666458888077,-0.874600431709405,-0.7627818324381915,-0.8501649461282564,-1.40375819935801,-1.5731802060473326,-1.3035864840378921,-0.8572536471037145,-0.25929878350055285,1.1497850849785791,-1.1382887354262747,True,False,False,0.5344735435595938,281.45,159.0,0.06585205238896613,23881.8
Switzerland,-0.041975586725245775,0.0987213514777072,-0.825433829512644,-0.1886290954408313,1.583918492407126,-0.6022604519143816,-0.6828567030558765,0.688628263339791,-0.3531079413491937,0.0008375103612867341,-0.3360827261599506,-0.6799504206988198,0.5842826904080348,-0.18973036975093432,-0.7673190149132636,-0.8763600029805485,-0.6635645911023587,-0.8945254904762642,-0.5590035427709005,-0.25929878350055285,0.19438680407595665,-0.6577953899529632,False,False,True,0.7427413909520595,561.1999999999999,116.5,0.20453615744738873,35089.799999999996
Sweden,0.09724692314289907,0.31774977597363097,0.47856906071270194,0.33534061411703364,-1.3183600094840806,-0.6875492069902602,-0.10677882261359255,-0.17733529386281444,0.7804649040735786,-0.8655525185559209,0.3229536870266641,-0.1766419242384822,0.5842826904080348,0.09292339225021284,0.06114029723666467,-0.34896180660308695,0.39765362633344403,-0.4551636825767387,0.00435776541330591,-0.25929878350055285,-0.2833123363753546,0.165907488001285,False,False,True,1.269126912691269,449.87999999999994,134.75,0.2749885421440773,41988.100000000006
Paraguay,1.6983057866265647,-1.3236196750801708,-1.6947690896628744,1.9072497427906285,0.13277924146152273,-0.9677836879538609,-1.6491808896042246,2.139702332165779,-0.9198943640605799,-0.8077931832947733,-0.7625180523395241,-1.6865674136194924,-1.604041992768125,-0.8518371273152653,-0.8501649461282564,-0.17316240781059977,-1.7753170093684378,-0.7733222331246713,-1.3543371543250724,-0.25929878350055285,0.12089462862190901,1.264177991940283,False,True,False,0.2760590195145169,439.92,295.0,0.048935129039807665,20679.5
Spain,-1.0165331558022597,1.0225375590908785,1.7825719509380478,-0.7125988049986962,-1.3183600094840806,1.7127200430023217,1.9745348099520794,-0.5518060213017794,0.7804649040735786,1.9646549092402907,1.8090161873494213,1.662369889751207,2.0431658125254746,1.4132649380363933,1.0552914718165787,1.0574333837368104,1.7115428479206283,0.9689745913044824,1.097941481300292,-0.25929878350055285,-0.7610114768266658,-0.7264372964491506,False,False,True,2.6603575184016823,1107.7,146.66666666666666,1.149856267966504,76912.0
Australia,0.584525707681406,-0.34471042817661507,-0.39076619943752866,0.33534061411703364,0.13277924146152273,-0.34030213275275445,-0.44127565641878974,0.009900069856667524,0.7804649040735786,0.20299518377530215,-0.5816060957784926,-0.09920984785997063,-0.874600431709405,-0.7860136484930804,-0.6844730836982708,-1.2279588005655229,0.14498262218206243,-0.9551271191520606,-0.9401008983072742,-0.25929878350055285,2.1786755413352497,0.165907488001285,False,False,False,1.0327455919395467,588.24,156.0,0.1967678461985097,24429.6
Poland,-0.39003186139560786,0.34731189461725154,0.043901430637586634,0.33534061411703364,-0.5927903840112789,0.48212514833607395,-0.06961250774634838,0.38437079729563245,0.7804649040735786,-0.6056355098807585,-0.7754403349510264,0.05565430489705528,-0.14515887065068514,-0.6853424455885622,-0.6844730836982708,-0.7005606041880613,-0.8657013944234642,0.5599135977428557,-0.774406395900155,-0.25929878350055285,-0.5037888627374981,0.165907488001285,False,False,True,1.0584752035529237,561.56,112.66666666666667,0.24116228457149574,26735.8
Denmark,-0.11158684165931819,-0.7088619805594057,0.043901430637586634,0.33534061411703364,-0.5927903840112789,-0.24282926980889352,0.004720121988139982,0.4311796382255031,0.21367848136219245,-0.4612371717278905,0.2454199913576506,0.19116043855945397,-0.14515887065068514,-0.7976295565205248,-0.6016271524832779,-0.7005606041880613,-0.5624961894418059,-1.0460295621657558,-0.5092951920487652,-0.25929878350055285,-0.4670427750104743,-0.45186967046440096,False,False,True,1.0722100656455142,477.0,103.0,0.22379886672063234,24658.2
Argentina,-1.0165331558022597,0.9728194504629707,0.9132366907878172,-1.2365685145565612,0.13277924146152273,1.755364420540261,1.6772042910141267,-0.8326590668810029,0.21367848136219245,1.4737005595205401,1.589337382953883,2.1076043289276574,0.5842826904080348,1.7114065774074665,1.8837507839665069,-0.34896180660308695,1.7115428479206283,2.1052551289756694,0.8659691779303265,-0.25929878350055285,-0.20982016092130662,-0.17730204447965206,False,True,False,2.851985559566787,1138.34,239.25,1.149856267966504,85842.90000000001
Croatia,-1.0165331558022597,0.48370076017759733,0.9132366907878172,-0.1886290954408313,-1.3183600094840806,0.3846522853922127,1.119709568005464,-1.1369165329251616,-0.3531079413491937,0.14523584851415466,0.6718553175372242,1.1203453551016123,1.3137242514667546,1.146099053405172,0.6410618157416145,1.7606309789067591,1.0545982371270366,1.2568323275145172,-0.04535058530882939,-0.25929878350055285,-0.724265389099642,-0.6577953899529632,False,False,True,2.9529243937232525,764.54,162.2,0.9873765779277591,68610.59999999999
Italy,-0.3204206064615354,0.3251403056345357,0.47856906071270194,-0.1886290954408313,-0.5927903840112789,0.9512133012534063,0.24630116862522713,-0.3879750780472322,1.3472513267849648,1.1271445479536573,1.3438140133353405,0.2879505340325955,0.5842826904080348,-0.10067507487386056,0.30967809088164316,0.0026369909818874074,0.7008588313151023,1.1356290701629232,1.4127610358738194,-0.25929878350055285,0.4148633304381002,0.5777589269784095,False,False,True,1.567091087169442,956.34,122.25,0.3999777790122771,39266.7
Austria,-0.041975586725245775,-0.09007308804178393,-0.825433829512644,0.33534061411703364,0.8583488669343243,-0.3768544563567024,-0.14394513748083673,-0.3879750780472322,0.7804649040735786,-0.634515177511332,-0.025947943483896622,0.21051845765408395,-0.874600431709405,-0.6040310893964513,-0.5187812212682851,0.530035187359349,-0.6635645911023587,0.5599135977428557,0.21976061854256046,-0.25929878350055285,-0.1363279854672587,-0.795079202945338,False,False,True,1.3614103819784524,556.0,179.5,0.20453615744738873,28684.100000000002
Wales,0.7933594724836233,-0.7673143515138394,-1.2601014595877593,1.9072497427906285,-0.5927903840112789,-1.0104280654918003,-1.4447661578343818,1.1333122521735612,-1.486680786771966,-0.9810711890782148,-1.4861658785836493,-1.647851375430235,-0.874600431709405,-0.8015015258630063,-0.8501649461282564,-1.5795575981504972,-1.168906599405122,-0.97027752632101,-1.7022956093800217,-0.25929878350055285,0.4516094181651247,-0.8637211094415254,False,False,True,0.4129263913824058,400.40000000000003,154.0,0.10293814887797419,21652.399999999998
Italy,-1.2253669206044768,0.42457652289035314,0.043901430637586634,-0.1886290954408313,0.13277924146152273,0.9877656248573542,0.6179643172976685,-0.6454237031615203,0.21367848136219245,0.7228292011256264,0.6976998827602287,0.22987647674871114,0.5842826904080348,0.37170518490887855,0.5582158845266216,1.2332327825292977,-0.15822258279959536,0.8326209267839401,0.6339968745603586,-0.25929878350055285,0.4148633304381002,0.09726558150509758,False,False,True,1.9758507135016465,843.78,152.75,1.0997800439912018,48880.0
Ecuador,0.30608068794511634,-4.2999445299712854e-05,0.47856906071270194,0.8593103236748986,-1.3183600094840806,0.47603309440208263,-0.8501051199584753,-0.4815927599069735,-0.3531079413491937,-0.8944321861864943,0.18080857830013938,-0.09920984785997063,-0.14515887065068514,-0.10454704421634202,0.30967809088164316,-1.0521594017730356,-0.2592909844601481,0.0599501611675326,0.13691336733900084,-0.25929878350055285,-0.20982016092130662,-0.10866013798346465,False,True,False,1.0295616717635065,475.92999999999995,162.66666666666666,0.19628902633235804,38210.4
Belgium,-1.086144410736332,0.2707191326769604,1.3479043208629324,-0.7125988049986962,-1.3183600094840806,1.030410002395293,0.803795891633889,-0.3645706575822969,-0.3531079413491937,0.7517088687562004,0.09035260001962363,1.2752095078586407,0.5842826904080348,-0.0348515960516756,-0.021705633978328157,1.0574333837368104,-0.10768838196931922,-0.0006514675082638339,1.0150942300967323,-0.25929878350055285,-0.39355059955642635,-0.2459439509758387,False,False,True,1.842870999030068,768.12,126.5,0.7998857306099127,43212.4
Algeria,1.8375282964947095,-1.087794592264009,-1.2601014595877593,0.8593103236748986,0.8583488669343243,-1.7353824836367677,-1.4075998429671375,0.15032659264627937,-1.486680786771966,-1.0677101919699357,-1.3310984872456224,-0.6605924016041899,-0.874600431709405,-1.088027257206635,-0.5187812212682851,-1.2279588005655229,-1.3205092018959508,-0.924826304814163,-1.022948149510834,-0.25929878350055285,0.19438680407595665,-1.3442144549148365,True,False,False,0.5675459632294165,389.29999999999995,117.0,0.06530478969816943,17643.600000000002
Costa Rica,1.6983057866265647,-0.4152563931216209,-1.6947690896628744,0.8593103236748986,1.583918492407126,-1.2662943307194356,-0.775772490223987,1.2971431954281085,-0.9198943640605799,-0.8077931832947733,-1.4344767481376404,-1.047752783496756,-0.874600431709405,-0.7898856178355619,-1.2643946022032206,-0.8763600029805485,-1.2699750010656747,-1.2126840410241968,-1.619448358176462,-0.25929878350055285,-2.047124547272504,1.470103711428845,False,False,False,0.6031016657093625,412.66,155.5,0.07021127210059361,22827.4
Morocco,0.027635668208826642,0.381577077590541,-0.825433829512644,-0.1886290954408313,1.583918492407126,-0.1148961371950756,-0.6828567030558765,0.2673486949709559,-0.9198943640605799,-0.5189965069890375,0.5038656435876949,0.42345666769499424,0.5842826904080348,-0.023235688024231198,-0.1873974964083138,0.7058345861518361,-0.20875678362987152,-0.3642612395630435,-0.2938923389195082,-0.25929878350055285,1.3335155236136988,-1.2755725484186495,True,False,False,0.8455034588777864,514.8000000000001,127.25,0.23477240119994783,41229.0
USA,0.8629707274176956,-0.5899416396521114,0.47856906071270194,0.8593103236748986,-1.3183600094840806,-0.10271202932709295,-0.45985881385241184,-0.20073971432774973,-0.9198943640605799,-0.9233118538170678,-0.11640392176441236,-0.3702221151847653,-0.14515887065068514,-0.6543666908487105,-0.2702434276233066,-1.2279588005655229,0.4987220279939968,-0.3945620539009423,-0.37673959012306785,3.856554922857429,-2.2676010736346477,1.1268941789479079,False,False,False,1.1080835603996366,443.7,115.33333333333333,0.19428016342390217,26607.4
Italy,-0.8773106459341148,0.3405932312891557,0.47856906071270194,-0.1886290954408313,-0.5927903840112789,0.9877656248573542,0.35780011322695926,-0.692232544091391,-0.3531079413491937,0.693949533495053,-0.05179250870690112,0.3073085531272255,0.5842826904080348,1.1267392066927648,1.3866751966765498,1.2332327825292977,0.04391422052151012,0.7871697052770931,0.965385879374597,-0.25929878350055285,-0.5405349504645223,0.7836846464669709,False,False,True,1.8630751964085297,833.66,201.5,0.5899410058994101,64802.4
Italy,-0.6684768811318975,0.05437817351227559,0.47856906071270194,-0.7125988049986962,0.13277924146152273,0.18970655950449083,-0.10677882261359255,-0.8326590668810029,0.7804649040735786,0.636190198233906,0.7364667305947353,0.6944689350197916,0.5842826904080348,1.0183240651032837,1.1381374030315714,-0.7005606041880613,1.1051324379573129,1.1810802916697716,0.7831219267267668,-0.25929878350055285,0.08414854089488487,0.09726558150509758,False,False,True,1.6967509025270757,859.6800000000001,194.5,0.6153372817475579,64107.200000000004
New Zealand,1.7679170415606371,-0.4683338334135767,-1.6947690896628744,1.3832800332327635,0.8583488669343243,-1.8572235623165942,-1.5934314173033581,0.9460768884540793,-0.9198943640605799,-0.9233118538170678,-1.2277202263536044,-0.5638023061310483,-0.14515887065068514,-0.6659825988761549,-0.6844730836982708,-1.5795575981504972,-0.6130303902720825,-0.34911083239409413,-0.5424340925301872,-0.25929878350055285,2.3991520676973934,-1.2755725484186495,False,False,False,0.3834066624764299,446.40000000000003,114.33333333333333,0.09583133684714902,26033.7
Colombia,-0.7380881360659699,0.11417427713232875,0.043901430637586634,-0.1886290954408313,0.13277924146152273,0.48821720227006526,0.24630116862522713,-0.5284016008368441,1.3472513267849648,0.7517088687562004,1.3825808611698471,0.17180241946482677,-0.14515887065068514,0.7085665177047662,0.14398622845165748,1.2332327825292977,0.14498262218206243,0.3175070830396688,0.9322469788931727,-0.25929878350055285,-0.35680451182940254,0.3718332074898472,False,True,False,1.664932362122789,799.2,232.66666666666666,0.5082909757520206,55630.6
Japan,-0.11158684165931819,-0.24258674558955873,0.47856906071270194,0.33534061411703364,-1.3183600094840806,-0.5474319665084596,0.2834674834924713,-0.8326590668810029,0.21367848136219245,0.20299518377530215,0.28418683919215737,0.3266665722218527,-0.874600431709405,-0.352353082135156,0.5582158845266216,-0.8763600029805485,-0.20875678362987152,0.27205586153282174,-0.9235314480665633,-0.25929878350055285,0.4883555058921485,-0.2459439509758387,False,False,False,1.9494584837545128,692.73,212.0,0.25713061282796057,34132.0
Honduras,1.7679170415606371,-0.7478302278623625,-1.6947690896628744,0.33534061411703364,2.3094881178799276,-0.9555995800858783,-0.9616040645602079,0.8758636270592735,-0.9198943640605799,-0.5189965069890375,-1.512010443806654,-0.5444442870364211,-0.874600431709405,-1.1073871039190422,-1.3472405334182134,-1.5795575981504972,-0.6635645911023587,-1.5308425915721295,-0.45958684132662747,-0.25929878350055285,-1.7164097577292883,1.264177991940283,False,False,False,0.6085842408712364,434.71999999999997,114.5,0.09374804691568926,17404.0
Sweden,-0.7380881360659699,-0.3588196211656156,0.47856906071270194,0.33534061411703364,-1.3183600094840806,0.04349726508869894,-0.3855261841179235,0.2907531154358912,-0.9198943640605799,-0.40347783646674307,0.18080857830013938,-0.42829617246865237,-0.14515887065068514,-0.7511659244107471,-0.2702434276233066,-0.7005606041880613,-0.7646329927629114,-0.9854279334899594,0.551149623356799,-0.25929878350055285,0.708832032254292,0.028623675008910172,False,False,True,0.9610983981693364,490.32,107.0,0.3583034747104408,24588.6
Morocco,0.584525707681406,-0.40316279913104724,0.47856906071270194,0.33534061411703364,-1.3183600094840806,-0.12708024506305826,-0.27402723951619096,0.15032659264627937,0.21367848136219245,-0.7211541804030529,-0.23270446526793262,-0.8154565543612186,-0.14515887065068514,-0.4568962543821556,0.39252402209663595,-0.8763600029805485,0.14498262218206243,-0.18245635353565315,-0.8572536471037145,-0.25929878350055285,1.3702616113407233,-0.5891534834567758,True,False,False,1.0551558752997603,491.78999999999996,132.33333333333334,0.1967678461985097,29616.199999999997
Colombia,-1.2253669206044768,0.6395737493894185,0.043901430637586634,-0.7125988049986962,0.8583488669343243,1.1339749192731454,-0.013863035445482107,-0.08371761200307372,0.7804649040735786,1.2426632184759512,-0.11640392176441236,1.1977774314801264,0.5842826904080348,0.7550301498145439,1.4695211278915428,-0.34896180660308695,1.155666638787589,-0.015801874677213213,0.9322469788931727,-0.25929878350055285,-0.3200584241023784,1.0582522724517205,False,True,False,1.2684622067767162,854.6999999999999,177.5,1.6196760647870425,60350.0
Spain,-1.2253669206044768,1.8287771584623735,1.3479043208629324,-1.2365685145565612,-0.5927903840112789,1.38374913056679,2.4019474309253868,-1.183725373855032,2.480824172207737,1.733617568195702,0.5943216218682107,1.6042958324673198,2.0431658125254746,1.7036626387225036,0.8067536781716,1.7606309789067591,1.00406403629676,1.0295762199802798,1.230497083225987,-0.25929878350055285,-0.650773213645594,0.23454939449747242,False,False,True,4.0528634361233475,1068.34,159.16666666666666,1.5596880623875224,83180.5
Croatia,-0.6684768811318975,0.13768959878066403,0.47856906071270194,-0.1886290954408313,-0.5927903840112789,0.6161503348838832,1.3241242997753075,-0.3411662371173616,0.21367848136219245,0.8094682040173473,0.03866346957361463,0.3073085531272255,1.3137242514667546,0.8866771074589137,-0.021705633978328157,1.4090321813217848,0.5492562288242734,0.49931196906705916,1.081372031059581,-0.25929878350055285,0.5251015936191723,-0.45186967046440096,False,False,True,2.0941402497598465,828.0,148.8,0.5307284055072687,59817.600000000006
Cameroon,1.5590832767584197,-0.6060664316395404,-0.825433829512644,0.33534061411703364,0.8583488669343243,-1.1627294138415831,-0.5341914435869002,1.5311874000774617,-0.3531079413491937,-0.8944321861864943,-1.0984974002385826,-0.8928886307397301,-0.14515887065068514,-0.6930863842735251,-1.1815486709882277,-0.5247612053955741,-1.017303996914293,-0.7278710116178232,-0.5258646422894762,-0.25929878350055285,0.8925624708894118,-0.7264372964491506,True,False,False,0.6409560021727322,428.61,112.0,0.0844425679429346,24931.2
Poland,-0.4596431163296803,-0.21168089428031717,-0.39076619943752866,0.33534061411703364,0.13277924146152273,-0.13926435293104092,-0.3483598692506793,-0.29435739618749096,-0.9198943640605799,-0.7500338480336264,-0.6720620740590084,-0.06049380967071346,-0.874600431709405,-0.061955381449045874,-0.7673190149132636,0.3542357885668618,-0.05715418113904263,0.25690545436387235,0.551149623356799,-0.25929878350055285,-0.4670427750104743,0.8523265529631584,False,False,True,1.2064090480678606,514.56,249.5,0.35622773576651456,39171.5
Tunisia,1.0021932372858404,-1.4841957286216607,-1.6947690896628744,0.33534061411703364,2.3094881178799276,-0.7180094766602165,-1.4075998429671375,1.3907608772878497,-1.486680786771966,-0.7211541804030529,-1.8221452264827076,-0.9316046689289873,-0.874600431709405,-0.526591702546822,-0.35308935883829945,-0.8763600029805485,-0.46142778778125315,-0.6975701972799255,-1.5697400074543268,-0.25929878350055285,0.30462506725702876,-1.3442144549148365,True,False,False,0.39865244244806286,458.80999999999995,189.5,0.13242885327423584,28046.0
Germany,-0.5292543712637527,0.3318589689626315,1.3479043208629324,-0.7125988049986962,-1.3183600094840806,0.3663761235902387,0.803795891633889,-1.2071297943199673,0.21367848136219245,1.3293022213676722,0.4909433609761926,0.3266665722218527,0.5842826904080348,-3.871969342389908e-06,0.5582158845266216,1.4090321813217848,0.9029956346362074,1.3628851776971609,1.4127610358738194,-0.25929878350055285,-0.1730740731942828,-0.3145858574720261,False,False,True,2.831594634873323,1023.12,128.75,0.5066328911405906,41457.5
Morocco,-0.18119809659339062,0.14709572743999721,-0.825433829512644,0.8593103236748986,0.13277924146152273,-0.06006765178915365,-0.5156082861532781,0.4077752177605678,0.21367848136219245,-0.6056355098807585,-0.6591397914475061,-0.44765419156327957,-0.874600431709405,-0.5885432120265255,-0.4359352900532923,0.8816339849443233,-0.20875678362987152,-0.33396042522514474,-0.9401008983072742,-0.25929878350055285,0.5985937690732199,-0.7264372964491506,True,False,False,0.8743570903747244,501.97,181.5,0.26998650067496627,27769.5
Egypt,1.4894720218243473,-0.6006915009770641,-1.6947690896628744,1.3832800332327635,0.8583488669343243,-1.2358340610494791,-0.5899409158877664,2.1865111730956497,-0.9198943640605799,-1.5586645416896867,-1.0597305524040759,-1.5897773181463508,-0.874600431709405,-0.5614394266291552,-0.35308935883829945,-1.2279588005655229,-0.7140987919326348,-0.4551636825767387,-0.7909758461408659,-0.25929878350055285,0.5618476813461961,-1.0010049224339,True,False,False,0.5421970768505422,332.52,185.0,0.099997727324379,26121.999999999996
Mexico,0.027635668208826642,0.020112990538987664,0.043901430637586634,-0.1886290954408313,0.13277924146152273,-0.1758166765349889,-0.8501051199584753,-0.6454237031615203,0.7804649040735786,-0.49011683935846406,0.3229536870266641,-0.27343201971162373,-0.874600431709405,-0.8866848513975986,0.22683215966665032,0.7058345861518361,-0.410893586950977,-0.16730594636670484,0.2528995190239848,3.856554922857429,-2.0838706349995277,1.8819551504059688,False,False,False,1.1086717892425906,533.4,143.0,0.21738185296291465,22136.4
Ecuador,-0.6684768811318975,-0.12501013734788236,0.043901430637586634,-0.1886290954408313,0.13277924146152273,-0.6631809912542949,-0.3669430266843014,0.5716061610151144,0.21367848136219245,-0.8077931832947733,-0.4136164218289634,-0.38958013427939525,-0.874600431709405,-0.5304636718893034,0.6410618157416145,-1.2279588005655229,-0.20875678362987152,-0.758171825955722,-0.012211684827407426,-0.25929878350055285,0.2311328918029808,-0.10866013798346465,False,True,False,0.8874912648497555,440.86,189.0,0.4153526651796016,29030.399999999998
Argentina,-1.2949781755385492,2.1761320525249266,1.7825719509380478,-0.7125988049986962,-1.3183600094840806,1.8284690677481563,2.0488674396865676,-1.4645784194342555,0.21367848136219245,1.87801590634857,0.6847776001487264,0.8686911068714447,2.0431658125254746,1.6649429452976887,2.2979804400414707,1.2332327825292977,1.8631454504114577,1.2113811060076691,0.6837052252824939,-0.25929878350055285,-1.0549801786428574,0.8523265529631584,False,True,False,4.5811051693404625,1120.1299999999999,157.5,2.3744063984004,78718.5
China,1.0021932372858404,-0.9023594844085658,-1.2601014595877593,1.9072497427906285,-0.5927903840112789,-0.5961683979803902,-0.7386061753567428,1.9290625479813608,-1.486680786771966,-1.1832288624922302,-1.4861658785836493,-1.047752783496756,-1.604041992768125,-0.6543666908487105,-1.5957783270631918,-1.0521594017730356,-0.36035938612070084,-0.6521189757730774,-0.2938923389195082,-0.25929878350055285,0.5251015936191723,0.3031913009936598,False,False,False,0.5320735952262557,385.56,346.0,0.13783411259155157,25396.4
Serbia,-0.5292543712637527,-0.3682257498249503,0.043901430637586634,-0.7125988049986962,0.8583488669343243,-0.24282926980889352,-0.3111935543834351,-0.6688281236264557,0.21367848136219245,-0.8655525185559209,-0.6979066392820129,0.01693826670780087,0.5842826904080348,-0.3988167142449336,-0.5187812212682851,0.1784363897743746,-0.6635645911023587,-0.31881001805619646,-0.2607534384380863,-0.25929878350055285,-0.5405349504645223,0.5091170204822221,False,False,True,1.4428412874583796,458.1599999999999,103.0,0.2999800013332445,32506.800000000003
Portugal,-0.4596431163296803,0.055721906177895054,0.9132366907878172,-0.1886290954408313,-1.3183600094840806,1.085238487801215,-0.10677882261359255,-0.5986148622316497,1.3472513267849648,0.9538665421702153,1.2921248828893315,0.36538261041110986,-0.14515887065068514,0.8208536286367288,-0.10455156519332098,1.0574333837368104,0.801927232975655,0.43871034039126167,0.9985247798560213,-0.25929878350055285,0.5251015936191723,-0.45186967046440096,False,False,True,1.5145005370569278,849.4,242.33333333333334,0.4624710955565277,58668.9
England,-1.1557556656704044,1.5512963630120178,1.3479043208629324,-1.2365685145565612,-0.5927903840112789,1.7980087980781996,2.0117011248193237,-1.5581961012939967,0.21367848136219245,1.0693852126925099,2.2742183613635025,1.2171354505747536,2.0431658125254746,0.8363415060066547,2.1322885776114853,-0.17316240781059977,0.953529835466484,0.999275405642381,1.744150040688058,-0.25929878350055285,0.5985937690732199,0.7150427399707835,False,False,True,4.894433781190019,930.15,121.83333333333333,1.283119480086652,62208.1
Morocco,-0.6684768811318975,-0.68669039157669,0.47856906071270194,0.8593103236748986,-1.3183600094840806,-0.13926435293104092,0.24630116862522713,-0.10712203246800903,-0.3531079413491937,0.02971717799186073,-0.07763707392990561,0.2685925149379683,0.5842826904080348,-0.956380299562265,-0.4359352900532923,0.530035187359349,0.3471194255031679,-0.8187734546315184,0.5180107228753746,-0.25929878350055285,0.19438680407595665,-0.7264372964491506,True,False,False,1.4022787028922001,571.95,67.0,0.4999615414198908,21493.600000000002
Morocco,-0.25080935152746303,-0.9735773156863806,0.043901430637586634,-0.7125988049986962,0.8583488669343243,-0.22455310800691952,-0.29261039694981306,-0.7624458054861969,-0.9198943640605799,-0.634515177511332,-0.5945283783899948,0.3073085531272255,-0.874600431709405,-0.17037052303852698,0.6410618157416145,0.530035187359349,0.24605102384261515,0.5902144120807533,-0.32703123940093254,-0.25929878350055285,1.0395468217975077,-0.5205115769605884,True,False,False,1.521486643437863,558.0,235.5,0.3315614967633282,37868.4
Argentina,-1.086144410736332,1.8281052921295646,0.9132366907878172,-0.7125988049986962,-0.5927903840112789,1.901573714956052,1.2683748274744409,-0.7624458054861969,2.480824172207737,0.7228292011256264,2.248373796140498,1.5849378133726926,0.5842826904080348,2.629063311575574,0.8895996093865929,2.288029175284221,1.256735040448142,1.423486806372957,1.1476498320224273,-0.25929878350055285,-0.39355059955642635,0.028623675008910172,False,True,False,2.497096399535424,901.1099999999999,298.5,1.185544922153978,103878.0
Honduras,1.5590832767584197,-0.89564082108047,-1.2601014595877593,1.9072497427906285,-0.5927903840112789,-0.803298231736095,-1.51909878756887,0.10351775171640876,-0.3531079413491937,-1.674183212211981,-1.8738343569287166,-1.0090367453075015,-0.874600431709405,-0.898300759425043,-1.430086464633206,-0.5247612053955741,-0.30982518529042424,-0.7127206044488739,-0.40987849060449216,-0.25929878350055285,-1.5326793190941685,2.0192389633983434,False,False,False,0.528025995125914,302.08000000000004,141.5,0.1155529877113842,20828.8
Paraguay,1.6983057866265647,-0.6436909462768778,-1.2601014595877593,1.9072497427906285,-0.5927903840112789,-1.2906625464554011,-1.1846019537636727,1.2035255135683673,-1.486680786771966,-1.5875442093202603,-1.8867566395402187,-1.6284933563356052,-0.874600431709405,-0.5962871507114884,-1.7614701894931775,-0.34896180660308695,-1.7247828085381616,-0.5460661255904339,-0.8241147466222902,-0.25929878350055285,-0.3200584241023784,0.9209684594593458,False,True,False,0.48794826572604355,323.61,180.5,0.05106274334588626,25414.4
Switzerland,0.8629707274176956,0.26534420201448405,0.043901430637586634,-0.1886290954408313,0.13277924146152273,-0.49260348110253765,0.33921695579333716,-0.7390413850212616,-0.9198943640605799,-0.8944321861864943,-0.4394609870519679,0.1330863812755696,-0.14515887065068514,-0.15101067632611964,-0.021705633978328157,-0.17316240781059977,0.24605102384261515,0.09025097550543136,0.6008579740789343,-0.25929878350055285,0.08414854089488487,-0.5891534834567758,False,False,True,1.8943742824339838,477.75,158.66666666666666,0.17999485728979173,37842.0
Argentina,-1.1557556656704044,0.9338512031600154,0.47856906071270194,-1.2365685145565612,0.8583488669343243,0.8659245461775277,1.3612906146425516,-0.45818833944203813,1.3472513267849648,0.7228292011256264,0.4909433609761926,1.8365920616028601,2.0431658125254746,0.9641164943085431,2.2979804400414707,-0.34896180660308695,1.7115428479206283,2.3931128651857043,1.6778722397252093,-0.25929878350055285,-0.5037888627374981,-0.10866013798346465,False,True,False,2.219979818365288,995.1899999999999,127.33333333333333,1.5330778203632727,67461.2
Jamaica,0.5149144527473336,-0.4024909327982383,-1.6947690896628744,1.3832800332327635,0.8583488669343243,-1.6561857824948805,-0.5713577584541444,0.8758636270592735,-0.3531079413491937,-0.9810711890782148,-0.5428392479439859,-1.3187650508215534,-0.874600431709405,-0.7550378937532286,-0.4359352900532923,-0.34896180660308695,-0.7140987919326348,-1.3035864840378921,-1.7685734103428703,-0.25929878350055285,-2.3410932490886953,1.9505970569021562,False,False,False,0.7431133888532991,381.04,160.0,0.14666177794073532,23040.0
Denmark,0.09724692314289907,0.02414418853584453,0.043901430637586634,-0.7125988049986962,0.8583488669343243,-0.3037498091488068,-0.5713577584541444,0.4077752177605678,0.7804649040735786,0.14523584851415466,-0.4394609870519679,-0.7960985352665886,-0.874600431709405,-0.6775985069035992,-1.015856808558242,0.7058345861518361,-0.7140987919326348,-0.5157653112525351,-0.42644794084520554,-0.25929878350055285,-0.724265389099642,-0.795079202945338,False,False,True,0.8523144746509919,615.9499999999999,170.0,0.18332569476271823,25398.0
Ghana,1.9071395514287819,-1.6461155148287687,-0.825433829512644,0.8593103236748986,0.13277924146152273,-1.686646052164837,-1.7049303619050906,1.6014006614722676,-0.3531079413491937,-1.3853865359062452,-0.7237512045050174,-0.5444442870364211,-0.874600431709405,-1.0067159010145241,-1.1815486709882277,-0.8763600029805485,-0.9162355952537403,-0.3036596108872471,-1.5531705572136159,-0.25929878350055285,0.6720859445272682,-1.8933497068843355,True,False,False,0.2939604489577766,369.26,127.5,0.07999840003199936,19380.0
Japan,0.7237482175495508,0.09536201981365931,0.043901430637586634,0.33534061411703364,-0.5927903840112789,-0.06615970572314497,0.02330327942176207,-0.5049971803719088,-0.3531079413491937,0.11635618088358118,0.5426324914222016,-0.5831603252256783,-0.874600431709405,-0.9602522689047465,-0.9330108773432493,-0.34896180660308695,-0.7646329927629114,-0.3794116467319929,-0.06192003554954273,-0.25929878350055285,0.8190702954353641,-1.9619916133805229,False,False,False,1.5242018537590114,622.4399999999999,133.5,0.13029908184600467,20238.6
Netherlands,-0.7380881360659699,0.9560227921427312,0.47856906071270194,-0.7125988049986962,0.13277924146152273,0.8781086540455103,-0.10677882261359255,-0.4815927599069735,-0.3531079413491937,0.8672275392784944,0.02574118696211238,0.2685925149379683,0.5842826904080348,0.12389914699006459,-0.10455156519332098,0.7058345861518361,1.2062008396178652,0.6508160407565508,0.3026078697461201,-0.25929878350055285,-0.09958189774023486,-0.3145858574720261,False,False,True,1.437308868501529,854.24,136.75,0.6832763936338638,43869.4
Jamaica,1.7679170415606371,-0.79889206915589,-1.2601014595877593,0.33534061411703364,1.583918492407126,-1.4307797869372016,-1.4261830004007596,0.5482017405501791,-1.486680786771966,-1.4142662035368188,-1.408632182914636,-0.8928886307397301,-0.874600431709405,-1.1461067973438568,-0.1873974964083138,-1.2279588005655229,-1.2699750010656747,-1.1520824123484004,-0.2607534384380863,-0.25929878350055285,-1.7164097577292883,1.0582522724517205,False,False,False,0.49261083743842365,323.39,109.5,0.06874856773817212,16249.800000000001
China,1.419860766890275,-0.6443628126096868,-0.825433829512644,0.33534061411703364,0.8583488669343243,-1.7658427533067245,-1.7606798342059569,0.7354371042696616,-0.3531079413491937,-0.40347783646674307,-1.4861658785836493,-1.3381230699161806,-0.874600431709405,-1.1770825520837087,-1.3472405334182134,0.0026369909818874074,-1.4215776035565035,-0.8490742689694172,-1.022948149510834,-0.25929878350055285,0.6720859445272682,-1.7560658938919607,False,False,False,0.34643570952698205,500.04,105.5,0.06976581939954885,15170.900000000001
Portugal,-0.3204206064615354,0.8579303075525317,0.9132366907878172,-0.7125988049986962,-0.5927903840112789,1.0547782181312582,0.8409622065011332,-0.3645706575822969,0.21367848136219245,0.14523584851415466,0.5167879261991971,0.44281468678962144,0.5842826904080348,0.08905142290773137,-0.1873974964083138,1.584831580114272,-0.2592909844601481,-0.2733587965493483,-0.02878113506811841,-0.25929878350055285,0.19438680407595665,0.165907488001285,False,False,True,1.8622696411251214,636.27,134.5,0.29442808732848175,43631.799999999996
Morocco,0.7933594724836233,0.0214567232046056,-0.39076619943752866,-0.7125988049986962,1.583918492407126,-0.07834381359112763,0.04188643685538416,-0.7624458054861969,-0.3531079413491937,-0.05692182489986023,-0.34900500877145285,-0.44765419156327957,-0.14515887065068514,-0.36396899016260037,-0.4359352900532923,-0.34896180660308695,0.09444842135178627,-0.7733222331246713,0.3854551209496797,-0.25929878350055285,0.8190702954353641,-1.0696468289300873,True,False,False,1.7305458768873403,561.5999999999999,140.33333333333334,0.17646539807652717,32206.5
Uruguay,-0.4596431163296803,0.9949910394456865,0.043901430637586634,-1.2365685145565612,1.583918492407126,0.21407477524045615,0.1348022240234946,-1.0667032715303557,-0.3531079413491937,0.7805885363867738,-0.14224848698741688,0.8493330877768175,1.3137242514667546,1.1499710227476536,1.303829265461557,1.2332327825292977,0.4987220279939968,-0.1218547248598567,0.3688856707089687,-0.25929878350055285,0.047402453167861056,-0.04001823148727724,False,True,False,2.106703146374829,761.39,162.4,0.4249734391600525,67558.40000000001
Egypt,1.419860766890275,-1.2362770518149255,-1.6947690896628744,0.33534061411703364,2.3094881178799276,-0.6631809912542949,-1.3890166855335155,1.8120404456566848,-1.486680786771966,-0.3745981688361696,-1.524932726418156,-0.7380244779827042,-0.14515887065068514,-0.592415181369007,-0.1873974964083138,-0.8763600029805485,1.00406403629676,-1.758098699106367,-0.8572536471037145,-0.25929878350055285,1.1497850849785791,-0.795079202945338,True,False,False,0.36715961244263134,439.27,120.66666666666667,0.18139113043882701,27150.0
Japan,0.584525707681406,0.13029906911975772,0.47856906071270194,-0.7125988049986962,0.13277924146152273,-0.4073147260266591,-0.45985881385241184,0.5950105814800497,-0.9198943640605799,-0.7789135156641999,-0.34900500877145285,-0.6025183443203055,-0.14515887065068514,0.05420369882539816,-0.021705633978328157,-0.34896180660308695,0.04391422052151012,0.2266046400259736,0.5842885238382233,-0.25929878350055285,1.1497850849785791,-0.5205115769605884,False,False,False,0.8466342817487856,507.3,176.33333333333334,0.19031644140511597,40045.3
Chile,1.2110270020880578,-0.5476140606851068,-1.6947690896628744,1.9072497427906285,0.13277924146152273,-1.905959993788525,-0.5899409158877664,0.7354371042696616,-1.486680786771966,-0.6633948451419055,-1.1372642480730895,-0.5057282488471639,-0.874600431709405,-0.8634530353427097,-1.098702739773235,-0.5247612053955741,-1.825851210198714,-1.1975336338552474,-0.24418398819737294,-0.25929878350055285,-0.5037888627374981,0.028623675008910172,False,True,False,0.7661558960692871,435.6,146.0,0.05499862503437415,22250.4
Wales,1.6983057866265647,-1.0078424986596686,-1.6947690896628744,0.33534061411703364,2.3094881178799276,-1.5891731892209757,-1.054519851728318,1.905658127516426,-0.9198943640605799,-0.49011683935846406,-0.47822783488647463,-1.2026169362537846,-0.874600431709405,-0.9176606061374503,-1.2643946022032206,-0.17316240781059977,-0.6130303902720825,-0.5157653112525351,-0.8738230973444255,-0.25929878350055285,0.4883555058921485,0.6464008334745961,False,False,True,0.44977511244377816,509.25,139.0,0.09787025807961533,20182.8
Netherlands,-1.086144410736332,0.7605096892951427,0.043901430637586634,-0.7125988049986962,0.8583488669343243,0.33591585392028206,0.4692990578286918,-0.060313191538138404,1.3472513267849648,0.693949533495053,-0.01302566087239437,1.2558514887640109,0.5842826904080348,0.23618625792202716,-0.1873974964083138,-0.7005606041880613,0.6503246304848257,0.999275405642381,1.3630526851516842,-0.25929878350055285,0.2311328918029808,-0.9323630159377124,False,False,True,1.4814814814814816,854.1,144.0,1.0141408370232823,49132.799999999996
Saudi Arabia,1.8375282964947095,-1.2463550468070692,-1.6947690896628744,1.3832800332327635,0.8583488669343243,-1.5465288116830365,-0.3669430266843014,0.5950105814800497,-1.486680786771966,-0.7500338480336264,-0.6203729436129993,-0.6605924016041899,-1.604041992768125,-0.650494721506229,-1.3472405334182134,-1.0521594017730356,-0.5624961894418059,-0.8187734546315184,-1.6028789079357513,-0.25929878350055285,1.0762929095245315,-1.6874239873957735,False,False,False,0.8813324080499654,446.4,347.0,0.09591640986918636,26163.800000000003
Colombia,-0.6684768811318975,0.6570422740424684,0.043901430637586634,-0.1886290954408313,0.13277924146152273,0.5125854180060306,0.35780011322695926,-0.3879750780472322,0.7804649040735786,0.8672275392784944,-0.19393761743342586,0.6944689350197916,1.3137242514667546,0.29813776740173065,0.6410618157416145,1.7606309789067591,0.5492562288242734,1.5143892493866524,1.0316636803374457,-0.25929878350055285,-0.3200584241023784,0.23454939449747242,False,True,False,1.625857002938296,940.8799999999999,118.4,0.5307284055072687,48780.8
Algeria,1.9071395514287819,-0.9480463950396169,-1.2601014595877593,1.9072497427906285,-0.5927903840112789,-1.4551480026731667,-0.8501051199584753,1.9758713889112314,-0.3531079413491937,-1.2121085301228036,-0.9046631610660488,-0.9316046689289873,-0.14515887065068514,-1.0764113491791905,-0.6844730836982708,-0.8763600029805485,-1.2194408002353982,-0.636968568604128,-1.039517599751545,-0.25929878350055285,1.3335155236136988,-1.618782080899586,True,False,False,0.4972919743968489,381.6,79.0,0.06799864002719946,17538.0
Japan,-0.3204206064615354,-0.3426948291781851,0.47856906071270194,0.33534061411703364,-1.3183600094840806,-0.5961683979803902,-0.5899409158877664,0.688628263339791,0.21367848136219245,-0.7789135156641999,0.3875651000841754,-0.48637022975253674,-0.14515887065068514,-0.19747430843589725,0.4753699533116288,0.8816339849443233,-0.15822258279959536,0.19630382568807592,0.07063556637615219,-0.25929878350055285,1.4804998745217948,-1.9619916133805229,False,False,False,0.7765023632680621,505.40000000000003,154.66666666666666,0.3055385811899339,35403.2
Costa Rica,1.8375282964947095,-0.7773923465059831,-0.825433829512644,0.33534061411703364,0.8583488669343243,-0.7484697463301732,-0.8686882773920974,1.9992758093761673,-1.486680786771966,-1.2121085301228036,-1.6800001177561832,-0.9703207071182445,-0.14515887065068514,-0.5614394266291552,-0.2702434276233066,-1.40375819935801,-1.017303996914293,-1.6217450345858235,-0.8406841968630037,-0.25929878350055285,-1.4959332313671447,2.36244849587928,False,False,False,0.48995590396864286,329.6,123.33333333333333,0.07754943776657619,27306.0
Netherlands,-0.4596431163296803,0.7457286299733332,0.47856906071270194,-1.2365685145565612,0.8583488669343243,0.7075311438937532,1.305541142341685,-0.036908771073203096,1.3472513267849648,1.1849038832148042,0.9561455349902737,0.539604782262763,1.3137242514667546,0.7046945483622847,0.9724455406015857,1.4090321813217848,-0.0066199803087664795,-0.09155391052195902,0.037496665894730226,-0.25929878350055285,-0.06283581001321072,-0.2459439509758387,False,False,True,1.8531169940222034,836.1899999999999,139.4,0.3624773451659271,56875.2
Belgium,-1.2253669206044768,0.3580617559422057,1.3479043208629324,-0.1886290954408313,-1.3183600094840806,0.9512133012534063,0.4135495855278255,-0.17733529386281444,0.21367848136219245,1.1849038832148042,0.6201661870912152,0.5008887440735086,1.3137242514667546,0.2787779206893233,0.4753699533116288,1.584831580114272,0.5492562288242734,1.2113811060076691,1.4127610358738194,-0.25929878350055285,0.4148633304381002,-0.8637211094415254,False,False,True,1.521152115211521,976.37,117.4,1.3797240551889622,47781.8
Australia,-0.11158684165931819,-0.5623951200069178,-0.825433829512644,0.33534061411703364,0.8583488669343243,0.24453504491041278,0.4135495855278255,0.4077752177605678,0.21367848136219245,0.2896341866670226,-0.6332952262245016,-0.718666458888077,-0.874600431709405,-0.7705257711231545,-0.5187812212682851,-0.7005606041880613,0.04391422052151012,-0.3036596108872471,-0.4761562915673408,-0.25929878350055285,2.4358981554244172,-1.8933497068843355,False,False,False,1.2417340191036004,658.68,158.0,0.2809390029046236,23731.6
Honduras,1.4894720218243473,-0.3957722694701425,-1.6947690896628744,0.33534061411703364,2.3094881178799276,-0.5596160743764422,-1.1288524814628065,1.6248050819372024,-0.3531079413491937,-0.692274512772479,-1.8738343569287166,-0.9509626880236145,-0.14515887065068514,-0.7937575871780433,-1.5957783270631918,-0.17316240781059977,-1.5226460052170563,-1.470240962896332,-0.8738230973444255,-0.25929878350055285,-1.8266480209103604,0.7150427399707835,False,False,False,0.457203615098352,413.56000000000006,103.33333333333333,0.06363491738824117,22909.0
Denmark,0.3756919428791887,0.34260883028758565,-0.825433829512644,-0.7125988049986962,2.3094881178799276,-0.31593391701678913,0.04188643685538416,0.4779884791553732,0.21367848136219245,0.23187485140587563,0.2971091218036596,0.36538261041110986,0.5842826904080348,-0.6621106295336734,-0.021705633978328157,0.530035187359349,-0.6130303902720825,0.25690545436387235,0.3357467702275444,-0.25929878350055285,-0.06283581001321072,-0.5891534834567758,False,False,True,1.0711718188353705,696.8000000000001,86.0,0.16427984714831612,27760.8
England,-1.5038119403407666,1.1683325533105575,0.9132366907878172,-1.2365685145565612,0.13277924146152273,0.9024768697814757,1.62145481871326,-1.7220270445485437,1.914037749496351,1.531459894781687,1.7056379264574033,2.010814233454516,1.3137242514667546,1.211922532227357,0.9724455406015857,0.8816339849443233,1.5599402454298,0.575064004911805,0.9488164291338861,-0.25929878350055285,0.5251015936191723,0.3031913009936598,False,False,True,5.188470066518846,974.75,165.6,8.891108891108892,73857.6
South Korea,-0.6684768811318975,-0.33866363118132825,-0.825433829512644,0.33534061411703364,0.8583488669343243,-0.6449048294523209,-0.23686092464894676,-0.7624458054861969,0.21367848136219245,-0.692274512772479,-0.5299169653324837,0.3266665722218527,-0.874600431709405,-0.7008303229584881,0.5582158845266216,-0.8763600029805485,-0.6635645911023587,0.0599501611675326,-0.40987849060449216,-0.25929878350055285,0.9293085586164356,-1.8933497068843355,False,False,False,1.556329849012776,512.54,167.0,0.3461272209830013,26887.0
Croatia,-0.8773106459341148,1.0426935490751659,0.043901430637586634,-1.2365685145565612,1.583918492407126,0.2018906673724735,0.09763590915625042,-1.0198944306004851,0.7804649040735786,1.3293022213676722,1.2016689046088163,0.7912590304929331,-0.14515887065068514,-0.23619400186071193,1.303829265461557,1.2332327825292977,0.801927232975655,1.499238842217703,1.4293304861145304,-0.25929878350055285,-0.6875193013726179,-0.7264372964491506,False,False,True,2.0239680426098534,1038.24,151.33333333333334,0.7399260073992602,37636.600000000006
Morocco,-0.4596431163296803,-4.2999445299712854e-05,0.47856906071270194,-0.1886290954408313,-0.5927903840112789,-0.20627694620494555,-0.5156082861532781,0.05670891078653814,0.7804649040735786,0.46291219245046455,0.20665314352314387,-0.5250862679417939,-0.14515887065068514,-0.7511659244107471,-0.1873974964083138,-1.2279588005655229,-0.6635645911023587,-0.1218547248598567,-0.7081285949373063,-0.25929878350055285,1.1130389972515553,-1.3442144549148365,True,False,False,0.9826589595375723,705.1800000000001,107.0,0.28123242297356416,24428.1
Morocco,-0.041975586725245775,-1.053529409290721,0.043901430637586634,0.33534061411703364,-0.5927903840112789,-0.29765775521481547,-0.5899409158877664,0.36096637683069716,-0.3531079413491937,-0.40347783646674307,0.20665314352314387,0.3460245913164799,-0.14515887065068514,-0.5498235186017109,0.14398622845165748,-0.34896180660308695,-0.15822258279959536,-0.13700513202880607,0.08720501661686553,-0.25929878350055285,0.9293085586164356,-1.2069306419224621,True,False,False,0.8575689783743474,550.8000000000001,124.33333333333333,0.2499886368801418,30063.8
USA,0.44530319781326116,0.3016249839862004,-0.825433829512644,-0.7125988049986962,2.3094881178799276,-0.590076344046399,0.35780011322695926,-0.5518060213017794,0.21367848136219245,-0.17244049542215467,-0.5428392479439859,-0.2927900388062537,-0.14515887065068514,-0.8402212192878209,-0.1873974964083138,-0.34896180660308695,0.14498262218206243,-0.22790757504250128,0.3191773199868311,3.856554922857429,-1.973632371818456,2.4310904023754674,False,False,False,1.7455310199789695,584.64,99.33333333333333,0.21033757456639424,23035.399999999998
Italy,-0.8076993910000424,0.6664484027018016,0.043901430637586634,-0.1886290954408313,0.13277924146152273,0.21407477524045615,0.7852127342002669,-0.7858502259511322,1.3472513267849648,0.693949533495053,0.37464281747267314,0.44281468678962144,-0.14515887065068514,0.9253968008837284,0.22683215966665032,0.0026369909818874074,1.2062008396178652,-0.22790757504250128,0.9322469788931727,-0.25929878350055285,-0.6140271259185699,-0.17730204447965206,False,False,True,2.2209165687426555,735.8399999999999,251.33333333333334,0.7453867830197255,61149.399999999994
Spain,-1.2949781755385492,1.7662935895110832,1.3479043208629324,-1.2365685145565612,-0.5927903840112789,1.402025292368764,2.4205305883590094,-1.6518137831537378,2.480824172207737,1.531459894781687,1.3050471655008336,1.5075057369941782,0.5842826904080348,1.5487838650232448,2.1322885776114853,2.639627972869195,1.9136796512417338,1.1507794773318727,1.793858391410193,-0.25929878350055285,0.3781172427110764,-0.3832277639682135,False,False,True,5.758835758835759,1041.25,228.75,2.399400149962509,79239.0
Ecuador,-0.5988656261978251,-0.5314892686976778,0.043901430637586634,-0.1886290954408313,0.13277924146152273,0.3846522853922127,-0.2182777672153247,0.19713543357615,0.7804649040735786,0.3185138542975966,0.3487982522496686,-0.7573824970773314,0.5842826904080348,-0.7395500163833028,-0.7673190149132636,0.1784363897743746,1.3578034421086944,-0.6824197901109761,-0.8241147466222902,-0.25929878350055285,-0.43029668728345016,-0.17730204447965206,False,True,False,1.0621557828481512,630.42,81.0,0.6070994928933647,24267.600000000002
Senegal,-0.39003186139560786,-0.7249867725468363,0.47856906071270194,-0.7125988049986962,0.13277924146152273,0.29936353031633406,-0.3669430266843014,0.009900069856667524,-0.3531079413491937,-0.8366728509253468,-0.8012849001740309,0.09437034308631245,-0.874600431709405,-0.6466227521637475,-0.5187812212682851,0.530035187359349,-0.5624961894418059,0.15085260418122778,-0.890392547585139,-0.25929878350055285,-0.026089722286186903,-1.7560658938919607,True,False,False,1.066330814441646,491.97,174.0,0.27645432621610494,27596.399999999998
Portugal,-0.5988656261978251,1.139442300999746,0.9132366907878172,-1.2365685145565612,0.13277924146152273,0.31763969211830806,-0.12536198004721463,-0.060313191538138404,0.7804649040735786,0.6073105306033325,0.9690678176017758,0.9074071450607019,-0.14515887065068514,0.36783321556639703,0.06114029723666467,-0.17316240781059977,0.7008588313151023,1.3931859920350596,0.981955329615308,-0.25929878350055285,-0.2833123363753546,-0.6577953899529632,False,False,True,1.2058570198105083,873.73,203.33333333333334,0.514248982215556,50935.0
Iran,1.2806382570221302,-0.46094330375267195,-1.6947690896628744,0.8593103236748986,1.583918492407126,-1.4673321105411492,-1.5748482598697362,0.033304490321602834,-0.3531079413491937,-0.7789135156641999,-0.19393761743342586,-1.647851375430235,-1.604041992768125,-0.7511659244107471,-0.5187812212682851,-1.2279588005655229,-2.684932624313412,-0.40971246106989057,-0.45958684132662747,-0.25929878350055285,2.325659892243346,-0.9323630159377124,False,False,False,0.5162364696086595,467.40000000000003,321.0,0.012194824516475208,22566.3
France,-1.086144410736332,1.8583392771059957,1.7825719509380478,-0.7125988049986962,-1.3183600094840806,1.365472968764816,1.4170400869434174,-0.9262767487407438,0.7804649040735786,0.693949533495053,0.5555547740337039,1.4687896988049238,1.3137242514667546,1.037683911815691,1.7180589215365212,1.9364303776992462,1.8631454504114577,2.28706001500306,0.8162608272081887,-0.25929878350055285,0.5618476813461961,0.6464008334745961,False,False,True,2.81921618204804,978.1999999999999,156.6,1.3569490072846735,67651.20000000001
Cameroon,1.0021932372858404,-1.3189166107505048,-1.6947690896628744,1.9072497427906285,0.13277924146152273,-0.9434154722178957,-0.8872714348257195,0.2907531154358912,-0.9198943640605799,-1.5586645416896867,-0.8788185958430443,-1.241332974443039,-0.14515887065068514,-0.9757401462746723,-0.7673190149132636,-1.40375819935801,-1.168906599405122,-1.4550905557273837,-0.19447563747523763,-0.25929878350055285,1.0762929095245315,-1.5501401744033987,True,False,False,0.7551487414187643,287.64,87.66666666666667,0.0945920380530256,19041.2
Canada,0.7237482175495508,-1.672318301808343,-0.39076619943752866,1.3832800332327635,-1.3183600094840806,-1.8998679398545335,-1.4261830004007596,2.3269376958852614,-0.9198943640605799,-0.7500338480336264,-0.3360827261599506,-1.4929872226732093,-0.14515887065068514,-0.534335641231785,-1.098702739773235,-1.2279588005655229,-1.5226460052170563,-0.8339238618004677,-0.8075452963815793,3.856554922857429,-2.120616722726552,1.744671337413594,False,False,False,0.3209536909674461,445.44,125.66666666666667,0.08484591376018909,26804.699999999997
Costa Rica,0.7237482175495508,-0.9897021076738111,-1.6947690896628744,1.9072497427906285,0.13277924146152273,-0.9068631486139477,-0.9616040645602079,0.33756195636576186,-1.486680786771966,-1.0677101919699357,-0.2714713131024394,-0.9703207071182445,-0.14515887065068514,-0.7240621390133769,-0.6016271524832779,0.0026369909818874074,-1.7247828085381616,-1.3944889270515861,-1.4040455050472076,-0.25929878350055285,-2.157362810453576,1.0582522724517205,False,False,False,0.7137490608564988,362.95000000000005,109.33333333333333,0.07272506893730493,24206.399999999998
Uruguay,-0.3204206064615354,0.3143904443095831,1.3479043208629324,-0.1886290954408313,-1.3183600094840806,0.2079827213064648,0.4507159003950697,-1.2773430557147731,0.21367848136219245,0.0008375103612867341,1.0466015132707893,0.9848392214392162,1.3137242514667546,0.45688851044347084,1.0552914718165787,-0.17316240781059977,0.6503246304848257,-0.1976067607046025,0.7002746755232072,-0.25929878350055285,0.08414854089488487,0.165907488001285,False,True,False,2.6677067082683306,617.3199999999999,126.6,0.394422532081551,53108.700000000004
Austria,0.7237482175495508,0.024816054868653497,-0.825433829512644,0.33534061411703364,0.8583488669343243,-0.49869553503652897,0.004720121988139982,0.2673486949709559,0.21367848136219245,0.14523584851415466,0.36172053486117084,-0.06049380967071346,-0.874600431709405,0.11228323896262019,-0.1873974964083138,-0.8763600029805485,0.5492562288242734,-0.2733587965493483,0.21976061854256046,-0.25929878350055285,-0.650773213645594,0.7836846464669709,False,False,True,1.1299000768639509,636.27,272.0,0.2090845731947517,42704.0
Costa Rica,1.1414157471539854,-0.45556837309019566,-1.2601014595877593,0.8593103236748986,0.8583488669343243,-0.8885869868119737,-1.1288524814628065,1.9290625479813608,-0.3531079413491937,-1.6164238769508341,-0.38777185660595886,-1.2219749553484118,-1.604041992768125,-1.1073871039190422,-1.015856808558242,-0.17316240781059977,-0.15822258279959536,-0.6672693829420268,-1.3543371543250724,-0.25929878350055285,-2.2676010736346477,1.607387524421219,False,False,False,0.42764793635007464,313.5,229.0,0.14102202507628012,16602.5
China,0.44530319781326116,-0.7733611485091263,-0.39076619943752866,0.8593103236748986,-0.5927903840112789,-1.0896247666336871,-0.7200230179231206,1.1567166726384968,-0.3531079413491937,-1.2409881977533772,-0.45238326966347014,-0.699308439793447,-0.14515887065068514,-1.064795441151746,-1.3472405334182134,-0.17316240781059977,-0.2592909844601481,-0.803623047462569,-0.6418507939744601,-0.25929878350055285,1.0762929095245315,-0.5205115769605884,False,False,False,0.6424747174301012,368.14000000000004,80.0,0.18275231888555565,18048.0
Denmark,0.2364694330110439,0.20689183106005038,0.043901430637586634,-0.7125988049986962,0.8583488669343243,0.061773426890672924,0.02330327942176207,0.009900069856667524,-0.9198943640605799,-0.6633948451419055,-0.7108289218935151,0.3073085531272255,-0.874600431709405,-0.9873560543021167,0.4753699533116288,0.7058345861518361,-0.5624961894418059,-0.7278710116178232,-0.5424340925301872,-0.25929878350055285,-0.43029668728345016,0.7150427399707835,False,False,True,1.242653232577666,466.29,130.0,0.1807622783739087,20904.0
Brazil,-1.5038119403407666,0.8868205598633448,1.3479043208629324,-0.7125988049986962,-1.3183600094840806,0.9877656248573542,0.9524611511028657,-1.0432988510654204,0.21367848136219245,1.8491362387179968,1.589337382953883,1.1397033741962421,2.0431658125254746,2.245738346669909,1.3866751966765498,1.0574333837368104,2.1158164545628395,2.0446535002998742,2.208094647427991,-0.25929878350055285,-0.9079958277347617,0.5091170204822221,False,True,False,2.672064777327935,1216.4400000000003,182.5,9.990009990009991,92746.5
Japan,-0.3204206064615354,-0.6457065452753062,0.043901430637586634,-0.7125988049986962,0.8583488669343243,-0.06006765178915365,-0.45985881385241184,-0.6454237031615203,0.21367848136219245,-0.692274512772479,-0.9046631610660488,-0.3315060769955109,-0.874600431709405,-0.7705257711231545,0.06114029723666467,0.3542357885668618,-0.05715418113904263,-1.0005783406589088,-0.7246980451780197,-0.25929878350055285,0.4516094181651247,0.028623675008910172,False,False,False,1.3391877058177826,443.94,158.0,0.316649075051386,24363.6
Australia,-0.6684768811318975,-0.11761960768697607,-0.825433829512644,-0.1886290954408313,1.583918492407126,-0.06615970572314497,-0.775772490223987,-0.43478391897710283,0.7804649040735786,-0.5189965069890375,0.11619716524262813,0.07501232399168524,-0.14515887065068514,-0.22457809383326752,-0.5187812212682851,-0.34896180660308695,-0.15822258279959536,0.014498939660685543,-0.22761453795666198,-0.25929878350055285,2.2154216290622735,-0.45186967046440096,False,False,False,1.0489510489510492,540.8000000000001,152.33333333333334,0.42304438120144605,36194.4
Ukraine,0.44530319781326116,-1.443883748653086,-1.6947690896628744,1.3832800332327635,0.8583488669343243,-1.8084871308446637,-1.6863472044714685,0.9694813089190147,-1.486680786771966,-1.4720255387979662,-1.4344767481376404,-0.4670122106579068,-1.604041992768125,-0.9950999929870796,-1.7614701894931775,-0.5247612053955741,-0.5624961894418059,-0.924826304814163,-1.6525872586578865,-0.25929878350055285,-0.1363279854672587,-0.45186967046440096,False,False,True,0.3497813866333542,325.17999999999995,258.0,0.16206337712492672,19711.2
Ukraine,0.5149144527473336,-0.73506476753898,-0.39076619943752866,0.33534061411703364,0.13277924146152273,-1.570897027419002,-1.035936694294696,0.922672467989144,-1.486680786771966,-0.9521915214476413,-1.4473990307491427,-0.718666458888077,-0.874600431709405,-1.2119302761660418,-0.7673190149132636,-1.0521594017730356,-0.6130303902720825,-1.727797884768468,-0.6915591446965954,-0.25929878350055285,-0.2833123363753546,-0.3145858574720261,False,False,True,0.5755850727387729,360.45,101.0,0.1533282223925869,15170.199999999999
USA,0.3756919428791887,-0.18077504297107713,0.043901430637586634,0.8593103236748986,-1.3183600094840806,0.061773426890672924,-0.3483598692506793,0.033304490321602834,-0.9198943640605799,-0.20132016305272818,-0.05179250870690112,0.03629628580242807,-0.874600431709405,-0.46851216240960003,0.30967809088164316,0.0026369909818874074,-0.46142778778125315,-0.1976067607046025,-0.07848948579025371,3.856554922857429,-2.3778393368157196,1.607387524421219,False,False,False,1.0657785179017487,581.9,197.0,0.17499375022320632,31126.0
South Korea,-0.041975586725245775,0.28617205833158044,-0.825433829512644,0.8593103236748986,0.13277924146152273,0.0983257504946209,0.33921695579333716,-0.013504350608267785,-0.9198943640605799,-0.7211541804030529,0.2712645565806551,0.22987647674871114,0.5842826904080348,-1.0183318090419684,-0.5187812212682851,0.3542357885668618,-0.20875678362987152,-0.2733587965493483,0.551149623356799,-0.25929878350055285,1.6642303131569145,-1.6874239873957735,False,False,False,1.3971210838272652,485.96999999999997,63.0,0.2454433889368665,20160.0
USA,0.7933594724836233,-0.3010391165439924,-0.825433829512644,0.8593103236748986,0.13277924146152273,0.055681372956681595,-0.3669430266843014,-0.5986148622316497,0.21367848136219245,0.40515285718931704,-0.11640392176441236,-0.6799504206988198,0.5842826904080348,-0.6117750280814143,-0.6016271524832779,-0.17316240781059977,0.09444842135178627,-0.9854279334899594,0.1037744668575765,3.856554922857429,-1.900140196364408,2.36244849587928,False,False,False,1.364124597207304,617.4399999999999,89.25,0.17646539807652717,26882.1
Ghana,0.8629707274176956,-0.6940809212375962,-0.825433829512644,1.3832800332327635,-0.5927903840112789,-1.1810055756435571,-0.5341914435869002,1.6950183433320083,-1.486680786771966,-1.2121085301228036,-1.2406425089651065,-1.1639008980645276,-0.14515887065068514,-0.5459515492592294,-1.015856808558242,-1.0521594017730356,-1.1183723985748455,-0.9854279334899594,-0.6418507939744601,-0.25929878350055285,1.4070076990677471,-0.795079202945338,True,False,False,0.6174777603349032,363.2,124.66666666666667,0.10285420416559528,27227.2
Colombia,-0.9469219008681872,0.16322051942742774,1.3479043208629324,-0.1886290954408313,-1.3183600094840806,0.6344264966858572,0.710880104465779,-0.08371761200307372,1.3472513267849648,0.5206715277116115,0.11619716524262813,1.2364934696693837,0.5842826904080348,-0.011619779996786794,-0.021705633978328157,0.1784363897743746,0.09444842135178627,0.49931196906705916,0.45173292191252834,-0.25929878350055285,-0.6140271259185699,-0.3145858574720261,False,True,False,1.6072980017376197,772.8000000000001,128.0,0.6665926008221309,43622.4
Sweden,-0.18119809659339062,-0.8842190934227069,-0.39076619943752866,0.33534061411703364,0.13277924146152273,0.48821720227006526,-0.10677882261359255,0.2205398540410853,0.7804649040735786,0.0008375103612867341,0.02574118696211238,-0.6799504206988198,-0.874600431709405,-0.5498235186017109,-0.35308935883829945,-0.34896180660308695,-0.5624961894418059,0.10540138267438073,-0.9401008983072742,-0.25929878350055285,0.15764071634893284,0.09726558150509758,False,False,True,1.1007025761124123,641.72,186.5,0.2349882505874706,28086.899999999998
England,-1.5038119403407666,1.93090084104943,1.3479043208629324,-1.760538224114426,0.13277924146152273,0.9268450855174409,1.4542064018106617,-1.0432988510654204,1.3472513267849648,0.8672275392784944,2.3000629265865067,1.0816293169123576,2.0431658125254746,0.9757324023359876,1.6352129903215284,1.584831580114272,1.0545982371270366,1.8779990214414322,1.860136192373042,-0.25929878350055285,0.4883555058921485,0.3718332074898472,False,False,True,3.0364372469635628,977.3599999999999,127.83333333333333,7.8921078921078935,64734.8
Switzerland,-0.5292543712637527,-0.5610513873412983,0.043901430637586634,-0.7125988049986962,0.8583488669343243,0.35419201572225606,0.20913485375798296,-0.10712203246800903,0.21367848136219245,0.37627318955874356,-0.3619272913829551,0.05565430489705528,-0.14515887065068514,0.10066733093517577,-0.6844730836982708,-1.0521594017730356,0.09444842135178627,0.36295830454651584,0.26946896926469577,-0.25929878350055285,-0.4670427750104743,0.165907488001285,False,False,True,1.3847502191060477,733.05,180.33333333333334,0.3999733351109926,42793.1
New Zealand,0.8629707274176956,-1.6165533961851482,-0.825433829512644,1.3832800332327635,-0.5927903840112789,-0.858126717142017,-1.3146840557990271,0.8056503656644676,-1.486680786771966,-0.692274512772479,-1.6800001177561832,-1.4929872226732093,-0.14515887065068514,-0.9950999929870796,-0.8501649461282564,-0.17316240781059977,-1.168906599405122,-0.6975701972799255,-1.5200316567321916,-0.25929878350055285,1.1865311727056036,-0.7264372964491506,False,False,False,0.4964075767472241,463.54,86.0,0.09999714293877318,18343.8
Croatia,-0.39003186139560786,1.1347392366700786,1.3479043208629324,-0.1886290954408313,-1.3183600094840806,0.29327147638234274,0.2834674834924713,-0.5752104417667147,0.21367848136219245,0.49179186008103803,0.9690678176017758,0.2685925149379683,0.5842826904080348,1.1693308694600608,0.14398622845165748,0.7058345861518361,0.195516823012339,0.014498939660685543,1.1310803817817163,-0.25929878350055285,-0.3200584241023784,0.028623675008910172,False,False,True,1.7215727948990438,722.8000000000001,204.25,0.36468443032762776,65523.4
Ecuador,-0.3204206064615354,0.28617205833158044,0.043901430637586634,0.8593103236748986,-1.3183600094840806,-0.29156570128082415,-0.40410934155154554,-0.45818833944203813,-0.3531079413491937,-0.3457185012055961,-0.5816060957784926,-0.6025183443203055,-0.874600431709405,-0.9060446981100059,-0.9330108773432493,-0.17316240781059977,-0.36035938612070084,-0.09155391052195902,-0.3436006896416459,-0.25929878350055285,0.047402453167861056,0.4404751139860346,False,True,False,1.2613521695257317,564.3,140.5,0.28331759346702956,21271.7
Sweden,-0.3204206064615354,-0.1559159886571224,-0.39076619943752866,-0.1886290954408313,0.8583488669343243,-0.18190873046898023,0.24630116862522713,0.5247973200852438,0.7804649040735786,0.26075451903644914,-0.3619272913829551,-0.42829617246865237,-0.14515887065068514,-0.584671242684044,0.5582158845266216,-0.34896180660308695,0.04391422052151012,-0.258208389380399,-0.7412674954187307,-0.25929878350055285,0.4883555058921485,0.7836846464669709,False,False,True,1.1339475549255849,657.62,121.33333333333333,0.3277595689128382,27882.399999999998
Wales,1.8375282964947095,-1.669630836477104,-1.2601014595877593,1.9072497427906285,-0.5927903840112789,-0.49869553503652897,-0.5341914435869002,0.6418194224099204,-0.3531079413491937,-0.8077931832947733,-1.0855751176270803,-0.4670122106579068,-0.874600431709405,-0.9021727287675244,-1.6786242582781847,-0.34896180660308695,-1.2699750010656747,-1.7126474775995189,-1.7851428605835813,-0.25929878350055285,-0.1730740731942828,0.5091170204822221,False,False,True,0.8076659822039699,381.64000000000004,141.0,0.06734556437623722,21544.800000000003
Wales,1.9071395514287819,-0.9258748060569011,-1.2601014595877593,1.9072497427906285,-0.5927903840112789,-1.479516218409132,-0.8129388050912311,1.2971431954281085,-0.9198943640605799,-1.5297848740591131,-0.8788185958430443,-0.5831603252256783,-0.874600431709405,-0.832477280602858,-1.015856808558242,-1.40375819935801,-1.1183723985748455,-0.3036596108872471,-1.1389343011958177,-0.25929878350055285,-0.09958189774023486,0.028623675008910172,False,False,True,0.591614014933946,344.31,150.0,0.07199856002879942,22740.0
Wales,1.8375282964947095,-1.3713221847096517,-0.39076619943752866,0.8593103236748986,-0.5927903840112789,-1.686646052164837,-1.4447661578343818,1.109907831708626,-0.3531079413491937,-1.0677101919699357,-1.1243419654615872,-1.0283947644021287,-0.874600431709405,-0.8169894032329321,-0.6016271524832779,-1.2279588005655229,-1.168906599405122,-1.0611799693347053,-1.437184405528632,-0.25929878350055285,-0.5037888627374981,-0.17730204447965206,False,False,True,0.4154124021673691,381.65,152.0,0.07142711373237282,22344.0
Uruguay,-0.7380881360659699,0.7887280752731454,0.9132366907878172,-0.7125988049986962,-0.5927903840112789,1.0608702720652494,-0.013863035445482107,0.009900069856667524,0.7804649040735786,0.17411551614472867,-0.19393761743342586,0.8299750686821875,-0.14515887065068514,0.3949370009637673,0.7239077469566073,-0.34896180660308695,0.6503246304848257,0.8932225554597365,0.981955329615308,-0.25929878350055285,0.30462506725702876,1.1955360854440955,False,True,False,1.2258606213266163,739.84,205.66666666666666,0.591617365219565,51272.7
Italy,-0.9469219008681872,0.014738059876509807,0.9132366907878172,-0.1886290954408313,-1.3183600094840806,0.2079827213064648,1.3427074572089293,-0.3645706575822969,0.21367848136219245,0.2896341866670226,0.7106221653717308,0.9654812023445862,1.3137242514667546,0.7124384870472477,1.1381374030315714,0.530035187359349,2.014748052902287,0.21145423285702422,0.7168441257639182,-0.25929878350055285,0.08414854089488487,-0.10866013798346465,False,False,True,2.1241513094083415,703.56,139.8,1.0887679146761473,58576.2
Ghana,1.1414157471539854,-1.0642792706156738,-0.39076619943752866,0.8593103236748986,-0.5927903840112789,-0.9860598497558349,-0.6828567030558765,0.7120326838047263,-0.3531079413491937,-0.547876174619611,-1.3440207698571247,-0.42829617246865237,-1.604041992768125,-0.7008303229584881,-0.5187812212682851,-0.17316240781059977,-0.36035938612070084,-1.2732856696999932,-0.9732397987886985,-0.25929878350055285,0.010656365440836913,-0.3145858574720261,True,False,False,0.7377598926894703,448.05,334.0,0.13076587779800516,25584.399999999998
Tunisia,1.8375282964947095,-1.3961812390236066,-1.2601014595877593,1.9072497427906285,-0.5927903840112789,-1.1870976295775484,-1.2031851111972949,2.2333200140255203,-1.486680786771966,-0.8077931832947733,-1.2664870741881111,-0.8154565543612186,-0.874600431709405,-0.9950999929870796,-1.5957783270631918,-0.5247612053955741,-0.46142778778125315,-1.3944889270515861,-0.24418398819737294,-0.25929878350055285,0.4516094181651247,-2.0306335198767105,True,False,False,0.38299859878561415,401.38000000000005,129.0,0.09999795922532194,19246.8
Ukraine,1.9071395514287819,-0.4018190664654293,-1.2601014595877593,0.33534061411703364,1.583918492407126,-0.7545618002641644,-1.4633493152680035,0.5482017405501791,-0.3531079413491937,-1.5586645416896867,-1.8350675090942097,-1.6865674136194924,-0.874600431709405,-0.6892144149310436,-0.6844730836982708,-0.5247612053955741,-1.7753170093684378,-1.5005417772342307,-1.304628803602937,-0.25929878350055285,0.08414854089488487,0.23454939449747242,False,False,True,0.4785362420830402,285.59999999999997,168.5,0.045999080018399634,23623.699999999997
Brazil,-1.2253669206044768,1.9638222913571,0.9132366907878172,-1.2365685145565612,0.13277924146152273,1.456853777774686,1.8258695504831035,-0.9730855896706144,2.480824172207737,1.1271445479536573,1.2016689046088163,1.1590613932908693,1.3137242514667546,2.09085957297065,0.6410618157416145,2.639627972869195,2.014748052902287,1.8779990214414322,0.8991080784117483,-0.25929878350055285,-0.39355059955642635,1.264177991940283,False,True,False,3.17769130998703,1035.23,211.0,1.959608078384323,89464.0
France,-1.4342006854066942,1.671560436584933,1.3479043208629324,-0.7125988049986962,-1.3183600094840806,1.5969710182564865,0.6922969470321568,-0.7156369645563263,0.21367848136219245,2.080173579762585,0.7235444479832331,0.9848392214392162,1.3137242514667546,2.493544384588723,0.39252402209663595,-0.34896180660308695,0.7513930321453784,0.7265680766012966,0.7831219267267668,-0.25929878350055285,-0.1363279854672587,-0.3145858574720261,False,False,True,2.0885357548240635,1099.98,231.8,3.6481759120439783,97240.1
Poland,0.5149144527473336,-0.6772842629173568,0.043901430637586634,0.8593103236748986,-1.3183600094840806,0.29327147638234274,-0.42269249898516764,-0.5518060213017794,0.21367848136219245,-0.6633948451419055,-0.6591397914475061,-0.07985182876534067,-0.874600431709405,-0.352353082135156,-0.9330108773432493,-0.8763600029805485,-0.30982518529042424,-0.06125309618406027,-0.3601701398823569,-0.25929878350055285,0.4516094181651247,0.8523265529631584,False,False,True,1.3038906414300737,509.85,212.0,0.17332755574814174,33241.600000000006
Egypt,1.0718044922199128,-0.6611594709299262,-0.825433829512644,1.9072497427906285,-1.3183600094840806,-0.9068631486139477,-1.6491808896042246,1.250334354498238,-0.9198943640605799,-1.3853865359062452,-0.16809305221042137,-1.2606909935376691,-0.14515887065068514,-1.1422348280013754,-0.2702434276233066,-1.0521594017730356,-1.5226460052170563,-0.636968568604128,-1.1223648509551045,-0.25929878350055285,1.0028007340704839,-2.099275426372898,True,False,False,0.337013364323068,352.98,73.33333333333333,0.07368227151917055,15906.0
Honduras,1.0718044922199128,-1.058232473620387,-1.6947690896628744,0.8593103236748986,1.583918492407126,-1.8267632926466377,-1.7420966767723347,0.688628263339791,-0.9198943640605799,-1.674183212211981,-0.6332952262245016,-1.3381230699161806,-1.604041992768125,-0.5769273039990811,-0.35308935883829945,-1.40375819935801,-1.1183723985748455,-0.8945254904762642,-1.1555037514365287,-0.25929878350055285,-1.5694254068211928,2.293806589383093,False,False,False,0.3578663065496287,294.40000000000003,366.0,0.09473434909607643,26315.4
Cameroon,1.3502495119562026,-1.2933856901037397,-0.39076619943752866,0.33534061411703364,0.13277924146152273,-0.839850555340043,-0.3855261841179235,1.0162901498488852,-1.486680786771966,-0.43235750409731705,-0.9305077262890533,-0.6799504206988198,-0.14515887065068514,-0.6311348747938217,-1.8443161207081704,-0.8763600029805485,-1.9269196118592669,-1.561143405910027,-0.9898092490294095,-0.25929878350055285,0.047402453167861056,-0.3145858574720261,True,False,False,0.7772979642196175,445.12,117.33333333333333,0.04761791385919383,26505.6
Mexico,0.7933594724836233,0.36007735494063414,0.043901430637586634,0.33534061411703364,-0.5927903840112789,0.18970655950449083,-0.5713577584541444,0.1737310131112147,0.7804649040735786,-0.7211541804030529,-0.4394609870519679,-0.4670122106579068,-0.874600431709405,0.015484005400583482,-0.1873974964083138,-0.34896180660308695,-0.0066199803087664795,-0.636968568604128,-0.4927257418080518,3.856554922857429,-2.120616722726552,1.8819551504059688,False,False,False,0.9199048374306107,462.69,259.5,0.17058321814064292,39651.600000000006
Argentina,-1.0165331558022597,1.042021682742357,1.3479043208629324,-0.7125988049986962,-1.3183600094840806,1.4142094002367465,1.1754590403063307,-1.0432988510654204,0.21367848136219245,0.636190198233906,1.9382390134644438,1.6042958324673198,2.0431658125254746,1.889517167161614,1.9665967151814996,1.9364303776992462,0.7008588313151023,1.0144258128113304,0.7996913769674778,-0.25929878350055285,-0.39355059955642635,1.1268941789479079,False,True,False,2.834008097165992,843.84,167.16666666666666,0.8998875140607425,87361.29999999999
Poland,-0.3204206064615354,0.07117483183251506,-0.39076619943752866,0.33534061411703364,0.13277924146152273,0.2506270988444041,-0.013863035445482107,0.5716061610151144,0.21367848136219245,-0.7211541804030529,0.4909433609761926,-0.021777771481456296,-0.874600431709405,-0.2013462777783787,0.22683215966665032,-1.0521594017730356,-0.410893586950977,-0.8490742689694172,-0.45958684132662747,-0.25929878350055285,0.30462506725702876,0.165907488001285,False,False,True,1.0202655485674355,449.10999999999996,231.5,0.2777623465363035,36438.1
Ukraine,1.8375282964947095,-0.8042669998183664,-1.6947690896628744,1.3832800332327635,0.8583488669343243,-1.8937758859205422,-1.5005156301352478,0.5482017405501791,-1.486680786771966,-1.1832288624922302,-0.6979066392820129,-1.0090367453075015,-1.604041992768125,-0.6659825988761549,-1.430086464633206,-0.34896180660308695,-1.5731802060473326,-1.7732491062753153,-1.2383510026400883,-0.25929878350055285,0.08414854089488487,0.9209684594593458,False,False,True,0.46446164672765666,325.62,343.0,0.055100916307830455,25244.8
USA,-0.7380881360659699,0.3379057659579183,-0.825433829512644,-0.7125988049986962,2.3094881178799276,0.37246817752423,-0.794355647657609,-0.3879750780472322,-0.3531079413491937,-0.05692182489986023,0.11619716524262813,0.2685925149379683,-0.874600431709405,-0.061955381449045874,0.39252402209663595,-0.17316240781059977,0.4987220279939968,0.3326574902086182,0.13691336733900084,3.856554922857429,-1.900140196364408,1.744671337413594,False,False,False,1.0186092066601373,649.2,249.5,0.5666194483793018,40019.8
Ecuador,-0.041975586725245775,-0.3232107055267082,-0.825433829512644,0.33534061411703364,0.8583488669343243,0.44557282473212595,-0.14394513748083673,0.08011333125147345,-0.9198943640605799,-0.1146811601610072,-0.11640392176441236,-0.09920984785997063,-0.874600431709405,-0.6659825988761549,-0.35308935883829945,0.3542357885668618,-0.410893586950977,-0.22790757504250128,-0.16133673699381332,-0.25929878350055285,0.30462506725702876,1.4014618049326577,False,True,False,1.1384111384111384,594.72,171.5,0.22726239716376528,26856.899999999998
Peru,1.5590832767584197,-0.48983355606348356,-0.825433829512644,0.8593103236748986,0.13277924146152273,-0.590076344046399,-0.8501051199584753,0.5950105814800497,-0.3531079413491937,-1.4431458711673923,-0.8142071827855332,-1.3574810890108107,-0.14515887065068514,-0.5382076105742665,-0.1873974964083138,-1.40375819935801,-0.6635645911023587,-0.42486286823883995,-1.3874760548064966,-0.25929878350055285,-0.1730740731942828,0.3718332074898472,False,True,False,0.7009021512838307,353.52000000000004,125.33333333333333,0.0999977778271594,26996.8
France,-1.5038119403407666,1.494859591056014,1.3479043208629324,-1.2365685145565612,-0.5927903840112789,1.718812096936313,1.4170400869434174,-0.45818833944203813,0.7804649040735786,1.1849038832148042,0.6201661870912152,1.991456214359886,1.3137242514667546,1.1499710227476536,0.8067536781716,1.4090321813217848,1.4083376429389707,1.3325843633592631,2.108677945983721,-0.25929878350055285,-0.20982016092130662,0.7836846464669709,False,False,True,2.250252270433905,989.4100000000001,162.4,8.591408591408593,72349.2
Saudi Arabia,0.7933594724836233,-0.9157968110647574,-0.39076619943752866,1.3832800332327635,-1.3183600094840806,-1.6074493510229497,-1.1846019537636727,2.046084650306038,-0.9198943640605799,-1.4431458711673923,-0.1810153348219236,-0.48637022975253674,-0.14515887065068514,-0.948636360877302,-1.430086464633206,-1.2279588005655229,-0.8151671935931876,-0.9854279334899594,-1.453753855769343,-0.25929878350055285,2.288913804516322,-0.7264372964491506,False,False,False,0.4027171276079573,326.88,90.0,0.12352577865356902,20601.0
Belgium,-1.086144410736332,0.36478041927030147,1.3479043208629324,-0.1886290954408313,-1.3183600094840806,0.9633974091213889,0.5250485301295581,-0.27095297572255567,0.7804649040735786,0.11635618088358118,-0.2843935957139416,1.2752095078586407,0.5842826904080348,1.014452095760802,0.39252402209663595,-0.34896180660308695,0.4987220279939968,0.1205517898433301,0.7002746755232072,-0.25929878350055285,0.708832032254292,0.5091170204822221,False,False,True,1.6339869281045751,664.02,194.25,0.9712898157406085,66355.8
Uruguay,-0.5292543712637527,1.009100232434687,1.3479043208629324,-1.2365685145565612,-0.5927903840112789,0.5795980112799352,0.09763590915625042,-1.1135121124602263,0.7804649040735786,1.0693852126925099,0.7364667305947353,0.36538261041110986,-0.14515887065068514,0.10841126962013871,0.22683215966665032,-0.17316240781059977,0.44818782716372063,1.2265315131766186,1.1642192822631405,-0.25929878350055285,-0.650773213645594,0.4404751139860346,False,True,False,2.137834036568214,954.0,181.0,0.44663689087394176,43820.1
England,-1.2253669206044768,1.3840016461424334,0.9132366907878172,-1.2365685145565612,0.13277924146152273,1.5177743171145992,2.3276148011908995,-0.9496811692056791,0.7804649040735786,1.531459894781687,0.9949123828247803,1.5268637560888083,0.5842826904080348,1.35131342855669,0.4753699533116288,0.7058345861518361,1.8631454504114577,1.6355925067382464,1.9429834435766014,-0.25929878350055285,-0.35680451182940254,-0.45186967046440096,False,False,True,3.4827144686299616,1097.25,216.0,1.899620075984803,74908.8
South Korea,-0.18119809659339062,-0.9144530783991379,0.47856906071270194,-0.7125988049986962,0.13277924146152273,0.2079827213064648,0.19055169632436086,-0.060313191538138404,0.7804649040735786,-0.6056355098807585,0.10327488263112587,0.3073085531272255,0.5842826904080348,-0.3988167142449336,-0.10455156519332098,0.530035187359349,0.3471194255031679,-0.5612165327593822,-0.9566703485479852,-0.25929878350055285,1.7009764008839383,-0.3145858574720261,False,False,False,1.352282515073213,486.82,103.0,0.32498375081245934,33124.8
Senegal,0.027635668208826642,0.06512803483722825,-0.39076619943752866,-0.7125988049986962,1.583918492407126,-0.3890385642246851,0.35780011322695926,-0.3177618166524263,0.7804649040735786,0.3473935219281701,0.23249770874614836,-0.5638023061310483,-0.874600431709405,0.11615520830510165,-0.35308935883829945,-0.7005606041880613,-0.15822258279959536,0.1205517898433301,-0.7081285949373063,-0.25929878350055285,0.7455781199813158,-1.618782080899586,True,False,False,1.5794481446241675,706.1800000000001,272.5,0.2391200382592061,41365.5
Saudi Arabia,0.44530319781326116,-1.251729977469547,-0.825433829512644,0.8593103236748986,0.13277924146152273,-1.4307797869372016,-0.5899409158877664,0.9460768884540793,-1.486680786771966,-0.40347783646674307,-0.19393761743342586,-1.3187650508215534,-0.874600431709405,-1.1190030119464867,-1.2643946022032206,-0.5247612053955741,-0.5624961894418059,-1.5308425915721295,-1.85142066154643,-0.25929878350055285,2.3991520676973934,-0.04001823148727724,False,False,False,0.7228158390949089,451.44,113.0,0.16206337712492672,16272.0
Spain,-1.5038119403407666,1.5009063880512994,1.3479043208629324,-1.2365685145565612,-0.5927903840112789,1.0974225956691974,2.439113745792631,-1.4177695785043851,0.7804649040735786,1.87801590634857,0.6201661870912152,1.9527401761706316,1.3137242514667546,2.5283921086710563,0.6410618157416145,0.1784363897743746,0.801927232975655,1.1507794773318727,1.081372031059581,-0.25929878350055285,-0.7610114768266658,-0.3145858574720261,False,False,True,4.784853700516351,1112.6499999999999,233.6,7.392607392607394,103835.20000000001
France,-1.1557556656704044,1.656779377263122,1.7825719509380478,-0.7125988049986962,-1.3183600094840806,1.5543266407185472,1.0453769382709757,-0.5518060213017794,1.914037749496351,1.9935345768708648,0.9690678176017758,1.5849378133726926,2.0431658125254746,0.7589021191570253,0.8067536781716,1.9364303776992462,1.9136796512417338,0.5447631905739062,0.8328302774489021,-0.25929878350055285,-0.1363279854672587,0.7150427399707835,False,False,True,2.1345951629863302,1060.0500000000002,118.5,1.5997333777703715,61857.0
Ukraine,1.4894720218243473,-0.45288090775895673,-0.39076619943752866,1.9072497427906285,-1.3183600094840806,-1.2967546003893924,-0.44127565641878974,1.3907608772878497,-0.9198943640605799,-1.1832288624922302,-1.563699574252663,-0.718666458888077,-1.604041992768125,-0.716318200328414,-1.430086464633206,-0.34896180660308695,-0.5119619886115298,-1.591444220247926,-1.0892259504736825,-0.25929878350055285,-0.1363279854672587,-0.10866013798346465,False,False,True,0.690623245367771,335.34,330.0,0.10908842980841345,24782.999999999996
Serbia,0.8629707274176956,-0.29969538387837297,-0.825433829512644,-0.1886290954408313,1.583918492407126,-0.16363256866700623,0.2648843260588492,-0.7390413850212616,-0.9198943640605799,-0.2590794983138751,0.37464281747267314,-0.09920984785997063,-0.14515887065068514,-0.46851216240960003,-0.7673190149132636,0.7058345861518361,-0.46142778778125315,-0.015801874677213213,-0.4927257418080518,-0.25929878350055285,-0.4670427750104743,0.5777589269784095,False,False,True,1.8484500574052813,585.34,131.33333333333334,0.13999600011428248,30850.199999999997
Portugal,-0.3204206064615354,0.12492413845728141,0.9132366907878172,-0.7125988049986962,-0.5927903840112789,1.0730543799332322,1.3241242997753075,-0.45818833944203813,1.3472513267849648,1.2715428861065252,1.1629020567743096,1.100987336006985,1.3137242514667546,0.5885354680878407,0.8895996093865929,0.7058345861518361,0.4987220279939968,0.6659664479254991,0.40202457119039064,-0.25929878350055285,-0.650773213645594,0.9896103659555332,False,False,True,2.199798183652876,934.58,133.4,0.3777567912893728,56361.5
Paraguay,0.3756919428791887,-0.5986759019786357,-1.6947690896628744,1.9072497427906285,0.13277924146152273,-1.869407670184577,-1.1474356388964284,1.9290625479813608,-0.3531079413491937,-0.9233118538170678,-1.6024664220871696,-1.241332974443039,-1.604041992768125,-0.6698545682186363,-0.6844730836982708,-1.0521594017730356,-1.5226460052170563,-1.6520458489237224,-0.5590035427709005,-0.25929878350055285,0.15764071634893284,1.264177991940283,False,True,False,0.42267528592739934,369.0,342.0,0.09999642869897503,24760.800000000003
England,-1.1557556656704044,1.8885732620824267,0.9132366907878172,-0.7125988049986962,-0.5927903840112789,1.5969710182564865,1.4542064018106617,-0.5752104417667147,1.914037749496351,1.2715428861065252,1.3050471655008336,0.9074071450607019,2.0431658125254746,2.601959526178204,1.4695211278915428,2.288029175284221,1.2062008396178652,1.7416453569208898,1.0482331305781567,-0.25929878350055285,-0.724265389099642,0.09726558150509758,False,False,True,2.3910733262486716,1052.44,197.83333333333334,1.3664389268455255,99114.5
Switzerland,0.5149144527473336,-0.3265700371907561,0.47856906071270194,0.8593103236748986,-1.3183600094840806,0.48212514833607395,-0.1811114523480805,0.4779884791553732,-0.3531079413491937,-0.7500338480336264,0.5813993392567084,0.404098648600367,-0.14515887065068514,-0.6892144149310436,0.06114029723666467,0.8816339849443233,-0.46142778778125315,-0.4551636825767387,-0.7246980451780197,-0.25929878350055285,-0.6140271259185699,-0.17730204447965206,False,False,True,0.9849029475197701,469.43999999999994,112.33333333333333,0.16332788907036433,27263.300000000003
Portugal,-0.9469219008681872,0.7215414419921874,0.043901430637586634,-0.1886290954408313,0.13277924146152273,0.5613218494779613,-0.12536198004721463,-0.5518060213017794,0.21367848136219245,1.0693852126925099,-0.23270446526793262,1.2558514887640109,0.5842826904080348,0.6195112228276924,0.5582158845266216,0.1784363897743746,-0.10768838196931922,0.7265680766012966,1.081372031059581,-0.25929878350055285,-0.1730740731942828,0.4404751139860346,False,False,True,1.4721345951629863,901.5300000000001,168.75,0.6221530941006554,57577.5
Portugal,-0.8076993910000424,0.4810132948463584,1.3479043208629324,-1.2365685145565612,-0.5927903840112789,0.5613218494779613,0.33921695579333716,-0.3645706575822969,-0.3531079413491937,0.8094682040173473,0.6072439044797129,0.7331849732090461,-0.14515887065068514,0.6930786403348403,0.06114029723666467,-0.7005606041880613,0.8524614338059312,0.6205152264186521,1.1642192822631405,-0.25929878350055285,-0.43029668728345016,-0.3145858574720261,False,False,True,1.600387972841901,840.0,231.33333333333334,0.6817562039814563,57324.399999999994
Brazil,-1.4342006854066942,1.949041232035289,0.47856906071270194,-1.760538224114426,1.583918492407126,1.420301454170738,1.62145481871326,-0.622019282696585,1.914037749496351,0.8094682040173473,1.9123944482414394,1.449431679710294,2.0431658125254746,1.4984482635709857,0.5582158845266216,2.1122297764917333,2.0652822537325632,2.377962458016754,1.1642192822631405,-0.25929878350055285,0.30462506725702876,0.8523265529631584,False,True,False,2.54071661237785,1013.9999999999999,150.33333333333334,4.94752623688156,77842.59999999999
Qatar,1.5590832767584197,-0.4750524967416725,-0.825433829512644,0.8593103236748986,0.13277924146152273,-1.3393989779273316,-1.6120145747369803,0.7120326838047263,-1.486680786771966,-1.4142662035368188,-0.8658963132315421,-0.6025183443203055,-0.14515887065068514,-1.0260757477269313,-1.5957783270631918,0.0026369909818874074,-1.2194408002353982,-1.758098699106367,-0.2773228886787973,-0.25929878350055285,2.4358981554244172,0.23454939449747242,False,False,False,0.4024144869215292,294.19,83.33333333333333,0.07555387658052043,18925.0
Peru,0.5149144527473336,-0.7149087775546926,-1.6947690896628744,0.33534061411703364,2.3094881178799276,-0.46823526536657234,-1.2775177409317828,2.0694890707709725,-1.486680786771966,-1.2987475330145244,-1.3310984872456224,-1.6284933563356052,-1.604041992768125,-0.9292765141648947,-0.35308935883829945,-0.7005606041880613,-1.7753170093684378,-1.7429482919374175,-0.6418507939744601,-0.25929878350055285,-0.35680451182940254,0.3718332074898472,False,True,False,0.37662964751327865,311.08,275.0,0.07666411119629345,19360.0
Austria,0.2364694330110439,0.03489404986079718,-0.825433829512644,0.33534061411703364,0.8583488669343243,0.16533834376852552,-0.16252829491445883,-0.5518060213017794,0.7804649040735786,-0.6633948451419055,-0.11640392176441236,0.38474062950573706,-0.874600431709405,-0.4917439784644888,0.6410618157416145,-0.7005606041880613,-1.5226460052170563,0.3175070830396688,-0.7412674954187307,-0.25929878350055285,0.15764071634893284,0.23454939449747242,False,False,True,1.451104100946372,534.6,194.0,0.10768816583977538,31350.399999999998
England,-1.0165331558022597,1.2234255926009434,0.9132366907878172,-1.760538224114426,0.8583488669343243,1.956402200361974,1.8444527079167252,-1.0198944306004851,1.914037749496351,1.0693852126925099,1.9770058612989505,1.5462217751834355,0.5842826904080348,2.551623924725945,0.6410618157416145,0.1784363897743746,2.0652822537325632,1.832547799934585,1.097941481300292,-0.25929878350055285,0.2311328918029808,0.9896103659555332,False,False,True,3.2756324900133156,1017.6,293.5,1.237345331833521,101903.2
USA,0.16685817807697148,0.3896394735842562,0.47856906071270194,0.33534061411703364,-1.3183600094840806,-0.49260348110253765,-0.8315219625248532,-0.20073971432774973,-0.9198943640605799,-0.547876174619611,-0.25854903049093714,-0.7573824970773314,-1.604041992768125,-0.6621106295336734,-0.5187812212682851,-0.8763600029805485,-0.30982518529042424,0.3023566758707194,0.3688856707089687,3.856554922857429,-2.0838706349995277,2.36244849587928,False,False,False,0.9264305177111717,555.1700000000001,344.0,0.2079916803327867,25765.600000000002
Croatia,-1.1557556656704044,0.6046367000833216,0.47856906071270194,-0.1886290954408313,-0.5927903840112789,0.7562675753656838,0.2834674834924713,-0.060313191538138404,0.21367848136219245,0.4340325248198905,0.6072439044797129,0.6557528968305344,-0.14515887065068514,0.20133853383969394,1.2209833342465641,1.4090321813217848,-0.15822258279959536,1.0447266271492281,0.8825386281710375,-0.25929878350055285,0.5251015936191723,0.8523265529631584,False,False,True,1.3953488372093026,805.56,189.0,0.9165139143476086,46607.4
Australia,0.44530319781326116,-0.8210636581386058,-0.39076619943752866,0.33534061411703364,0.13277924146152273,-0.6814571530562689,-0.497025128719656,-0.41137949851216754,0.7804649040735786,-0.8077931832947733,-0.2068599000449281,0.09437034308631245,0.5842826904080348,-0.8866848513975986,-0.6844730836982708,0.0026369909818874074,0.3471194255031679,-0.13700513202880607,0.05406611613544121,-0.25929878350055285,1.0762929095245315,-1.8933497068843355,False,False,False,1.1869436201780417,479.40000000000003,71.5,0.22413020240681356,22679.8
Poland,0.3756919428791887,-0.5193956747071057,0.043901430637586634,0.33534061411703364,-0.5927903840112789,-0.017423274251214347,-0.47844197128603394,0.5716061610151144,0.21367848136219245,-0.692274512772479,0.2454199913576506,-0.0024197523868290886,-0.874600431709405,-1.0028439316720426,-0.1873974964083138,0.7058345861518361,0.24605102384261515,-0.8793750833073148,-0.5921424432523248,-0.25929878350055285,-0.5037888627374981,0.23454939449747242,False,False,True,0.8455625436757513,451.78000000000003,128.0,0.22499196457269383,20172.8
Mexico,-0.4596431163296803,-0.2849143245565619,0.47856906071270194,-0.1886290954408313,-0.5927903840112789,0.13487807409856886,0.19055169632436086,-0.692232544091391,-0.9198943640605799,0.37627318955874356,0.07743031740812138,-0.2927900388062537,-0.14515887065068514,-0.9099166674524873,0.30967809088164316,-0.7005606041880613,-0.9162355952537403,-0.42486286823883995,0.418594021431104,3.856554922857429,-1.7164097577292883,0.8523265529631584,False,False,False,1.7620650953984287,662.85,93.33333333333333,0.24998437597650144,21644.0
Portugal,-0.4596431163296803,0.012050594545272407,0.043901430637586634,-0.7125988049986962,0.8583488669343243,1.030410002395293,0.5622148449968022,-0.08371761200307372,1.3472513267849648,0.3473935219281701,0.7106221653717308,1.3913576224264095,-0.14515887065068514,-0.19747430843589725,0.39252402209663595,0.8816339849443233,0.3471194255031679,0.3175070830396688,1.213927632985276,-0.25929878350055285,-0.2833123363753546,-0.3145858574720261,False,False,True,1.5377932232841012,723.6,154.66666666666666,0.40622461096181484,39904.0
Turkey,1.1414157471539854,-1.5507104955698097,-1.2601014595877593,1.9072497427906285,-0.5927903840112789,-1.6074493510229497,-1.4075998429671375,1.4609741386826556,-0.3531079413491937,-0.8077931832947733,-1.5507772916411606,-0.3508640960901381,-0.14515887065068514,-0.8944287900825615,-1.8443161207081704,-1.40375819935801,-1.3205092018959508,-0.6521189757730774,-0.774406395900155,-0.25929878350055285,0.2311328918029808,-0.795079202945338,False,False,True,0.3920485919381557,447.44000000000005,94.66666666666667,0.08204917822619934,21868.0
Spain,-1.5038119403407666,1.5754835509931635,1.3479043208629324,-1.760538224114426,0.13277924146152273,0.8781086540455103,1.7329537633149925,-1.8156447264082851,1.3472513267849648,1.791376903456849,1.072446078493794,1.2171354505747536,0.5842826904080348,1.2003066241999127,0.8895996093865929,2.288029175284221,1.256735040448142,2.1810071648204152,1.2470665334667002,-0.25929878350055285,0.6353398568002444,-1.0010049224339,False,False,True,5.839416058394161,1219.9199999999998,206.25,8.291708291708293,70207.5
Uruguay,-0.39003186139560786,0.5562623241210316,0.47856906071270194,-0.1886290954408313,-0.5927903840112789,0.7501755214316924,0.9338779936692436,-0.15393087339787911,0.21367848136219245,1.2137835508453771,0.7493890132062376,0.558962801357393,1.3137242514667546,0.027099913428027884,1.303829265461557,0.8816339849443233,0.5997904296545495,-0.09155391052195902,1.0482331305781567,-0.25929878350055285,-0.35680451182940254,0.23454939449747242,False,True,False,1.7573595004460303,841.3199999999999,104.4,0.41174048585377326,42647.4
Denmark,0.584525707681406,-0.030948850754541273,0.47856906071270194,-0.7125988049986962,0.13277924146152273,-0.7180094766602165,-0.44127565641878974,-0.24754855525762037,-0.9198943640605799,-0.8655525185559209,-0.8529740306200398,-0.5444442870364211,-0.874600431709405,0.03484385211299082,0.06114029723666467,-1.0521594017730356,-0.15822258279959536,0.3326574902086182,0.3523162204682554,-0.25929878350055285,-0.5405349504645223,-0.9323630159377124,False,False,True,1.1378353376503239,497.71999999999997,262.0,0.17741363181832842,39824.0
Portugal,-0.8773106459341148,0.8364305849026263,1.3479043208629324,-0.7125988049986962,-1.3183600094840806,0.7197152517617358,1.3612906146425516,-0.692232544091391,0.7804649040735786,1.358181888998245,1.3696585785583448,1.1203453551016123,-0.14515887065068514,0.7705180271844697,1.2209833342465641,1.0574333837368104,0.8524614338059312,-0.030952281846161514,-0.02878113506811841,-0.25929878350055285,-0.35680451182940254,-0.795079202945338,False,False,True,2.469135802469136,873.73,238.0,0.7499250074992501,60404.399999999994
Senegal,0.16685817807697148,-0.5630669863397283,-0.39076619943752866,0.33534061411703364,0.13277924146152273,0.22016682917444746,-0.6642735456222544,-0.7390413850212616,0.21367848136219245,0.0874765132530077,-0.5428392479439859,0.3073085531272255,-0.14515887065068514,-0.5382076105742665,-0.4359352900532923,-0.8763600029805485,-1.5226460052170563,0.13570219701227842,-0.9069619978258499,-0.25929878350055285,0.4516094181651247,-1.7560658938919607,True,False,False,1.2743972445464984,660.0,125.33333333333333,0.11199552017919281,30230.4
Senegal,-0.11158684165931819,-0.029605118088921807,-0.825433829512644,-0.1886290954408313,1.583918492407126,-0.09661997539310162,-0.3855261841179235,-0.692232544091391,-0.3531079413491937,0.26075451903644914,-0.4394609870519679,-0.3121480579008809,0.5842826904080348,-0.12777886027123084,-0.7673190149132636,-0.7005606041880613,-0.8151671935931876,-0.7278710116178232,0.551149623356799,-0.25929878350055285,0.08414854089488487,-2.3052011458614596,True,False,False,1.4141414141414141,617.01,120.5,0.19999047664396932,37210.4
Honduras,0.44530319781326116,-0.7780642128387937,-0.39076619943752866,0.33534061411703364,0.13277924146152273,-1.4917003262771145,-0.8686882773920974,1.6482095024021377,-1.486680786771966,-0.7500338480336264,-0.2068599000449281,-1.6284933563356052,-1.604041992768125,-1.064795441151746,-0.9330108773432493,-0.17316240781059977,-0.46142778778125315,-1.1975336338552474,-1.420614955287921,-0.25929878350055285,-1.7899019331833363,1.264177991940283,False,False,False,0.5288207297726072,422.4,240.0,0.1689596910451364,16896.0
Belgium,-0.8773106459341148,0.528043938143029,1.3479043208629324,-1.2365685145565612,-0.5927903840112789,0.1836145055704995,1.3241242997753075,-0.8560634873459382,0.21367848136219245,1.0405055450619363,0.36172053486117084,1.0622712978177278,1.3137242514667546,-0.22070612449078605,0.4753699533116288,1.584831580114272,0.04391422052151012,0.8477713339528895,1.2470665334667002,-0.25929878350055285,0.08414854089488487,-0.10866013798346465,False,False,True,2.6552984165651647,908.5,91.6,0.5899410058994101,38609.4
China,1.4894720218243473,-1.1005600525873918,-1.6947690896628744,1.9072497427906285,0.13277924146152273,-1.9303282095244898,-0.7571893327903648,0.9694813089190147,-1.486680786771966,-1.3853865359062452,-0.6849843566705106,-0.854172592550473,-0.874600431709405,-1.0415636250968572,-1.2643946022032206,-0.8763600029805485,-1.7753170093684378,-1.4399401485584342,-1.437184405528632,-0.25929878350055285,1.7744685763379866,-1.8933497068843355,False,False,False,0.6620861961274204,313.76,123.0,0.05227153928319811,18302.4
Sweden,-0.11158684165931819,0.17598597975080882,-0.825433829512644,0.8593103236748986,0.13277924146152273,0.32982379998629074,-0.25544408208256886,0.19713543357615,-0.9198943640605799,-0.08580149253043372,-0.7108289218935151,-0.8928886307397301,0.5842826904080348,0.030971882770509353,-0.10455156519332098,-0.8763600029805485,-0.6130303902720825,0.18115341851912656,-0.17790618723452667,-0.25929878350055285,0.5618476813461961,-0.04001823148727724,False,False,True,1.0464201416207712,631.89,130.75,0.21903718870529973,38806.6
Netherlands,-0.4596431163296803,0.5777620467709383,1.3479043208629324,-0.7125988049986962,-1.3183600094840806,0.9451212473194149,0.9524611511028657,-1.0667032715303557,0.21367848136219245,0.05859684562243422,-0.2714713131024394,0.24923449584333834,1.3137242514667546,0.7046945483622847,0.30967809088164316,1.584831580114272,1.0545982371270366,1.0144258128113304,-0.09505893603096705,-0.25929878350055285,-0.06283581001321072,-0.45186967046440096,False,False,True,2.708618331053352,726.64,139.4,0.4937191425535904,55829.7
Senegal,-0.5988656261978251,-0.40988146245914303,0.043901430637586634,-0.1886290954408313,0.13277924146152273,-0.14535640686503226,0.22771801119160504,-0.24754855525762037,0.7804649040735786,-0.692274512772479,-0.9046631610660488,0.1330863812755696,-0.14515887065068514,-0.8634530353427097,0.30967809088164316,-1.2279588005655229,-0.0066199803087664795,0.10540138267438073,0.2528995190239848,-0.25929878350055285,1.4070076990677471,-1.824707800388148,True,False,False,1.4708603145235895,515.48,97.33333333333333,0.41425612456253125,23214.0
Ecuador,0.6541369626154784,-0.4293655861106214,0.043901430637586634,0.8593103236748986,-1.3183600094840806,-0.041791489987179666,0.04188643685538416,0.7354371042696616,-0.3531079413491937,-0.3168388335750226,-0.025947943483896622,-0.6412343825095627,-0.874600431709405,-0.8673250046851912,0.6410618157416145,0.8816339849443233,-0.7140987919326348,-0.22790757504250128,0.40202457119039064,-0.25929878350055285,0.010656365440836913,0.028623675008910172,False,True,False,0.9926715522984677,559.4399999999999,145.5,0.13749570325927316,21970.5
Cameroon,0.44530319781326116,-0.7867984751653179,-1.6947690896628744,1.9072497427906285,0.13277924146152273,-0.8824949328779824,-0.7386061753567428,1.250334354498238,-1.486680786771966,-1.3853865359062452,-1.408632182914636,-1.4929872226732093,-0.14515887065068514,-0.534335641231785,-0.8501649461282564,-0.34896180660308695,-1.3710434027262273,-1.2581352625310438,-0.9235314480665633,-0.25929878350055285,1.1497850849785791,-1.9619916133805229,True,False,False,0.621731551423591,322.64000000000004,125.66666666666667,0.10689286576324954,26804.699999999997
France,-1.3645894304726216,1.8019025051499904,0.47856906071270194,-0.7125988049986962,0.13277924146152273,1.8467452295501303,1.6957874484477484,-1.5347916808290614,0.21367848136219245,0.5784308629727585,1.1629020567743096,1.8365920616028601,2.0431658125254746,0.7705180271844697,2.0494426463964923,1.9364303776992462,1.00406403629676,1.2113811060076691,1.213927632985276,-0.25929878350055285,-0.20982016092130662,-0.5891534834567758,False,False,True,4.482109227871939,850.5799999999999,119.0,2.599133622125958,63046.2
Serbia,0.8629707274176956,-0.05849537039973341,-0.825433829512644,0.8593103236748986,0.13277924146152273,-0.00523916638323169,-0.6828567030558765,-0.622019282696585,-0.9198943640605799,0.0008375103612867341,-0.24562674787943486,-0.7960985352665886,0.5842826904080348,-0.13552279895619376,-0.10455156519332098,0.3542357885668618,0.3471194255031679,-0.2733587965493483,-0.6252813437337468,-0.25929878350055285,-0.5037888627374981,0.7150427399707835,False,False,True,1.1943539630836049,611.22,120.0,0.18570897974343592,35856.0
Denmark,0.5149144527473336,-0.3232107055267082,0.043901430637586634,-0.7125988049986962,0.8583488669343243,-0.4560511574985897,-0.27402723951619096,-0.5986148622316497,0.7804649040735786,0.20299518377530215,-0.9175854436775511,-0.7573824970773314,-0.874600431709405,-0.7395500163833028,-0.35308935883829945,-0.8763600029805485,-0.6635645911023587,0.21145423285702422,-0.774406395900155,-0.25929878350055285,0.5985937690732199,0.028623675008910172,False,False,True,1.4178302900107411,687.5699999999999,162.0,0.14999500016666112,24267.600000000002
Peru,1.6286945316924923,-0.42533438811376456,-1.2601014595877593,1.9072497427906285,-0.5927903840112789,-0.876402878943991,-0.9801872219938299,0.24394427450602063,-1.486680786771966,-0.8366728509253468,-1.9126012047632233,-0.9703207071182445,-0.874600431709405,-1.2196742148510047,-1.015856808558242,-1.40375819935801,-1.9269196118592669,-1.7883995134442645,-0.5424340925301872,-0.25929878350055285,0.010656365440836913,0.9896103659555332,False,True,False,0.7281177381874516,372.93000000000006,100.0,0.043477315710528035,14760.0
Belgium,-0.3204206064615354,1.1038333853608386,0.043901430637586634,-1.2365685145565612,1.583918492407126,0.5308615798080045,0.7480464193330231,-0.6454237031615203,1.3472513267849648,0.4340325248198905,0.4134096653071799,0.1137283621809424,0.5842826904080348,0.24780216594947155,1.0552914718165787,1.4090321813217848,0.5492562288242734,1.0750274414871268,0.05406611613544121,-0.25929878350055285,-0.6140271259185699,0.7150427399707835,False,False,True,2.052689352360044,808.3,144.75,0.38331203822009885,45972.600000000006
Qatar,1.7679170415606371,-0.7189399755515494,-0.39076619943752866,0.8593103236748986,-0.5927903840112789,-1.6379096206929065,-1.054519851728318,2.280128854955391,-0.3531079413491937,-1.3276272006450982,-1.31817620463412,-0.38958013427939525,-1.604041992768125,-0.8479651579727838,-0.6844730836982708,-0.8763600029805485,-0.30982518529042424,-1.0308791549968064,-1.1886426519179532,-0.25929878350055285,0.855816383162388,-1.4814982679072113,False,False,False,0.41647385469689957,342.76,296.0,0.1083310764359076,22732.8
Serbia,0.16685817807697148,-0.8264385888010821,-0.39076619943752866,-0.1886290954408313,0.8583488669343243,-0.07834381359112763,-0.6271072307550106,0.12692217218134408,0.21367848136219245,-0.43235750409731705,-0.23270446526793262,0.2879505340325955,-0.14515887065068514,-0.061955381449045874,0.22683215966665032,0.7058345861518361,-0.05715418113904263,0.43871034039126167,-0.6087118934930358,-0.25929878350055285,0.34137115498405257,0.23454939449747242,False,False,True,0.9105560032232071,586.3599999999999,166.33333333333334,0.2279908803647854,40069.7
Croatia,-0.5988656261978251,0.6214333584035611,0.043901430637586634,-0.7125988049986962,0.8583488669343243,0.7197152517617358,0.35780011322695926,-0.13052645293294432,0.21367848136219245,0.7228292011256264,1.020756948047785,0.946123183249959,-0.14515887065068514,0.565303652032952,-0.021705633978328157,1.0574333837368104,-0.05715418113904263,-0.15215553919775546,0.8659691779303265,-0.25929878350055285,-0.4670427750104743,0.5091170204822221,False,False,True,1.4677276746242265,748.2299999999999,220.33333333333334,0.4071137775873152,55325.700000000004
Poland,0.2364694330110439,0.08326842582308719,0.47856906071270194,-0.1886290954408313,-0.5927903840112789,-0.06006765178915365,-0.3669430266843014,0.4779884791553732,-0.3531079413491937,-0.8944321861864943,-0.19393761743342586,-0.8154565543612186,-0.874600431709405,-0.9757401462746723,0.6410618157416145,-1.2279588005655229,0.3471194255031679,0.34780789737756757,0.020927215654016892,-0.25929878350055285,-0.724265389099642,0.7150427399707835,False,False,True,0.9130122214234365,493.22,131.5,0.24999038498519285,19619.8
Serbia,0.6541369626154784,0.3768740132608736,0.043901430637586634,-0.1886290954408313,0.13277924146152273,0.35419201572225606,-0.7014398604894986,-0.3879750780472322,0.21367848136219245,-0.4612371717278905,0.20665314352314387,0.07501232399168524,-0.14515887065068514,-0.6079030587389328,-0.35308935883829945,-0.7005606041880613,-0.6130303902720825,0.19630382568807592,-0.6584202442151711,-0.25929878350055285,-0.1363279854672587,-0.8637211094415254,False,False,True,1.0675808031341822,563.92,119.33333333333333,0.14374550795287647,28353.600000000002
Austria,0.16685817807697148,0.21293862805533567,0.043901430637586634,0.33534061411703364,-0.5927903840112789,0.390744339326204,0.2834674834924713,-0.10712203246800903,-0.3531079413491937,-0.05692182489986023,0.4909433609761926,-0.13792588604922779,0.5842826904080348,-0.09293113618889762,0.22683215966665032,0.7058345861518361,0.3471194255031679,-0.7733222331246713,0.46830237215323933,-0.25929878350055285,0.4148633304381002,0.9896103659555332,False,False,True,1.4198071866783526,561.5999999999999,122.75,0.25998960041598335,38347.1
Ghana,0.44530319781326116,-0.7532051585248389,-0.825433829512644,0.8593103236748986,0.13277924146152273,-1.759750699372733,-0.7386061753567428,0.8758636270592735,-0.3531079413491937,-0.8655525185559209,-0.7625180523395241,-0.699308439793447,-0.14515887065068514,-1.014459839699487,-1.512932395848199,-1.40375819935801,-1.0678381977445692,-0.5157653112525351,-1.5531705572136159,-0.25929878350055285,1.2232772604326274,-1.9619916133805229,True,False,False,0.6854580397181295,446.2,84.33333333333333,0.1275818075238785,19025.600000000002
Sweden,-0.25080935152746303,-0.10216668203235606,0.47856906071270194,-0.7125988049986962,0.13277924146152273,-0.27938159341284147,0.4135495855278255,0.5013928996203085,-0.3531079413491937,-0.8944321861864943,-0.5040724001094792,-0.3315060769955109,-0.874600431709405,-0.8634530353427097,0.14398622845165748,-1.2279588005655229,0.44818782716372063,0.5144623762360074,-0.9401008983072742,-0.25929878350055285,0.34137115498405257,-0.795079202945338,False,False,True,1.206281227694504,503.22999999999996,146.0,0.3526130203673491,22513.199999999997
Turkey,1.7679170415606371,-1.1758090818620632,-1.6947690896628744,1.3832800332327635,0.8583488669343243,-1.7475665915047505,-0.5713577584541444,0.033304490321602834,-0.9198943640605799,-1.0677101919699357,-1.1243419654615872,-1.5123452417678365,-0.874600431709405,-0.7550378937532286,-1.430086464633206,0.0026369909818874074,-1.3710434027262273,-1.6520458489237224,-0.3933090403637812,-0.25929878350055285,-0.6140271259185699,-0.795079202945338,False,False,True,0.9658617818484597,348.5,160.0,0.0645819878752526,22720.0
Poland,0.3756919428791887,-0.8432352471213216,0.47856906071270194,0.8593103236748986,-1.3183600094840806,-0.029607382119197004,-0.7571893327903648,0.08011333125147345,0.21367848136219245,0.0008375103612867341,0.02574118696211238,0.15244440037019683,-0.14515887065068514,-0.4568962543821556,-0.6844730836982708,-0.5247612053955741,-0.36035938612070084,-0.1976067607046025,0.6174274243196476,-0.25929878350055285,0.12089462862190901,-0.5205115769605884,False,False,True,0.8681408681408683,617.3199999999999,132.33333333333334,0.18213635227313307,31601.199999999997
Peru,1.419860766890275,-0.6336129512847342,-1.2601014595877593,1.3832800332327635,0.13277924146152273,-1.5465288116830365,-1.2403514260645387,1.9758713889112314,-0.9198943640605799,-1.4142662035368188,-1.1631088132960938,-1.3187650508215534,-1.604041992768125,-0.9950999929870796,-0.6844730836982708,-1.5795575981504972,-0.6130303902720825,-1.5308425915721295,-1.6691567088986,-0.25929878350055285,-0.9079958277347617,0.7150427399707835,False,True,False,0.3938946331856229,305.14,258.0,0.10697425641264156,18576.0
Sweden,-0.3204206064615354,-0.6174881592973036,-0.39076619943752866,0.33534061411703364,0.13277924146152273,0.061773426890672924,-0.794355647657609,0.7120326838047263,0.21367848136219245,-0.28795916594444915,0.21957542613464612,0.1330863812755696,-0.874600431709405,-0.9447643915348205,-0.9330108773432493,-1.0521594017730356,0.39765362633344403,-0.2885092037182977,-0.6584202442151711,-0.25929878350055285,0.4148633304381002,-0.5891534834567758,False,False,True,0.6975184439973173,560.0,135.5,0.36664629742792065,21544.5
Belgium,-0.3204206064615354,1.1327236376716503,0.043901430637586634,-0.7125988049986962,0.8583488669343243,1.1766192968110847,1.1568758828727082,-0.3411662371173616,-0.3531079413491937,0.49179186008103803,0.6589330349257219,1.294567526953268,0.5842826904080348,1.0105801264183207,0.8067536781716,-0.17316240781059977,-0.2592909844601481,-0.1218547248598567,1.1145109315410053,-0.25929878350055285,-0.2833123363753546,-0.2459439509758387,False,False,True,2.0076849183477425,710.2900000000001,194.0,0.29442808732848175,66348.0
USA,0.7237482175495508,0.19076703907261985,0.47856906071270194,0.8593103236748986,-1.3183600094840806,-0.590076344046399,0.20913485375798296,0.19713543357615,-0.9198943640605799,-0.17244049542215467,0.4909433609761926,0.21051845765408395,0.5842826904080348,-0.534335641231785,-0.6844730836982708,0.0026369909818874074,0.04391422052151012,0.014498939660685543,-0.7246980451780197,3.856554922857429,-1.8266480209103604,1.0582522724517205,False,False,False,1.2431156569630213,603.1999999999999,94.25,0.17878246113754132,30122.300000000003
Senegal,-0.4596431163296803,-1.0219516916486706,0.47856906071270194,-0.7125988049986962,0.13277924146152273,-0.1940928383369629,-0.25544408208256886,0.12692217218134408,0.7804649040735786,-0.6056355098807585,0.2454199913576506,-0.8154565543612186,-0.14515887065068514,-0.6543666908487105,-0.7673190149132636,0.530035187359349,-0.410893586950977,-0.7733222331246713,-0.9235314480665633,-0.25929878350055285,1.2232772604326274,-0.45186967046440096,True,False,False,1.0717163577759872,472.67999999999995,115.33333333333333,0.31248046997062684,25811.6
Nigeria,0.5149144527473336,-0.7814235445028416,-0.825433829512644,1.3832800332327635,-0.5927903840112789,-1.1018088745016699,-1.2775177409317828,2.116297911700843,-1.486680786771966,-1.1254695272310828,-0.5557615305554882,-1.6284933563356052,-0.874600431709405,-0.7860136484930804,-1.8443161207081704,-0.17316240781059977,-1.017303996914293,-1.5459929987410777,-1.6525872586578865,-0.25929878350055285,1.0395468217975077,-2.0306335198767105,True,False,False,0.3730272596843616,346.11000000000007,156.0,0.12666244458518047,21964.800000000003
Argentina,-1.2253669206044768,1.5848896796524967,1.3479043208629324,-1.2365685145565612,-0.5927903840112789,0.817188114705597,0.8781285213683774,-1.3241518966446437,1.3472513267849648,1.5603395624122611,0.46509879575318813,1.9720981952652588,0.5842826904080348,1.1344831453777278,1.2209833342465641,0.8816339849443233,1.9136796512417338,1.999202278793025,2.042400145020872,-0.25929878350055285,-1.0549801786428574,1.0582522724517205,False,True,False,3.1239935587761676,1145.76,202.0,1.9196160767846429,71912.0
Belgium,-0.39003186139560786,0.576418314105319,0.9132366907878172,-0.1886290954408313,-1.3183600094840806,0.3663761235902387,1.0082106234037316,-0.8092546464160675,-0.3531079413491937,0.3473935219281701,1.033679230659287,0.3460245913164799,0.5842826904080348,1.2583861643371346,1.303829265461557,1.2332327825292977,0.2965852246728918,0.8326209267839401,0.2528995190239848,-0.25929878350055285,0.30462506725702876,0.165907488001285,False,False,True,2.390011890606421,769.16,210.0,0.3764484442091642,67704.0
Cameroon,1.8375282964947095,-0.991045840339429,-1.2601014595877593,0.33534061411703364,1.583918492407126,-1.9120520477225162,-0.8501051199584753,1.7652316047268142,-0.3531079413491937,-1.4142662035368188,-1.8738343569287166,-0.9509626880236145,-0.14515887065068514,-0.9757401462746723,-1.430086464633206,-1.40375819935801,-1.6237144068776088,-1.5005417772342307,-1.453753855769343,-0.25929878350055285,0.4148633304381002,-1.2755725484186495,True,False,False,0.5203503348789285,306.59999999999997,87.66666666666667,0.053060141629762664,19435.7
Spain,-1.0165331558022597,1.7011225552285536,1.7825719509380478,-1.2365685145565612,-1.3183600094840806,1.6335233418604345,0.9896274659701099,-0.45818833944203813,1.914037749496351,1.1271445479536573,2.2742183613635025,1.7785180043189757,1.3137242514667546,0.739542272444618,1.2209833342465641,1.0574333837368104,1.4083376429389707,0.8326209267839401,1.213927632985276,-0.25929878350055285,0.5985937690732199,1.0582522724517205,False,False,True,2.0181634712411705,924.1400000000001,141.2,1.0748656417947757,62128.0
England,-1.3645894304726216,1.2503002459133266,1.3479043208629324,-1.2365685145565612,-0.5927903840112789,0.9390291933854236,1.119709568005464,-0.6688281236264557,1.3472513267849648,0.8094682040173473,0.40048738269567763,1.7204439470350914,1.3137242514667546,2.075371695600724,0.22683215966665032,0.3542357885668618,1.256735040448142,1.37803558486611,0.8991080784117483,-0.25929878350055285,-0.6140271259185699,-1.0010049224339,False,False,True,2.297447280799112,915.0,210.2,2.765744751749417,92172.7
South Korea,0.027635668208826642,0.0006288668875092553,0.043901430637586634,0.33534061411703364,-0.5927903840112789,-0.6936412609242512,-0.06961250774634838,0.033304490321602834,-0.3531079413491937,0.11635618088358118,-0.19393761743342586,-0.9122466498343601,-0.14515887065068514,-1.02220377838445,-0.2702434276233066,0.8816339849443233,-0.46142778778125315,-0.5157653112525351,0.07063556637615219,-0.25929878350055285,1.9949451027001301,-1.4128563614110239,False,False,False,1.1906744379683598,611.1,83.66666666666667,0.21303421590365637,18599.1
New Zealand,0.932581982351768,-1.4344776199937512,-1.6947690896628744,0.33534061411703364,2.3094881178799276,-1.2419261149834704,-1.3518503706662712,1.83544486612162,-1.486680786771966,-1.6453035445814075,-1.460321313360645,-1.6284933563356052,-1.604041992768125,-0.8518371273152653,-1.512932395848199,-1.0521594017730356,-0.36035938612070084,-0.5157653112525351,-1.2052121021586641,-0.25929878350055285,2.2521677167892973,-1.2069306419224621,False,False,False,0.37544393708777274,315.25,295.0,0.14166273159078915,20768.0
South Korea,-0.18119809659339062,0.3083436473142962,-0.39076619943752866,0.8593103236748986,-0.5927903840112789,-0.30984186308279815,-0.3111935543834351,-0.29435739618749096,-0.9198943640605799,-0.6633948451419055,-0.00010337826089212129,-0.3702221151847653,-0.874600431709405,-0.06969932013400881,-0.8501649461282564,0.8816339849443233,0.24605102384261515,0.014498939660685543,-0.32703123940093254,-0.25929878350055285,2.546136418605489,-0.2459439509758387,False,False,False,1.2252591894439209,514.8000000000001,248.5,0.3149842507874606,38219.3
Paraguay,0.932581982351768,-0.7915015394949853,-0.825433829512644,0.33534061411703364,0.8583488669343243,-1.1688214677755744,-1.7420966767723347,1.250334354498238,-0.3531079413491937,-0.547876174619611,-0.7754403349510264,-0.718666458888077,-0.874600431709405,-0.6079030587389328,-1.1815486709882277,-0.17316240781059977,-1.017303996914293,-1.1066311908415523,-1.1057954007143935,-0.25929878350055285,0.2678789795300046,0.028623675008910172,False,True,False,0.30796048808832077,459.38000000000005,179.0,0.10555262353823505,26885.8
Jamaica,1.4894720218243473,-0.944687063375569,-1.6947690896628744,1.3832800332327635,0.8583488669343243,-1.2784784385874184,-1.2217682686309166,0.15032659264627937,-1.486680786771966,-0.7211541804030529,-0.2843935957139416,-0.6799504206988198,-1.604041992768125,-0.6311348747938217,-1.3472405334182134,-0.5247612053955741,-0.2592909844601481,-0.591517347097281,-1.7022956093800217,-0.25929878350055285,-2.2676010736346477,2.36244849587928,False,False,False,0.6474820143884893,465.59999999999997,352.0,0.12045180791345651,26505.6
Netherlands,-0.8773106459341148,0.20084503406476356,0.043901430637586634,-1.2365685145565612,1.583918492407126,0.6953470360257704,0.7852127342002669,-0.8326590668810029,0.21367848136219245,1.1271445479536573,1.0078346654362826,0.5008887440735086,-0.14515887065068514,0.3213695834566194,1.1381374030315714,-0.34896180660308695,0.04391422052151012,0.3932591188844146,0.43516347167181496,-0.25929878350055285,-0.6875193013726179,-0.10866013798346465,False,False,True,2.2743682310469313,877.45,199.33333333333334,0.5899410058994101,48677.200000000004
Jamaica,1.0021932372858404,-0.5052864817181035,-1.2601014595877593,0.8593103236748986,0.8583488669343243,-1.6988301600328197,-0.9801872219938299,1.5779962410073323,-0.3531079413491937,-1.1832288624922302,-0.5816060957784926,-1.5510612799570935,-0.874600431709405,-0.9021727287675244,-0.2702434276233066,-1.5795575981504972,-0.30982518529042424,-0.7733222331246713,-0.8406841968630037,-0.25929878350055285,-1.5326793190941685,2.4310904023754674,False,False,False,0.5051047823750672,379.08,141.0,0.14053674225020946,19965.6
Denmark,0.027635668208826642,0.186735841075763,-0.39076619943752866,0.33534061411703364,0.13277924146152273,-0.01133122031722302,-0.08819566517997046,-0.43478391897710283,0.7804649040735786,0.14523584851415466,-0.16809305221042137,-0.5250862679417939,0.5842826904080348,-0.20909021646334167,-0.2702434276233066,-0.8763600029805485,-0.30982518529042424,-0.47031408974568806,-0.2607534384380863,-0.25929878350055285,0.2311328918029808,0.5091170204822221,False,False,True,1.4185814185814187,619.7599999999999,115.25,0.22607712708143124,35082.1
Qatar,0.6541369626154784,-0.6806435945814047,-0.825433829512644,0.8593103236748986,0.13277924146152273,-1.2236499531814964,-0.8315219625248532,2.1631067526307137,-1.486680786771966,-0.634515177511332,-0.19393761743342586,-0.7573824970773314,-1.604041992768125,-0.9176606061374503,-0.6844730836982708,-0.17316240781059977,-0.7140987919326348,-1.7883995134442645,-1.039517599751545,-0.25929878350055285,1.4804998745217948,0.3031913009936598,False,False,False,0.48318332543818104,401.0,278.0,0.13749570325927316,20822.2
Cameroon,0.932581982351768,-0.9991082363331443,-0.39076619943752866,0.33534061411703364,0.13277924146152273,-0.47432731930056365,-1.7235135193387126,1.414165297752785,-1.486680786771966,-1.0965898596005093,-0.9563522915120579,-0.3508640960901381,-0.874600431709405,-0.8557090966577467,-0.6844730836982708,-1.5795575981504972,-1.2194408002353982,-1.6974970704305694,-0.22761453795666198,-0.25929878350055285,1.4070076990677471,-2.099275426372898,True,False,False,0.30150753768844224,341.88000000000005,147.0,0.0944418210605261,22638.0
Croatia,-0.5292543712637527,1.0245531580893086,0.043901430637586634,-0.7125988049986962,0.8583488669343243,0.45775693260010863,0.37638327066058136,-1.1135121124602263,0.21367848136219245,0.26075451903644914,0.19373086091164163,1.2752095078586407,-0.14515887065068514,-0.007747810654305326,0.22683215966665032,0.0026369909818874074,0.5492562288242734,0.37810871171546523,0.08720501661686553,-0.25929878350055285,0.5985937690732199,-0.04001823148727724,False,False,True,2.3488045007032348,712.64,171.0,0.4599693353776415,43810.200000000004
Argentina,-1.1557556656704044,1.1139113803529823,0.47856906071270194,-0.7125988049986962,0.13277924146152273,0.8659245461775277,1.3241242997753075,-1.7220270445485437,1.3472513267849648,1.589219230042834,2.209606948305991,0.8299750686821875,2.0431658125254746,1.7385103628048366,1.1381374030315714,-0.34896180660308695,1.256735040448142,2.256759200665161,1.4790388368366658,-0.25929878350055285,-0.5037888627374981,1.0582522724517205,False,True,False,4.8337028824833705,1182.36,160.66666666666666,1.3831028161973005,80108.4
New Zealand,1.3502495119562026,-0.5529889913475846,-0.39076619943752866,0.33534061411703364,0.13277924146152273,-0.8520346632080257,-1.333267213232649,0.10351775171640876,-1.486680786771966,-1.2409881977533772,-1.1372642480730895,-1.4929872226732093,-0.874600431709405,-0.956380299562265,-1.015856808558242,-1.2279588005655229,-1.017303996914293,-0.8187734546315184,-1.2383510026400883,-0.25929878350055285,2.8033590326946567,-0.9323630159377124,False,False,False,0.6092607636068238,367.35,134.0,0.09047403633246827,19054.8
England,-1.4342006854066942,1.9631504250242895,0.9132366907878172,-1.760538224114426,0.8583488669343243,1.7431803126722782,2.0488674396865676,-1.7220270445485437,1.914037749496351,0.8383478716479209,1.2016689046088163,1.4107156415210367,0.5842826904080348,2.3425375802319457,1.9665967151814996,1.9364303776992462,1.256735040448142,1.2113811060076691,1.1476498320224273,-0.25929878350055285,-0.4670427750104743,-0.6577953899529632,False,False,True,5.698447893569845,904.49,280.0,4.147926036981509,96432.0
New Zealand,1.5590832767584197,-1.5628040895603819,-0.825433829512644,1.3832800332327635,-0.5927903840112789,-1.418595679069219,-1.3704335280998934,1.4375697182177203,-0.9198943640605799,-1.3853865359062452,-0.8529740306200398,-0.8348145734558458,-1.604041992768125,-0.5498235186017109,-1.8443161207081704,-1.0521594017730356,-0.15822258279959536,-1.2126840410241968,-0.9069619978258499,-0.25929878350055285,1.9581990149731063,-0.5205115769605884,False,False,False,0.40533037201554695,324.86,373.0,0.12221950623319483,27788.5
Wales,1.6286945316924923,-1.4270870903328465,-1.6947690896628744,0.33534061411703364,2.3094881178799276,-1.0835327126996959,-1.0173535368610738,1.9290625479813608,-0.3531079413491937,-1.4720255387979662,-1.8609120743172143,-0.6412343825095627,-0.874600431709405,-0.9834840849596352,-0.1873974964083138,-0.5247612053955741,-0.410893586950977,-1.5459929987410777,-1.056087049992258,-0.25929878350055285,-0.24656624864833046,0.5091170204822221,False,False,True,0.4574838388861264,296.07,130.5,0.10869328927632009,19705.5
Ghana,1.419860766890275,-1.644771782163151,-0.39076619943752866,0.8593103236748986,-0.5927903840112789,-1.570897027419002,-1.51909878756887,0.5716061610151144,-0.3531079413491937,-1.2409881977533772,-1.5507772916411606,-1.415555146294695,-0.14515887065068514,-0.948636360877302,-0.5187812212682851,-0.17316240781059977,-1.7753170093684378,-1.6974970704305694,-1.6360178084171755,-0.25929878350055285,1.1865311727056036,-1.0010049224339,True,False,False,0.4542278127183788,321.53000000000003,90.0,0.05348712820632078,19305.0
China,0.584525707681406,-0.6853466589110705,-0.39076619943752866,1.3832800332327635,-1.3183600094840806,-0.6083525058483729,-0.3855261841179235,0.1737310131112147,-0.3531079413491937,-0.7500338480336264,-0.24562674787943486,-1.3574810890108107,-1.604041992768125,-1.0183318090419684,-0.6844730836982708,-0.7005606041880613,-0.5624961894418059,-0.5006149040835858,-0.9732397987886985,-0.25929878350055285,0.5985937690732199,-1.0010049224339,False,False,False,0.999206978588422,466.56,252.0,0.1516080126447534,18093.6
New Zealand,1.3502495119562026,-1.5097266492684245,-0.39076619943752866,1.9072497427906285,-1.3183600094840806,-0.5596160743764422,-0.6271072307550106,0.4545840586904379,-0.9198943640605799,-1.0099508567087887,-0.5816060957784926,-0.9509626880236145,-1.604041992768125,-0.6737265375611178,-0.8501649461282564,-1.0521594017730356,-1.0678381977445692,-0.8339238618004677,-1.2549204528808018,-0.25929878350055285,1.8479607517920342,-1.1382887354262747,False,False,False,0.8182476466328747,403.67999999999995,341.0,0.08809314063950859,25199.9
Qatar,1.9071395514287819,-1.5890068765399545,-1.2601014595877593,0.33534061411703364,1.583918492407126,-0.462143211432581,-0.3297767118170572,0.2673486949709559,-0.9198943640605799,-0.7789135156641999,-0.9692745741235601,-0.8154565543612186,-1.604041992768125,-0.9176606061374503,-0.4359352900532923,-0.34896180660308695,-0.6635645911023587,-1.2581352625310438,-1.321198253843648,-0.25929878350055285,0.8925624708894118,-0.795079202945338,False,False,False,0.9915449654112222,414.2,278.0,0.08999820003599929,20738.8
Uruguay,-0.8773106459341148,1.0211938264252607,0.47856906071270194,-0.7125988049986962,0.13277924146152273,1.0547782181312582,1.1011264105718424,-0.3645706575822969,0.21367848136219245,1.1849038832148042,0.37464281747267314,0.05565430489705528,1.3137242514667546,0.5188400199231743,0.6410618157416145,0.7058345861518361,0.953529835466484,0.3023566758707194,0.8825386281710375,-0.25929878350055285,-0.8712497400077376,1.3328198984364703,False,True,False,1.9980601357904948,878.57,129.8,0.7699230076992302,51335.899999999994
Saudi Arabia,0.7933594724836233,-0.653097074936211,-1.6947690896628744,1.9072497427906285,0.13277924146152273,-0.9616916340198697,-1.1474356388964284,1.5077829796125264,-1.486680786771966,-1.0388305243393623,-0.1810153348219236,-1.3961971272000677,-0.874600431709405,-0.9137886367949688,-0.8501649461282564,-0.5247612053955741,-1.5731802060473326,-1.0914807836726028,-1.5200316567321916,-0.25929878350055285,1.7377224886109628,-0.6577953899529632,False,False,False,0.4642271982523211,384.42,139.5,0.07940942913443723,19976.399999999998
Brazil,-1.2253669206044768,2.0511649146223454,0.9132366907878172,-0.7125988049986962,-0.5927903840112789,1.0060417866593283,1.3798737720761733,-0.7624458054861969,2.480824172207737,2.166812582654306,2.106228687413973,1.0235552596284707,1.3137242514667546,0.79762181258184,0.8067536781716,1.9364303776992462,1.00406403629676,1.6355925067382464,1.8932750928544637,-0.25929878350055285,-1.0549801786428574,1.264177991940283,False,True,False,2.5667828106852495,1235.19,144.2,1.5596880623875224,60636.1
South Korea,0.7237482175495508,-0.8667505687696568,0.043901430637586634,-0.1886290954408313,0.13277924146152273,-0.09052792145911029,-0.27402723951619096,0.6652238428748557,-0.9198943640605799,0.17411551614472867,0.11619716524262813,-0.2927900388062537,0.5842826904080348,-0.4646401930671185,-0.35308935883829945,-0.17316240781059977,-0.46142778778125315,0.49931196906705916,-0.5424340925301872,-0.25929878350055285,0.855816383162388,-1.6874239873957735,False,False,False,0.8973487423521416,706.5600000000001,98.75,0.14848034908033092,30533.5
USA,0.5149144527473336,0.23309461803962306,-0.825433829512644,0.33534061411703364,0.8583488669343243,0.45775693260010863,-0.8501051199584753,0.6652238428748557,0.21367848136219245,-0.6056355098807585,-0.6332952262245016,-0.041135790576086254,0.5842826904080348,-0.3213773273953042,-1.015856808558242,-1.2279588005655229,1.3072692412784184,-0.22790757504250128,-0.21104508771594863,3.856554922857429,-2.047124547272504,2.2251646828869056,False,False,False,0.6866077498300477,509.03999999999996,108.0,0.2799906669777674,33955.2
Austria,0.16685817807697148,-0.7303617032093126,-0.825433829512644,-0.7125988049986962,2.3094881178799276,-0.6327207215843382,-0.1811114523480805,0.38437079729563245,-0.9198943640605799,-0.20132016305272818,0.46509879575318813,-0.15728390514385499,0.5842826904080348,-0.8557090966577467,0.4753699533116288,0.1784363897743746,-0.5119619886115298,-0.8642246761383654,-0.6749896944558844,-0.25929878350055285,-0.1363279854672587,1.0582522724517205,False,False,True,1.0140636565507033,531.3000000000001,73.5,0.19199232030718769,22932.0
Austria,-0.39003186139560786,0.33454643429387043,0.043901430637586634,0.33534061411703364,-0.5927903840112789,-0.08443586752511896,-0.1996946097817026,-0.8794679078108733,0.21367848136219245,-0.4612371717278905,0.14204173046563262,-0.13792588604922779,-0.874600431709405,0.13164308567502753,0.5582158845266216,-1.2279588005655229,0.39765362633344403,-0.04610268901511089,-0.6584202442151711,-0.25929878350055285,0.34137115498405257,0.8523265529631584,False,False,True,1.6769420468557337,546.96,274.5,0.3882124580907005,42876.899999999994
Australia,-0.11158684165931819,0.2122667617225267,0.043901430637586634,-0.1886290954408313,0.13277924146152273,-0.01133122031722302,-0.5156082861532781,0.6418194224099204,0.21367848136219245,-0.7211541804030529,-0.06471479131840337,-0.7380244779827042,0.5842826904080348,-0.08131522816145322,0.5582158845266216,-0.34896180660308695,-0.6635645911023587,0.49931196906705916,-0.5092951920487652,-0.25929878350055285,0.4516094181651247,-0.5891534834567758,False,False,False,0.8145106091718002,535.4399999999999,123.5,0.21427551068996714,37050.0
Costa Rica,1.9071395514287819,-0.6363004166159715,-1.6947690896628744,1.9072497427906285,0.13277924146152273,-0.931231364349913,-0.5899409158877664,1.3907608772878497,-1.486680786771966,-0.8077931832947733,-1.2535647915766088,-0.6218763634149355,-0.14515887065068514,-0.7434219857257842,-0.7673190149132636,-0.7005606041880613,-1.3205092018959508,-0.40971246106989057,-0.757836945659444,-0.25929878350055285,-2.1941088981806,1.8819551504059688,False,False,False,0.6457046603032004,462.48,107.66666666666667,0.06399872002559949,24418.8
Algeria,1.1414157471539854,-1.16640295320273,-0.825433829512644,0.33534061411703364,0.8583488669343243,-0.7545618002641644,-0.7014398604894986,0.618415001944985,-1.486680786771966,-0.8366728509253468,-0.5557615305554882,-1.4542711844839522,-0.14515887065068514,-0.9447643915348205,-1.098702739773235,0.0026369909818874074,-0.20875678362987152,-0.5460661255904339,-0.3933090403637812,-0.25929878350055285,0.4883555058921485,-0.7264372964491506,True,False,False,0.7512060647829085,449.19,90.33333333333333,0.13845798825671138,19322.3
Argentina,-1.5038119403407666,1.7441220005283673,1.7825719509380478,-0.7125988049986962,-1.3183600094840806,1.7066279890683305,0.7480464193330231,-0.9028723282758085,1.914037749496351,0.693949533495053,1.4471922742273584,1.6236538515619499,2.0431658125254746,1.8546694430792807,2.2979804400414707,2.639627972869195,1.5094060445995239,1.9234502429482792,1.793858391410193,-0.25929878350055285,0.2311328918029808,-0.3145858574720261,False,True,False,2.33458177278402,943.1599999999999,165.66666666666666,8.791208791208794,86676.8
Portugal,-0.6684768811318975,0.7390099666452374,1.3479043208629324,-1.2365685145565612,-0.5927903840112789,0.6283344427518658,0.06046959428900625,0.033304490321602834,0.21367848136219245,1.0116258774313622,0.5555547740337039,1.1397033741962421,0.5842826904080348,1.0996354212953945,0.14398622845165748,1.2332327825292977,0.6503246304848257,0.2266046400259736,1.3796221353923952,-0.25929878350055285,0.30462506725702876,-1.0010049224339,False,False,True,1.2489592006661117,838.38,199.75,0.5461118375509576,67675.3
Brazil,-1.1557556656704044,0.8606177728837706,1.7825719509380478,-0.7125988049986962,-1.3183600094840806,1.0791464338672234,2.439113745792631,-1.0667032715303557,2.480824172207737,1.0116258774313622,0.9819901002132781,1.2558514887640109,2.0431658125254746,2.2999459174646497,0.39252402209663595,2.1122297764917333,1.5094060445995239,1.9840518716240767,1.9264139933358881,-0.25929878350055285,-0.2833123363753546,0.8523265529631584,False,True,False,3.8030095759233924,1020.5,184.83333333333334,1.466422262956174,94597.7
Chile,1.3502495119562026,-1.1536374928793476,-0.39076619943752866,1.9072497427906285,-1.3183600094840806,-0.571800182244425,-0.5899409158877664,1.7418271842618789,-1.486680786771966,-1.4720255387979662,-1.1372642480730895,-1.2606909935376691,-1.604041992768125,-1.1654666440562642,-0.6844730836982708,-1.0521594017730356,-1.2699750010656747,-1.0611799693347053,-1.718865059620735,-0.25929878350055285,-0.7610114768266658,0.6464008334745961,False,True,False,0.5955463490419471,318.78999999999996,214.0,0.07856955786766982,15472.199999999999
Senegal,-0.5988656261978251,0.22637595471152724,0.043901430637586634,-0.1886290954408313,0.13277924146152273,0.08004958869264692,-0.5156082861532781,-0.3177618166524263,-0.9198943640605799,-0.8944321861864943,-0.7883626175625287,0.21051845765408395,0.5842826904080348,-0.44140837701222974,-0.6844730836982708,-0.5247612053955741,-0.5624961894418059,-0.591517347097281,-0.7246980451780197,-0.25929878350055285,0.9293085586164356,-1.3442144549148365,True,False,False,1.1322549952426262,436.79999999999995,100.25,0.33569030783515463,32039.9
Paraguay,0.6541369626154784,-1.6971773561222976,-0.825433829512644,1.3832800332327635,-0.5927903840112789,-0.858126717142017,-0.9058545922593415,1.2269299340333026,-1.486680786771966,-1.1543491948616567,-1.8609120743172143,-1.067110802591386,-0.14515887065068514,-1.0415636250968572,-0.2702434276233066,-1.2279588005655229,-1.5226460052170563,-0.3036596108872471,-1.2383510026400883,-0.25929878350055285,-0.8345036522807138,0.09726558150509758,False,True,False,0.5727644652250147,409.17999999999995,82.0,0.08749726571044655,18031.8
Germany,-0.9469219008681872,0.9748350494613991,1.3479043208629324,-0.7125988049986962,-1.3183600094840806,0.3420079078542734,1.2312085126071965,-0.29435739618749096,0.7804649040735786,1.358181888998245,1.033679230659287,0.42345666769499424,0.5842826904080348,-0.18198643106597137,0.39252402209663595,-0.5247612053955741,1.00406403629676,0.21145423285702422,0.3854551209496797,-0.25929878350055285,0.08414854089488487,-0.17730204447965206,False,False,True,2.007540056550424,900.7699999999999,117.0,0.8665703810687702,37908.0
France,-1.0165331558022597,1.1118957813545538,0.9132366907878172,-1.2365685145565612,0.13277924146152273,1.4507617238406945,2.3833642734917655,-0.7624458054861969,0.7804649040735786,2.051293912132012,1.8090161873494213,2.0301722525491432,2.0431658125254746,0.8014937819243214,1.3866751966765498,1.0574333837368104,0.801927232975655,1.2113811060076691,1.230497083225987,-0.25929878350055285,0.08414854089488487,0.23454939449747242,False,False,True,3.1939605110336817,1156.07,120.33333333333333,0.9248843894513187,64474.6
Costa Rica,0.584525707681406,-1.398868704354844,-1.2601014595877593,1.9072497427906285,-0.5927903840112789,-0.8703108250099997,-0.9430209071265857,0.12692217218134408,-0.3531079413491937,-1.7030628798425547,-0.25854903049093714,-1.415555146294695,-1.604041992768125,-0.948636360877302,-1.015856808558242,-1.0521594017730356,-1.017303996914293,-1.3490377055447391,-0.5424340925301872,-0.25929878350055285,-2.120616722726552,1.744671337413594,False,False,False,0.7735697018533442,270.9,270.0,0.12257669107448146,19305.0
Paraguay,0.8629707274176956,-1.5050235849387572,-1.6947690896628744,1.3832800332327635,0.8583488669343243,-0.4316829417626244,-0.3483598692506793,1.8588492865865553,-1.486680786771966,-0.8944321861864943,-1.1114196828500849,-1.5897773181463508,-1.604041992768125,-1.1112590732615237,-1.6786242582781847,-0.5247612053955741,-0.30982518529042424,-0.5157653112525351,-0.21104508771594863,-0.25929878350055285,-0.09958189774023486,0.9896103659555332,False,True,False,0.646138313982837,441.34999999999997,228.0,0.14856718379474873,16096.8
Belgium,-0.4596431163296803,0.977522514792638,0.043901430637586634,-1.2365685145565612,1.583918492407126,0.8902927619134929,0.8781285213683774,-0.6688281236264557,0.7804649040735786,0.7228292011256264,0.4521765131416859,0.6557528968305344,0.5842826904080348,1.1693308694600608,0.22683215966665032,0.7058345861518361,1.2062008396178652,0.6205152264186521,1.0648025808188677,-0.25929878350055285,0.2678789795300046,-0.3145858574720261,False,False,True,2.153163152053274,823.1999999999999,204.25,0.5124679707518279,67157.40000000001
Colombia,-0.7380881360659699,0.47160716618702364,0.47856906071270194,-1.2365685145565612,0.8583488669343243,1.1461590271411282,1.0453769382709757,-0.3411662371173616,1.3472513267849648,1.1849038832148042,0.11619716524262813,0.2879505340325955,1.3137242514667546,0.44914457175850786,0.39252402209663595,1.7606309789067591,1.0545982371270366,0.2266046400259736,1.1310803817817163,-0.25929878350055285,-0.35680451182940254,0.8523265529631584,False,True,False,1.9500480307396733,870.42,126.2,0.6582784767936006,50669.299999999996
England,-1.2253669206044768,1.623186060622643,1.7825719509380478,-0.7125988049986962,-1.3183600094840806,0.9755815169893716,0.9710443085364878,-0.5284016008368441,2.480824172207737,1.3293022213676722,1.62810423078839,1.449431679710294,1.3137242514667546,0.7782619658694326,1.0552914718165787,2.639627972869195,0.8524614338059312,1.832547799934585,1.8767056426137527,-0.25929878350055285,-0.5405349504645223,0.9209684594593458,False,False,True,2.0707596253902185,1075.2,143.2,1.4997000599880024,61790.799999999996
Ivory Coast,1.2806382570221302,-1.347134996728506,-0.39076619943752866,0.33534061411703364,0.13277924146152273,-1.8084871308446637,-0.7014398604894986,0.12692217218134408,-1.486680786771966,-1.5009052064285395,-1.6670778351446809,-1.7059254327141196,-1.604041992768125,-0.782141679150599,-0.1873974964083138,-1.2279588005655229,-0.36035938612070084,-1.4096393342205356,-1.5366011069729026,-0.25929878350055285,0.5985937690732199,-1.2069306419224621,True,False,False,0.8783239323126513,298.2,313.0,0.12438721006804712,21910.0
Belgium,-0.9469219008681872,0.1571737224321409,0.47856906071270194,-1.2365685145565612,0.8583488669343243,0.427296662930152,0.09763590915625042,-0.4815927599069735,0.7804649040735786,0.3185138542975966,0.02574118696211238,0.46217270588425136,0.5842826904080348,0.7589021191570253,0.8895996093865929,0.0026369909818874074,0.8524614338059312,0.7568688909391943,0.8328302774489021,-0.25929878350055285,0.15764071634893284,-0.5205115769605884,False,False,True,1.5494393476044852,756.77,177.75,0.8332407510276636,57733.200000000004
Denmark,-0.39003186139560786,-0.29969538387837297,0.043901430637586634,-0.7125988049986962,0.8583488669343243,0.4151125550621693,-0.23686092464894676,-0.7156369645563263,-0.9198943640605799,0.11635618088358118,0.1678862956886371,0.1137283621809424,-0.14515887065068514,-0.7472939550682657,-0.4359352900532923,-0.17316240781059977,0.04391422052151012,0.5447631905739062,-1.022948149510834,-0.25929878350055285,-0.5772810381915461,0.09726558150509758,False,False,True,1.5209988649262203,699.3,107.33333333333333,0.3470384095053232,25566.800000000003
Argentina,-1.5038119403407666,2.252724814465219,1.7825719509380478,-1.760538224114426,-0.5927903840112789,1.511682263180608,1.6400379761468826,-1.183725373855032,1.914037749496351,0.636190198233906,1.1499797741628073,1.2752095078586407,1.3137242514667546,1.51006417159843,1.8837507839665069,0.530035187359349,1.5094060445995239,2.3931128651857043,1.3464832349109708,-0.25929878350055285,-0.06283581001321072,1.1268941789479079,False,True,False,3.450807635829662,974.8800000000001,181.0,8.791208791208794,77287.0
Chile,1.3502495119562026,-1.3679628530456038,-1.6947690896628744,0.8593103236748986,1.583918492407126,-1.1931896835115399,-0.8129388050912311,0.19713543357615,-1.486680786771966,-1.1832288624922302,-1.2406425089651065,-0.9122466498343601,-0.14515887065068514,-1.1267469506314496,-0.6844730836982708,-0.34896180660308695,-1.2194408002353982,-1.3187368912068402,-1.3543371543250724,-0.25929878350055285,-0.20982016092130662,0.3031913009936598,False,True,False,0.8103855232100708,349.92,74.66666666666667,0.0809504535606295,16598.399999999998
England,-1.2253669206044768,1.3208462108583323,0.9132366907878172,-1.760538224114426,0.8583488669343243,1.4446696699067032,1.8258695504831035,-1.347556317109579,1.914037749496351,1.358181888998245,0.7752335784292421,1.1977774314801264,1.3137242514667546,0.8789331687739508,2.215134508826478,2.639627972869195,1.0545982371270366,0.6508160407565508,1.9098445430951771,-0.25929878350055285,0.6720859445272682,-0.45186967046440096,False,False,True,4.009819967266776,949.78,148.4,1.5796840631873625,63070.0
USA,-0.3204206064615354,-0.1787594439726487,-0.39076619943752866,-0.7125988049986962,1.583918492407126,-0.24282926980889352,0.22771801119160504,-0.17733529386281444,0.7804649040735786,0.17411551614472867,0.20665314352314387,-0.06049380967071346,-0.874600431709405,-0.8711969740276727,-0.2702434276233066,-0.8763600029805485,0.2965852246728918,-0.6218181614351798,-0.3601701398823569,3.856554922857429,-1.6796636700022645,0.9209684594593458,False,False,False,1.4311431143114313,611.84,145.0,0.3555358035664685,22765.0
Austria,0.09724692314289907,-0.7437990298655042,-0.39076619943752866,-0.7125988049986962,1.583918492407126,0.18970655950449083,-0.5527746010205222,-0.036908771073203096,-0.3531079413491937,-0.3168388335750226,-0.14224848698741688,0.36538261041110986,-0.14515887065068514,-0.9176606061374503,-0.021705633978328157,0.7058345861518361,0.4987220279939968,-0.33396042522514474,0.6174274243196476,-0.25929878350055285,0.010656365440836913,-0.3832277639682135,False,False,True,0.9991460290350129,551.67,92.66666666666667,0.2833215282696554,22434.600000000002
Nigeria,1.419860766890275,-1.721364544103442,-1.2601014595877593,0.8593103236748986,0.8583488669343243,-1.759750699372733,-1.3890166855335155,0.5482017405501791,-0.9198943640605799,-1.4431458711673923,-1.3569430524686268,-0.42829617246865237,-0.14515887065068514,-1.2158022455085233,-1.5957783270631918,0.0026369909818874074,-1.5226460052170563,-1.3944889270515861,-1.1720732016772422,-0.25929878350055285,0.08414854089488487,-0.795079202945338,True,False,False,0.5066854327938072,307.44000000000005,67.0,0.06511476477291225,15396.599999999999
Ivory Coast,1.9071395514287819,-0.7283461042108842,-1.6947690896628744,1.3832800332327635,0.8583488669343243,-0.876402878943991,-0.5527746010205222,1.2971431954281085,-0.9198943640605799,-0.6056355098807585,-1.1501865306845915,-0.5444442870364211,-0.874600431709405,-0.5730553346565996,-0.4359352900532923,-0.34896180660308695,-0.9162355952537403,-0.758171825955722,-1.2549204528808018,-0.25929878350055285,1.296769435886675,-1.2069306419224621,True,False,False,0.672027570361861,473.68999999999994,183.5,0.07999840003199936,27892.0
Mexico,0.09724692314289907,-0.95946812269738,-0.825433829512644,0.33534061411703364,0.8583488669343243,-0.5839842901124076,0.4135495855278255,-0.8794679078108733,0.21367848136219245,0.05859684562243422,-0.32316044354844836,-0.38958013427939525,-0.874600431709405,-0.21296218580582313,-0.6016271524832779,-0.34896180660308695,0.04391422052151012,0.49931196906705916,-1.006378699270123,3.856554922857429,-1.7899019331833363,1.264177991940283,False,False,False,2.0838471023427867,684.48,230.0,0.245823090704554,35328.0
Nigeria,0.932581982351768,-1.4391806843234187,-1.2601014595877593,0.8593103236748986,0.8583488669343243,-0.6753650991222775,-1.035936694294696,1.7418271842618789,-0.9198943640605799,-0.634515177511332,-1.563699574252663,-1.3381230699161806,-0.14515887065068514,-0.9176606061374503,-0.4359352900532923,-0.8763600029805485,-1.3205092018959508,-1.5459929987410777,-0.3933090403637812,-0.25929878350055285,0.7823242077083397,-1.8933497068843355,True,False,False,0.4712584153288452,417.0,92.66666666666667,0.08888641982167163,19988.2
England,-1.1557556656704044,2.0988674242518246,1.3479043208629324,-0.7125988049986962,-1.3183600094840806,1.6213392339924517,1.0082106234037316,-0.7156369645563263,1.914037749496351,1.762497235826276,1.6151819481768876,1.85595008069749,1.3137242514667546,1.2003066241999127,1.303829265461557,-0.17316240781059977,0.5997904296545495,1.1659298845008221,1.1642192822631405,-0.25929878350055285,0.15764071634893284,0.8523265529631584,False,False,True,2.28149829738933,1090.68,165.0,1.1664722546242292,72930.0
Colombia,-0.9469219008681872,1.0702400687203597,0.47856906071270194,-0.1886290954408313,-0.5927903840112789,0.9329371394514323,0.9338779936692436,-0.060313191538138404,0.21367848136219245,0.3185138542975966,0.37464281747267314,0.7138269541144188,1.3137242514667546,0.7589021191570253,0.8067536781716,0.530035187359349,-0.10768838196931922,0.28720626870177,0.21976061854256046,-0.25929878350055285,-1.0549801786428574,0.23454939449747242,False,True,False,1.6968130921619295,715.54,142.2,0.6221530941006554,58657.5
Argentina,-1.2253669206044768,1.3235336761895713,0.47856906071270194,-1.2365685145565612,0.8583488669343243,1.274092159754946,1.937368495084835,-1.7454314650134792,0.7804649040735786,1.87801590634857,2.1837623830829864,1.662369889751207,1.3137242514667546,2.5477519553834633,0.8067536781716,1.0574333837368104,1.7620770487509054,0.999275405642381,1.9264139933358881,-0.25929878350055285,0.08414854089488487,0.23454939449747242,False,True,False,5.691609977324262,1093.95,234.6,1.859628074385123,102520.20000000001
Denmark,0.027635668208826642,-0.5758324466631094,-0.825433829512644,0.33534061411703364,0.8583488669343243,-0.5108796429045116,-0.775772490223987,0.10351775171640876,-0.9198943640605799,0.02971717799186073,-0.1810153348219236,-0.2927900388062537,-0.14515887065068514,-0.17037052303852698,-0.5187812212682851,0.530035187359349,-0.5119619886115298,-0.6521189757730774,-0.6584202442151711,-0.25929878350055285,-0.24656624864833046,0.5091170204822221,False,False,True,0.8529650690495534,585.48,157.0,0.20868657884439806,36408.299999999996
Colombia,-0.5988656261978251,0.11887734146199458,0.9132366907878172,-0.1886290954408313,-1.3183600094840806,0.4151125550621693,1.2126253551735748,-0.692232544091391,0.7804649040735786,0.05859684562243422,0.9432232523787714,0.05565430489705528,-0.14515887065068514,-0.05033947342160147,0.8895996093865929,0.1784363897743746,0.801927232975655,0.5902144120807533,0.8825386281710375,-0.25929878350055285,-0.5037888627374981,0.3031913009936598,False,True,False,2.379349046015713,691.92,167.33333333333334,0.5285336761659882,39708.2
Ivory Coast,0.3756919428791887,-1.6649277721474383,-0.825433829512644,1.3832800332327635,-0.5927903840112789,-1.7353824836367677,-1.6863472044714685,1.414165297752785,-0.9198943640605799,-0.9233118538170678,-0.5945283783899948,-1.2994070317269262,-1.604041992768125,-0.5498235186017109,-1.5957783270631918,-1.2279588005655229,-0.9162355952537403,-1.1672328195173487,-0.2773228886787973,-0.25929878350055285,1.3702616113407233,-2.3052011458614596,True,False,False,0.31267448352875493,397.8,373.0,0.14285204099853577,26893.3
Brazil,-1.4342006854066942,2.1203671469017316,1.3479043208629324,-1.760538224114426,0.13277924146152273,1.1461590271411282,0.9152948362356215,-1.6284093626888025,0.21367848136219245,0.7228292011256264,1.2533580350548246,1.0622712978177278,2.0431658125254746,2.427720905766538,1.7180589215365212,-0.34896180660308695,1.7115428479206283,1.6355925067382464,1.628163889003074,-0.25929878350055285,0.19438680407595665,0.09726558150509758,False,True,False,3.9918533604887982,921.6899999999999,190.33333333333334,4.597701149425287,96270.59999999999
Uruguay,-1.2253669206044768,0.11753360879637664,0.47856906071270194,-0.1886290954408313,-0.5927903840112789,0.43948077079813463,0.37638327066058136,-0.013504350608267785,0.7804649040735786,0.2896341866670226,-0.00010337826089212129,0.7912590304929331,0.5842826904080348,0.4723763878133967,0.4753699533116288,-0.5247612053955741,0.7513930321453784,-0.09155391052195902,-0.06192003554954273,-0.25929878350055285,-1.0917262663698815,0.9896103659555332,False,True,False,1.4140558848433533,677.16,159.25,1.4597080583883222,52807.3
USA,0.5149144527473336,0.3708272162655868,0.043901430637586634,-0.7125988049986962,0.8583488669343243,0.33591585392028206,0.24630116862522713,0.5247973200852438,0.21367848136219245,0.0008375103612867341,-0.8400517480085377,0.03629628580242807,0.5842826904080348,-0.782141679150599,-0.4359352900532923,0.8816339849443233,0.4987220279939968,0.09025097550543136,-0.09505893603096705,3.856554922857429,-2.157362810453576,1.8133132439097814,False,False,False,1.1339475549255849,640.5,78.25,0.22665911136295455,24727.0
Ivory Coast,1.7679170415606371,-1.5056954512715677,-1.6947690896628744,1.3832800332327635,0.8583488669343243,-0.9434154722178957,-0.8686882773920974,1.0162901498488852,-1.486680786771966,-0.634515177511332,-1.7316892482021922,-1.570419299051721,-0.874600431709405,-0.5459515492592294,-1.015856808558242,-1.2279588005655229,-1.2194408002353982,-0.5612165327593822,-1.006378699270123,-0.25929878350055285,0.047402453167861056,-1.2069306419224621,True,False,False,0.6169031462060457,482.0,187.0,0.07083185766963189,26441.8
Wales,1.2110270020880578,-1.3081667494255507,-0.825433829512644,1.9072497427906285,-1.3183600094840806,-0.9738757418878523,-1.5748482598697362,0.6652238428748557,-0.3531079413491937,-1.6453035445814075,-0.34900500877145285,-1.6865674136194924,-0.14515887065068514,-0.6427507828212661,-1.1815486709882277,-0.17316240781059977,-0.9162355952537403,-0.5309157184214846,-0.4430173910859165,-0.25929878350055285,0.08414854089488487,-0.45186967046440096,False,False,True,0.42148198504418766,314.59999999999997,116.33333333333333,0.09999750006249844,24464.899999999998
